{"id":"7504fd4e-4ae8-11e9-b480-144f8ac1fca1","name":"官方流程","key":"官方流程pgg","description":"","editorJson":{"modelId":"7504fd4e-4ae8-11e9-b480-144f8ac1fca1","bounds":{"lowerRight":{"x":1200,"y":1050},"upperLeft":{"x":0,"y":0}},"properties":{"process_id":"官方流程pgg","name":"官方流程","documentation":"","process_author":"","process_version":"","process_namespace":"http://www.flowable.org/processdef","process_historylevel":"","isexecutable":true,"dataproperties":"","executionlisteners":"","eventlisteners":"","signaldefinitions":"","messagedefinitions":"","process_potentialstarteruser":"","process_potentialstartergroup":"","iseagerexecutionfetch":"false"},"childShapes":[{"resourceId":"startEvent1","properties":{"overrideid":"","name":"","documentation":"","executionlisteners":"","initiator":"","formkeydefinition":"","formreference":{"id":"ebdf15bc-4ae6-11e9-b480-144f8ac1fca1","name":"test","key":"test"},"formproperties":""},"stencil":{"id":"StartNoneEvent"},"childShapes":[],"outgoing":[{"resourceId":"sid-6CC03F03-1202-4F6E-98A1-AF06A63DF00F"}],"bounds":{"lowerRight":{"x":130,"y":193},"upperLeft":{"x":100,"y":163}},"dockers":[]},{"resourceId":"sid-EB159CA6-00D2-4498-A49F-6D7B88B674F9","properties":{"overrideid":"","name":"cgl","documentation":"","asynchronousdefinition":"false","exclusivedefinition":"false","executionlisteners":"","multiinstance_type":"None","multiinstance_cardinality":"","multiinstance_collection":"","multiinstance_variable":"","multiinstance_condition":"","isforcompensation":"false","usertaskassignment":{"assignment":{"type":"idm","initiatorCanCompleteTask":true,"idm":{"type":"initiator"}}},"formkeydefinition":"","formreference":{"id":"df00ba78-4adf-11e9-b480-144f8ac1fca1","name":"基本信息","key":"基本信息"},"duedatedefinition":"","prioritydefinition":"","formproperties":"","tasklisteners":"","skipexpression":"获取到开始时参数  ${continent}","categorydefinition":""},"stencil":{"id":"UserTask"},"childShapes":[],"outgoing":[{"resourceId":"sid-2C246C79-8253-497F-9D3B-AF681723B215"}],"bounds":{"lowerRight":{"x":280,"y":218},"upperLeft":{"x":180,"y":138}},"dockers":[]},{"resourceId":"sid-6CC03F03-1202-4F6E-98A1-AF06A63DF00F","properties":{"overrideid":"","name":"","documentation":"","conditionsequenceflow":"","executionlisteners":"","defaultflow":"false","skipexpression":""},"stencil":{"id":"SequenceFlow"},"childShapes":[],"outgoing":[{"resourceId":"sid-EB159CA6-00D2-4498-A49F-6D7B88B674F9"}],"bounds":{"lowerRight":{"x":179.5859375,"y":178},"upperLeft":{"x":130.375,"y":178}},"dockers":[{"x":15,"y":15},{"x":50,"y":40}],"target":{"resourceId":"sid-EB159CA6-00D2-4498-A49F-6D7B88B674F9"}},{"resourceId":"sid-49EE7A95-2771-4154-9DA3-2DF5C39570BF","properties":{"overrideid":"","name":"","documentation":"","asynchronousdefinition":"false","exclusivedefinition":"false","sequencefloworder":{"sequenceFlowOrder":["sid-ADC6E372-D936-41D3-8A12-F0D152B09769","sid-DA2CC91D-EF3E-4C05-84ED-6CB2FC4D0620"]}},"stencil":{"id":"ExclusiveGateway"},"childShapes":[],"outgoing":[{"resourceId":"sid-ADC6E372-D936-41D3-8A12-F0D152B09769"},{"resourceId":"sid-DA2CC91D-EF3E-4C05-84ED-6CB2FC4D0620"}],"bounds":{"lowerRight":{"x":360,"y":198},"upperLeft":{"x":320,"y":158}},"dockers":[]},{"resourceId":"sid-2C246C79-8253-497F-9D3B-AF681723B215","properties":{"overrideid":"","name":"","documentation":"","conditionsequenceflow":"","executionlisteners":"","defaultflow":"false","skipexpression":""},"stencil":{"id":"SequenceFlow"},"childShapes":[],"outgoing":[{"resourceId":"sid-49EE7A95-2771-4154-9DA3-2DF5C39570BF"}],"bounds":{"lowerRight":{"x":319.64454148714344,"y":178.40563140944408},"upperLeft":{"x":280.20702101285656,"y":178.22718109055592}},"dockers":[{"x":50,"y":40},{"x":20.5,"y":20.5}],"target":{"resourceId":"sid-49EE7A95-2771-4154-9DA3-2DF5C39570BF"}},{"resourceId":"sid-1C2E4E05-63AB-4391-A8AB-E071B9B18FB1","properties":{"overrideid":"","name":"bsss","documentation":"","asynchronousdefinition":"false","exclusivedefinition":"false","executionlisteners":"","multiinstance_type":"None","multiinstance_cardinality":"","multiinstance_collection":"","multiinstance_variable":"","multiinstance_condition":"","isforcompensation":"false","usertaskassignment":{"assignment":{"type":"idm","initiatorCanCompleteTask":true,"idm":{"type":"initiator"}}},"formkeydefinition":"","formreference":{"id":"79d99a60-4ae9-11e9-b480-144f8ac1fca1","name":"bosss-ref","key":"bos-ref"},"duedatedefinition":"","prioritydefinition":"","formproperties":"","tasklisteners":"","skipexpression":"","categorydefinition":""},"stencil":{"id":"UserTask"},"childShapes":[],"outgoing":[{"resourceId":"sid-0E2B14D7-6846-4302-8A46-C9496B9A822A"}],"bounds":{"lowerRight":{"x":535,"y":95},"upperLeft":{"x":435,"y":15}},"dockers":[]},{"resourceId":"sid-B32637CC-6A60-4591-80A6-1A9AEFF34802","properties":{"overrideid":"","name":"btfb","documentation":"","asynchronousdefinition":"false","exclusivedefinition":"false","executionlisteners":"","multiinstance_type":"None","multiinstance_cardinality":"","multiinstance_collection":"","multiinstance_variable":"","multiinstance_condition":"","isforcompensation":"false","usertaskassignment":{"assignment":{"type":"idm","initiatorCanCompleteTask":true,"idm":{"type":"initiator"}}},"formkeydefinition":"","formreference":{"id":"e5ed4c13-4ae9-11e9-b480-144f8ac1fca1","name":"btfb-ref","key":"btfb-ref"},"duedatedefinition":"","prioritydefinition":"","formproperties":"","tasklisteners":"","skipexpression":"","categorydefinition":""},"stencil":{"id":"UserTask"},"childShapes":[],"outgoing":[{"resourceId":"sid-0D458769-0000-4F86-972E-E1E27F7188A2"}],"bounds":{"lowerRight":{"x":535,"y":305},"upperLeft":{"x":435,"y":225}},"dockers":[]},{"resourceId":"sid-0BB524D5-5CC2-445F-92EA-073DFD7926D2","properties":{"overrideid":"","name":"","documentation":"","asynchronousdefinition":"false","exclusivedefinition":"false","sequencefloworder":""},"stencil":{"id":"ExclusiveGateway"},"childShapes":[],"outgoing":[{"resourceId":"sid-98F01E4B-B2BF-44F6-842F-8F8DD4BCAE93"}],"bounds":{"lowerRight":{"x":655,"y":198},"upperLeft":{"x":615,"y":158}},"dockers":[]},{"resourceId":"sid-0E2B14D7-6846-4302-8A46-C9496B9A822A","properties":{"overrideid":"","name":"","documentation":"","conditionsequenceflow":"","executionlisteners":"","defaultflow":"false","skipexpression":""},"stencil":{"id":"SequenceFlow"},"childShapes":[],"outgoing":[{"resourceId":"sid-0BB524D5-5CC2-445F-92EA-073DFD7926D2"}],"bounds":{"lowerRight":{"x":635,"y":157.78125},"upperLeft":{"x":535.21875,"y":55}},"dockers":[{"x":50,"y":40},{"x":635,"y":55},{"x":20,"y":20}],"target":{"resourceId":"sid-0BB524D5-5CC2-445F-92EA-073DFD7926D2"}},{"resourceId":"sid-0D458769-0000-4F86-972E-E1E27F7188A2","properties":{"overrideid":"","name":"","documentation":"","conditionsequenceflow":"","executionlisteners":"","defaultflow":"false","skipexpression":""},"stencil":{"id":"SequenceFlow"},"childShapes":[],"outgoing":[{"resourceId":"sid-0BB524D5-5CC2-445F-92EA-073DFD7926D2"}],"bounds":{"lowerRight":{"x":635.5,"y":265},"upperLeft":{"x":535.3828125,"y":198.421875}},"dockers":[{"x":50,"y":40},{"x":635.5,"y":265},{"x":20.5,"y":20.5}],"target":{"resourceId":"sid-0BB524D5-5CC2-445F-92EA-073DFD7926D2"}},{"resourceId":"sid-8E3A7779-9736-40AD-A452-DB8F3325F5B7","properties":{"overrideid":"","name":"","documentation":"","executionlisteners":""},"stencil":{"id":"EndNoneEvent"},"childShapes":[],"outgoing":[],"bounds":{"lowerRight":{"x":728,"y":192},"upperLeft":{"x":700,"y":164}},"dockers":[]},{"resourceId":"sid-98F01E4B-B2BF-44F6-842F-8F8DD4BCAE93","properties":{"overrideid":"","name":"","documentation":"","conditionsequenceflow":"","executionlisteners":"","defaultflow":"false","skipexpression":""},"stencil":{"id":"SequenceFlow"},"childShapes":[],"outgoing":[{"resourceId":"sid-8E3A7779-9736-40AD-A452-DB8F3325F5B7"}],"bounds":{"lowerRight":{"x":699.5078327841813,"y":178.376443202447},"upperLeft":{"x":654.8984172158187,"y":178.092306797553}},"dockers":[{"x":20.5,"y":20.5},{"x":14,"y":14}],"target":{"resourceId":"sid-8E3A7779-9736-40AD-A452-DB8F3325F5B7"}},{"resourceId":"sid-DA2CC91D-EF3E-4C05-84ED-6CB2FC4D0620","properties":{"overrideid":"","name":"over 2k","documentation":"","conditionsequenceflow":{"expression":{"type":"static","staticValue":"${money>100}"}},"executionlisteners":"","defaultflow":"false","skipexpression":""},"stencil":{"id":"SequenceFlow"},"childShapes":[],"outgoing":[{"resourceId":"sid-1C2E4E05-63AB-4391-A8AB-E071B9B18FB1"}],"bounds":{"lowerRight":{"x":434.328125,"y":157.23828125},"upperLeft":{"x":340.5,"y":55}},"dockers":[{"x":20.5,"y":20.5},{"x":340.5,"y":55},{"x":50,"y":40}],"target":{"resourceId":"sid-1C2E4E05-63AB-4391-A8AB-E071B9B18FB1"}},{"resourceId":"sid-ADC6E372-D936-41D3-8A12-F0D152B09769","properties":{"overrideid":"","name":"","documentation":"","conditionsequenceflow":{"expression":{"type":"static","staticValue":"${money<100}"}},"executionlisteners":"","defaultflow":"false","skipexpression":""},"stencil":{"id":"SequenceFlow"},"childShapes":[],"outgoing":[{"resourceId":"sid-B32637CC-6A60-4591-80A6-1A9AEFF34802"}],"bounds":{"lowerRight":{"x":434.328125,"y":265},"upperLeft":{"x":340.5,"y":198.421875}},"dockers":[{"x":20.5,"y":20.5},{"x":340.5,"y":265},{"x":50,"y":40}],"target":{"resourceId":"sid-B32637CC-6A60-4591-80A6-1A9AEFF34802"}}],"stencil":{"id":"BPMNDiagram"},"stencilset":{"namespace":"http://b3mn.org/stencilset/bpmn2.0#","url":"../editor/stencilsets/bpmn2.0/bpmn2.0.json"}}}