{"id":"79d99a60-4ae9-11e9-b480-144f8ac1fca1","name":"bosss-ref","key":"bos-ref","description":"","editorJson":{"name":"bosss-ref","key":"bos-ref","version":0,"fields":[{"fieldType":"ExpressionFormField","id":"label","name":"Label","type":"expression","value":null,"required":false,"readOnly":false,"overrideId":false,"placeholder":null,"layout":null,"expression":"金额大于100。开始提交的数据， ${continent}，第二个流程提交的数据${money} ${名字}"},{"fieldType":"FormField","id":"size","name":"size","type":"text","value":null,"required":false,"readOnly":false,"overrideId":false,"placeholder":null,"layout":null}],"outcomes":[]}}