{"id":"e5ed4c13-4ae9-11e9-b480-144f8ac1fca1","name":"btfb-ref","key":"btfb-ref","description":"","editorJson":{"name":"btfb-ref","key":"btfb-ref","version":0,"fields":[{"fieldType":"ExpressionFormField","id":"label","name":"Label","type":"expression","value":null,"required":false,"readOnly":false,"overrideId":false,"placeholder":null,"layout":null,"expression":"金额小于100， 另一种处理${money}"},{"fieldType":"FormField","id":"size2","name":"size2","type":"text","value":null,"required":false,"readOnly":false,"overrideId":false,"placeholder":null,"layout":null}],"outcomes":[]}}