{"id":"df00ba78-4adf-11e9-b480-144f8ac1fca1","name":"基本信息","key":"基本信息","description":"qwe","editorJson":{"name":"基本信息","key":"基本信息","version":0,"fields":[{"fieldType":"FormField","id":"labelllllllllllllllllllllll","name":"Labelllllllllllllllllllllll","type":"headline-with-line","value":null,"required":false,"readOnly":false,"overrideId":false,"placeholder":null,"layout":null},{"fieldType":"FormField","id":"名字","name":"名字","type":"text","value":null,"required":false,"readOnly":false,"overrideId":false,"placeholder":"输入名字","layout":null},{"fieldType":"FormField","id":"money","name":"money","type":"integer","value":null,"required":false,"readOnly":false,"overrideId":false,"placeholder":null,"params":{"minLength":""},"layout":null}],"outcomes":[]}}