/*
 Navicat Premium Data Transfer

 Source Server         : 10.18.9.25
 Source Server Type    : MySQL
 Source Server Version : 50642
 Source Host           : 10.18.9.25:3306
 Source Schema         : flowable

 Target Server Type    : MySQL
 Target Server Version : 50642
 File Encoding         : 65001

 Date: 20/03/2019 20:48:14
*/

SET NAMES utf8mb4;
SET FOREIGN_KEY_CHECKS = 0;

-- ----------------------------
-- Table structure for ACT_APP_APPDEF
-- ----------------------------
DROP TABLE IF EXISTS `ACT_APP_APPDEF`;
CREATE TABLE `ACT_APP_APPDEF`  (
  `ID_` varchar(255) CHARACTER SET utf8 COLLATE utf8_general_ci NOT NULL,
  `REV_` int(11) NOT NULL,
  `NAME_` varchar(255) CHARACTER SET utf8 COLLATE utf8_general_ci DEFAULT NULL,
  `KEY_` varchar(255) CHARACTER SET utf8 COLLATE utf8_general_ci NOT NULL,
  `VERSION_` int(11) NOT NULL,
  `CATEGORY_` varchar(255) CHARACTER SET utf8 COLLATE utf8_general_ci DEFAULT NULL,
  `DEPLOYMENT_ID_` varchar(255) CHARACTER SET utf8 COLLATE utf8_general_ci DEFAULT NULL,
  `RESOURCE_NAME_` varchar(4000) CHARACTER SET utf8 COLLATE utf8_general_ci DEFAULT NULL,
  `DESCRIPTION_` varchar(4000) CHARACTER SET utf8 COLLATE utf8_general_ci DEFAULT NULL,
  `TENANT_ID_` varchar(255) CHARACTER SET utf8 COLLATE utf8_general_ci DEFAULT '',
  PRIMARY KEY (`ID_`) USING BTREE,
  INDEX `ACT_IDX_APP_DEF_DPLY`(`DEPLOYMENT_ID_`) USING BTREE,
  CONSTRAINT `ACT_FK_APP_DEF_DPLY` FOREIGN KEY (`DEPLOYMENT_ID_`) REFERENCES `ACT_APP_DEPLOYMENT` (`ID_`) ON DELETE RESTRICT ON UPDATE RESTRICT
) ENGINE = InnoDB CHARACTER SET = utf8 COLLATE = utf8_general_ci ROW_FORMAT = Compact;

-- ----------------------------
-- Records of ACT_APP_APPDEF
-- ----------------------------
INSERT INTO `ACT_APP_APPDEF` VALUES ('b3c6f9f0-4af7-11e9-a8a6-144f8ac1fca1', 1, '测', '测试', 1, NULL, 'b3bd35ed-4af7-11e9-a8a6-144f8ac1fca1', '测试.app', '测试', '');
INSERT INTO `ACT_APP_APPDEF` VALUES ('b758d348-4af7-11e9-a8a6-144f8ac1fca1', 1, '测', '测试', 2, NULL, 'b7583705-4af7-11e9-a8a6-144f8ac1fca1', '测试.app', '测试', '');
INSERT INTO `ACT_APP_APPDEF` VALUES ('e02cae03-4af8-11e9-a8a6-144f8ac1fca1', 1, '官', '官', 1, NULL, 'e02c5fdc-4af8-11e9-a8a6-144f8ac1fca1', '官.app', '', '');
INSERT INTO `ACT_APP_APPDEF` VALUES ('f46a5ed0-4af7-11e9-a8a6-144f8ac1fca1', 1, '官方11', '官方11', 1, NULL, 'f46a10ad-4af7-11e9-a8a6-144f8ac1fca1', '官方11.app', '官方11', '');

-- ----------------------------
-- Table structure for ACT_APP_DATABASECHANGELOG
-- ----------------------------
DROP TABLE IF EXISTS `ACT_APP_DATABASECHANGELOG`;
CREATE TABLE `ACT_APP_DATABASECHANGELOG`  (
  `ID` varchar(255) CHARACTER SET utf8 COLLATE utf8_general_ci NOT NULL,
  `AUTHOR` varchar(255) CHARACTER SET utf8 COLLATE utf8_general_ci NOT NULL,
  `FILENAME` varchar(255) CHARACTER SET utf8 COLLATE utf8_general_ci NOT NULL,
  `DATEEXECUTED` datetime(0) NOT NULL,
  `ORDEREXECUTED` int(11) NOT NULL,
  `EXECTYPE` varchar(10) CHARACTER SET utf8 COLLATE utf8_general_ci NOT NULL,
  `MD5SUM` varchar(35) CHARACTER SET utf8 COLLATE utf8_general_ci DEFAULT NULL,
  `DESCRIPTION` varchar(255) CHARACTER SET utf8 COLLATE utf8_general_ci DEFAULT NULL,
  `COMMENTS` varchar(255) CHARACTER SET utf8 COLLATE utf8_general_ci DEFAULT NULL,
  `TAG` varchar(255) CHARACTER SET utf8 COLLATE utf8_general_ci DEFAULT NULL,
  `LIQUIBASE` varchar(20) CHARACTER SET utf8 COLLATE utf8_general_ci DEFAULT NULL,
  `CONTEXTS` varchar(255) CHARACTER SET utf8 COLLATE utf8_general_ci DEFAULT NULL,
  `LABELS` varchar(255) CHARACTER SET utf8 COLLATE utf8_general_ci DEFAULT NULL,
  `DEPLOYMENT_ID` varchar(10) CHARACTER SET utf8 COLLATE utf8_general_ci DEFAULT NULL
) ENGINE = InnoDB CHARACTER SET = utf8 COLLATE = utf8_general_ci ROW_FORMAT = Compact;

-- ----------------------------
-- Records of ACT_APP_DATABASECHANGELOG
-- ----------------------------
INSERT INTO `ACT_APP_DATABASECHANGELOG` VALUES ('1', 'flowable', 'org/flowable/app/db/liquibase/flowable-app-db-changelog.xml', '2019-03-20 17:46:46', 1, 'EXECUTED', '8:496fc778bdf2ab13f2e1926d0e63e0a2', 'createTable tableName=ACT_APP_DEPLOYMENT; createTable tableName=ACT_APP_DEPLOYMENT_RESOURCE; addForeignKeyConstraint baseTableName=ACT_APP_DEPLOYMENT_RESOURCE, constraintName=ACT_FK_APP_RSRC_DPL, referencedTableName=ACT_APP_DEPLOYMENT; createIndex...', '', NULL, '3.6.2', NULL, NULL, '3075205136');
INSERT INTO `ACT_APP_DATABASECHANGELOG` VALUES ('2', 'flowable', 'org/flowable/app/db/liquibase/flowable-app-db-changelog.xml', '2019-03-20 17:46:46', 2, 'EXECUTED', '8:ccea9ebfb6c1f8367ca4dd473fcbb7db', 'modifyDataType columnName=DEPLOY_TIME_, tableName=ACT_APP_DEPLOYMENT', '', NULL, '3.6.2', NULL, NULL, '3075205136');

-- ----------------------------
-- Table structure for ACT_APP_DATABASECHANGELOGLOCK
-- ----------------------------
DROP TABLE IF EXISTS `ACT_APP_DATABASECHANGELOGLOCK`;
CREATE TABLE `ACT_APP_DATABASECHANGELOGLOCK`  (
  `ID` int(11) NOT NULL,
  `LOCKED` bit(1) NOT NULL,
  `LOCKGRANTED` datetime(0) DEFAULT NULL,
  `LOCKEDBY` varchar(255) CHARACTER SET utf8 COLLATE utf8_general_ci DEFAULT NULL,
  PRIMARY KEY (`ID`) USING BTREE
) ENGINE = InnoDB CHARACTER SET = utf8 COLLATE = utf8_general_ci ROW_FORMAT = Compact;

-- ----------------------------
-- Records of ACT_APP_DATABASECHANGELOGLOCK
-- ----------------------------
INSERT INTO `ACT_APP_DATABASECHANGELOGLOCK` VALUES (1, b'0', NULL, NULL);

-- ----------------------------
-- Table structure for ACT_APP_DEPLOYMENT
-- ----------------------------
DROP TABLE IF EXISTS `ACT_APP_DEPLOYMENT`;
CREATE TABLE `ACT_APP_DEPLOYMENT`  (
  `ID_` varchar(255) CHARACTER SET utf8 COLLATE utf8_general_ci NOT NULL,
  `NAME_` varchar(255) CHARACTER SET utf8 COLLATE utf8_general_ci DEFAULT NULL,
  `CATEGORY_` varchar(255) CHARACTER SET utf8 COLLATE utf8_general_ci DEFAULT NULL,
  `KEY_` varchar(255) CHARACTER SET utf8 COLLATE utf8_general_ci DEFAULT NULL,
  `DEPLOY_TIME_` datetime(3) DEFAULT NULL,
  `TENANT_ID_` varchar(255) CHARACTER SET utf8 COLLATE utf8_general_ci DEFAULT '',
  PRIMARY KEY (`ID_`) USING BTREE
) ENGINE = InnoDB CHARACTER SET = utf8 COLLATE = utf8_general_ci ROW_FORMAT = Compact;

-- ----------------------------
-- Records of ACT_APP_DEPLOYMENT
-- ----------------------------
INSERT INTO `ACT_APP_DEPLOYMENT` VALUES ('b3bd35ed-4af7-11e9-a8a6-144f8ac1fca1', '??.zip', NULL, '测试', '2019-03-20 18:05:34.441', '');
INSERT INTO `ACT_APP_DEPLOYMENT` VALUES ('b7583705-4af7-11e9-a8a6-144f8ac1fca1', '??.zip', NULL, '测试', '2019-03-20 18:05:40.490', '');
INSERT INTO `ACT_APP_DEPLOYMENT` VALUES ('e02c5fdc-4af8-11e9-a8a6-144f8ac1fca1', '?.zip', NULL, '官', '2019-03-20 18:13:58.486', '');
INSERT INTO `ACT_APP_DEPLOYMENT` VALUES ('f46a10ad-4af7-11e9-a8a6-144f8ac1fca1', '??11.zip', NULL, '官方11', '2019-03-20 18:07:22.948', '');

-- ----------------------------
-- Table structure for ACT_APP_DEPLOYMENT_RESOURCE
-- ----------------------------
DROP TABLE IF EXISTS `ACT_APP_DEPLOYMENT_RESOURCE`;
CREATE TABLE `ACT_APP_DEPLOYMENT_RESOURCE`  (
  `ID_` varchar(255) CHARACTER SET utf8 COLLATE utf8_general_ci NOT NULL,
  `NAME_` varchar(255) CHARACTER SET utf8 COLLATE utf8_general_ci DEFAULT NULL,
  `DEPLOYMENT_ID_` varchar(255) CHARACTER SET utf8 COLLATE utf8_general_ci DEFAULT NULL,
  `RESOURCE_BYTES_` longblob,
  PRIMARY KEY (`ID_`) USING BTREE,
  INDEX `ACT_IDX_APP_RSRC_DPL`(`DEPLOYMENT_ID_`) USING BTREE,
  CONSTRAINT `ACT_FK_APP_RSRC_DPL` FOREIGN KEY (`DEPLOYMENT_ID_`) REFERENCES `ACT_APP_DEPLOYMENT` (`ID_`) ON DELETE RESTRICT ON UPDATE RESTRICT
) ENGINE = InnoDB CHARACTER SET = utf8 COLLATE = utf8_general_ci ROW_FORMAT = Compact;

-- ----------------------------
-- Records of ACT_APP_DEPLOYMENT_RESOURCE
-- ----------------------------
INSERT INTO `ACT_APP_DEPLOYMENT_RESOURCE` VALUES ('b3bd35ee-4af7-11e9-a8a6-144f8ac1fca1', '测试.app', 'b3bd35ed-4af7-11e9-a8a6-144f8ac1fca1', 0x7B226B6579223A22E6B58BE8AF95222C226E616D65223A22E6B58B222C226465736372697074696F6E223A22E6B58BE8AF95222C227468656D65223A227468656D652D31222C2269636F6E223A22676C79706869636F6E2D617374657269736B222C227573657273416363657373223A6E756C6C2C2267726F757073416363657373223A6E756C6C7D);
INSERT INTO `ACT_APP_DEPLOYMENT_RESOURCE` VALUES ('b3bd35ef-4af7-11e9-a8a6-144f8ac1fca1', '测试.bpmn', 'b3bd35ed-4af7-11e9-a8a6-144f8ac1fca1', 0x3C3F786D6C2076657273696F6E3D22312E302220656E636F64696E673D225554462D38223F3E0A3C646566696E6974696F6E7320786D6C6E733D22687474703A2F2F7777772E6F6D672E6F72672F737065632F42504D4E2F32303130303532342F4D4F44454C2220786D6C6E733A7873693D22687474703A2F2F7777772E77332E6F72672F323030312F584D4C536368656D612D696E7374616E63652220786D6C6E733A7873643D22687474703A2F2F7777772E77332E6F72672F323030312F584D4C536368656D612220786D6C6E733A666C6F7761626C653D22687474703A2F2F666C6F7761626C652E6F72672F62706D6E2220786D6C6E733A62706D6E64693D22687474703A2F2F7777772E6F6D672E6F72672F737065632F42504D4E2F32303130303532342F44492220786D6C6E733A6F6D6764633D22687474703A2F2F7777772E6F6D672E6F72672F737065632F44442F32303130303532342F44432220786D6C6E733A6F6D6764693D22687474703A2F2F7777772E6F6D672E6F72672F737065632F44442F32303130303532342F44492220747970654C616E67756167653D22687474703A2F2F7777772E77332E6F72672F323030312F584D4C536368656D61222065787072657373696F6E4C616E67756167653D22687474703A2F2F7777772E77332E6F72672F313939392F585061746822207461726765744E616D6573706163653D22687474703A2F2F7777772E666C6F7761626C652E6F72672F70726F63657373646566223E0A20203C70726F636573732069643D22E6B58BE8AF9522206E616D653D22E6B58BE8AF95632220697345786563757461626C653D2274727565223E0A202020203C73746172744576656E742069643D2273746172744576656E74312220666C6F7761626C653A696E69746961746F723D22696E69746961746F72223E3C2F73746172744576656E743E0A202020203C757365725461736B2069643D227369642D30314236354333462D383535462D343033352D423134322D453641463937464532393838223E3C2F757365725461736B3E0A202020203C73657175656E6365466C6F772069643D227369642D30343837334230442D333042372D344141422D413036332D3331443544364135323744332220736F757263655265663D2273746172744576656E743122207461726765745265663D227369642D30314236354333462D383535462D343033352D423134322D453641463937464532393838223E3C2F73657175656E6365466C6F773E0A202020203C757365725461736B2069643D227369642D33413846344133342D463933342D343944432D383231382D413836443843374136394339223E3C2F757365725461736B3E0A202020203C73657175656E6365466C6F772069643D227369642D39344646333937452D383646312D343745322D423737422D3339313244463938423332322220736F757263655265663D227369642D30314236354333462D383535462D343033352D423134322D45364146393746453239383822207461726765745265663D227369642D33413846344133342D463933342D343944432D383231382D413836443843374136394339223E3C2F73657175656E6365466C6F773E0A202020203C656E644576656E742069643D227369642D33364130463445382D343537312D343644332D384237332D314446393039323241464436223E3C2F656E644576656E743E0A202020203C73657175656E6365466C6F772069643D227369642D45353630464146462D424536382D344333442D414638422D3133323044433337384231432220736F757263655265663D227369642D33413846344133342D463933342D343944432D383231382D41383644384337413639433922207461726765745265663D227369642D33364130463445382D343537312D343644332D384237332D314446393039323241464436223E3C2F73657175656E6365466C6F773E0A20203C2F70726F636573733E0A20203C62706D6E64693A42504D4E4469616772616D2069643D2242504D4E4469616772616D5FE6B58BE8AF95223E0A202020203C62706D6E64693A42504D4E506C616E652062706D6E456C656D656E743D22E6B58BE8AF95222069643D2242504D4E506C616E655FE6B58BE8AF95223E0A2020202020203C62706D6E64693A42504D4E53686170652062706D6E456C656D656E743D2273746172744576656E7431222069643D2242504D4E53686170655F73746172744576656E7431223E0A20202020202020203C6F6D6764633A426F756E6473206865696768743D2233302E30222077696474683D2233302E302220783D223330302E302220793D223136352E30223E3C2F6F6D6764633A426F756E64733E0A2020202020203C2F62706D6E64693A42504D4E53686170653E0A2020202020203C62706D6E64693A42504D4E53686170652062706D6E456C656D656E743D227369642D30314236354333462D383535462D343033352D423134322D453641463937464532393838222069643D2242504D4E53686170655F7369642D30314236354333462D383535462D343033352D423134322D453641463937464532393838223E0A20202020202020203C6F6D6764633A426F756E6473206865696768743D2238302E30222077696474683D223130302E302220783D223337352E302220793D223134302E30223E3C2F6F6D6764633A426F756E64733E0A2020202020203C2F62706D6E64693A42504D4E53686170653E0A2020202020203C62706D6E64693A42504D4E53686170652062706D6E456C656D656E743D227369642D33413846344133342D463933342D343944432D383231382D413836443843374136394339222069643D2242504D4E53686170655F7369642D33413846344133342D463933342D343944432D383231382D413836443843374136394339223E0A20202020202020203C6F6D6764633A426F756E6473206865696768743D2238302E30222077696474683D223130302E302220783D223532302E302220793D223134302E30223E3C2F6F6D6764633A426F756E64733E0A2020202020203C2F62706D6E64693A42504D4E53686170653E0A2020202020203C62706D6E64693A42504D4E53686170652062706D6E456C656D656E743D227369642D33364130463445382D343537312D343644332D384237332D314446393039323241464436222069643D2242504D4E53686170655F7369642D33364130463445382D343537312D343644332D384237332D314446393039323241464436223E0A20202020202020203C6F6D6764633A426F756E6473206865696768743D2232382E30222077696474683D2232382E302220783D223636352E302220793D223136362E30223E3C2F6F6D6764633A426F756E64733E0A2020202020203C2F62706D6E64693A42504D4E53686170653E0A2020202020203C62706D6E64693A42504D4E456467652062706D6E456C656D656E743D227369642D39344646333937452D383646312D343745322D423737422D333931324446393842333232222069643D2242504D4E456467655F7369642D39344646333937452D383646312D343745322D423737422D333931324446393842333232223E0A20202020202020203C6F6D6764693A776179706F696E7420783D223437342E39353030303030303030303030352220793D223138302E30223E3C2F6F6D6764693A776179706F696E743E0A20202020202020203C6F6D6764693A776179706F696E7420783D223532302E302220793D223138302E30223E3C2F6F6D6764693A776179706F696E743E0A2020202020203C2F62706D6E64693A42504D4E456467653E0A2020202020203C62706D6E64693A42504D4E456467652062706D6E456C656D656E743D227369642D45353630464146462D424536382D344333442D414638422D313332304443333738423143222069643D2242504D4E456467655F7369642D45353630464146462D424536382D344333442D414638422D313332304443333738423143223E0A20202020202020203C6F6D6764693A776179706F696E7420783D223631392E393439393939393939393939392220793D223138302E30223E3C2F6F6D6764693A776179706F696E743E0A20202020202020203C6F6D6764693A776179706F696E7420783D223636352E302220793D223138302E30223E3C2F6F6D6764693A776179706F696E743E0A2020202020203C2F62706D6E64693A42504D4E456467653E0A2020202020203C62706D6E64693A42504D4E456467652062706D6E456C656D656E743D227369642D30343837334230442D333042372D344141422D413036332D333144354436413532374433222069643D2242504D4E456467655F7369642D30343837334230442D333042372D344141422D413036332D333144354436413532374433223E0A20202020202020203C6F6D6764693A776179706F696E7420783D223332392E393439393938343839393537362220793D223138302E30223E3C2F6F6D6764693A776179706F696E743E0A20202020202020203C6F6D6764693A776179706F696E7420783D223337352E302220793D223138302E30223E3C2F6F6D6764693A776179706F696E743E0A2020202020203C2F62706D6E64693A42504D4E456467653E0A202020203C2F62706D6E64693A42504D4E506C616E653E0A20203C2F62706D6E64693A42504D4E4469616772616D3E0A3C2F646566696E6974696F6E733E);
INSERT INTO `ACT_APP_DEPLOYMENT_RESOURCE` VALUES ('b7583706-4af7-11e9-a8a6-144f8ac1fca1', '测试.app', 'b7583705-4af7-11e9-a8a6-144f8ac1fca1', 0x7B226B6579223A22E6B58BE8AF95222C226E616D65223A22E6B58B222C226465736372697074696F6E223A22E6B58BE8AF95222C227468656D65223A227468656D652D31222C2269636F6E223A22676C79706869636F6E2D617374657269736B222C227573657273416363657373223A6E756C6C2C2267726F757073416363657373223A6E756C6C7D);
INSERT INTO `ACT_APP_DEPLOYMENT_RESOURCE` VALUES ('b7583707-4af7-11e9-a8a6-144f8ac1fca1', '测试.bpmn', 'b7583705-4af7-11e9-a8a6-144f8ac1fca1', 0x3C3F786D6C2076657273696F6E3D22312E302220656E636F64696E673D225554462D38223F3E0A3C646566696E6974696F6E7320786D6C6E733D22687474703A2F2F7777772E6F6D672E6F72672F737065632F42504D4E2F32303130303532342F4D4F44454C2220786D6C6E733A7873693D22687474703A2F2F7777772E77332E6F72672F323030312F584D4C536368656D612D696E7374616E63652220786D6C6E733A7873643D22687474703A2F2F7777772E77332E6F72672F323030312F584D4C536368656D612220786D6C6E733A666C6F7761626C653D22687474703A2F2F666C6F7761626C652E6F72672F62706D6E2220786D6C6E733A62706D6E64693D22687474703A2F2F7777772E6F6D672E6F72672F737065632F42504D4E2F32303130303532342F44492220786D6C6E733A6F6D6764633D22687474703A2F2F7777772E6F6D672E6F72672F737065632F44442F32303130303532342F44432220786D6C6E733A6F6D6764693D22687474703A2F2F7777772E6F6D672E6F72672F737065632F44442F32303130303532342F44492220747970654C616E67756167653D22687474703A2F2F7777772E77332E6F72672F323030312F584D4C536368656D61222065787072657373696F6E4C616E67756167653D22687474703A2F2F7777772E77332E6F72672F313939392F585061746822207461726765744E616D6573706163653D22687474703A2F2F7777772E666C6F7761626C652E6F72672F70726F63657373646566223E0A20203C70726F636573732069643D22E6B58BE8AF9522206E616D653D22E6B58BE8AF95632220697345786563757461626C653D2274727565223E0A202020203C73746172744576656E742069643D2273746172744576656E74312220666C6F7761626C653A696E69746961746F723D22696E69746961746F72223E3C2F73746172744576656E743E0A202020203C757365725461736B2069643D227369642D30314236354333462D383535462D343033352D423134322D453641463937464532393838223E3C2F757365725461736B3E0A202020203C73657175656E6365466C6F772069643D227369642D30343837334230442D333042372D344141422D413036332D3331443544364135323744332220736F757263655265663D2273746172744576656E743122207461726765745265663D227369642D30314236354333462D383535462D343033352D423134322D453641463937464532393838223E3C2F73657175656E6365466C6F773E0A202020203C757365725461736B2069643D227369642D33413846344133342D463933342D343944432D383231382D413836443843374136394339223E3C2F757365725461736B3E0A202020203C73657175656E6365466C6F772069643D227369642D39344646333937452D383646312D343745322D423737422D3339313244463938423332322220736F757263655265663D227369642D30314236354333462D383535462D343033352D423134322D45364146393746453239383822207461726765745265663D227369642D33413846344133342D463933342D343944432D383231382D413836443843374136394339223E3C2F73657175656E6365466C6F773E0A202020203C656E644576656E742069643D227369642D33364130463445382D343537312D343644332D384237332D314446393039323241464436223E3C2F656E644576656E743E0A202020203C73657175656E6365466C6F772069643D227369642D45353630464146462D424536382D344333442D414638422D3133323044433337384231432220736F757263655265663D227369642D33413846344133342D463933342D343944432D383231382D41383644384337413639433922207461726765745265663D227369642D33364130463445382D343537312D343644332D384237332D314446393039323241464436223E3C2F73657175656E6365466C6F773E0A20203C2F70726F636573733E0A20203C62706D6E64693A42504D4E4469616772616D2069643D2242504D4E4469616772616D5FE6B58BE8AF95223E0A202020203C62706D6E64693A42504D4E506C616E652062706D6E456C656D656E743D22E6B58BE8AF95222069643D2242504D4E506C616E655FE6B58BE8AF95223E0A2020202020203C62706D6E64693A42504D4E53686170652062706D6E456C656D656E743D2273746172744576656E7431222069643D2242504D4E53686170655F73746172744576656E7431223E0A20202020202020203C6F6D6764633A426F756E6473206865696768743D2233302E30222077696474683D2233302E302220783D223330302E302220793D223136352E30223E3C2F6F6D6764633A426F756E64733E0A2020202020203C2F62706D6E64693A42504D4E53686170653E0A2020202020203C62706D6E64693A42504D4E53686170652062706D6E456C656D656E743D227369642D30314236354333462D383535462D343033352D423134322D453641463937464532393838222069643D2242504D4E53686170655F7369642D30314236354333462D383535462D343033352D423134322D453641463937464532393838223E0A20202020202020203C6F6D6764633A426F756E6473206865696768743D2238302E30222077696474683D223130302E302220783D223337352E302220793D223134302E30223E3C2F6F6D6764633A426F756E64733E0A2020202020203C2F62706D6E64693A42504D4E53686170653E0A2020202020203C62706D6E64693A42504D4E53686170652062706D6E456C656D656E743D227369642D33413846344133342D463933342D343944432D383231382D413836443843374136394339222069643D2242504D4E53686170655F7369642D33413846344133342D463933342D343944432D383231382D413836443843374136394339223E0A20202020202020203C6F6D6764633A426F756E6473206865696768743D2238302E30222077696474683D223130302E302220783D223532302E302220793D223134302E30223E3C2F6F6D6764633A426F756E64733E0A2020202020203C2F62706D6E64693A42504D4E53686170653E0A2020202020203C62706D6E64693A42504D4E53686170652062706D6E456C656D656E743D227369642D33364130463445382D343537312D343644332D384237332D314446393039323241464436222069643D2242504D4E53686170655F7369642D33364130463445382D343537312D343644332D384237332D314446393039323241464436223E0A20202020202020203C6F6D6764633A426F756E6473206865696768743D2232382E30222077696474683D2232382E302220783D223636352E302220793D223136362E30223E3C2F6F6D6764633A426F756E64733E0A2020202020203C2F62706D6E64693A42504D4E53686170653E0A2020202020203C62706D6E64693A42504D4E456467652062706D6E456C656D656E743D227369642D39344646333937452D383646312D343745322D423737422D333931324446393842333232222069643D2242504D4E456467655F7369642D39344646333937452D383646312D343745322D423737422D333931324446393842333232223E0A20202020202020203C6F6D6764693A776179706F696E7420783D223437342E39353030303030303030303030352220793D223138302E30223E3C2F6F6D6764693A776179706F696E743E0A20202020202020203C6F6D6764693A776179706F696E7420783D223532302E302220793D223138302E30223E3C2F6F6D6764693A776179706F696E743E0A2020202020203C2F62706D6E64693A42504D4E456467653E0A2020202020203C62706D6E64693A42504D4E456467652062706D6E456C656D656E743D227369642D45353630464146462D424536382D344333442D414638422D313332304443333738423143222069643D2242504D4E456467655F7369642D45353630464146462D424536382D344333442D414638422D313332304443333738423143223E0A20202020202020203C6F6D6764693A776179706F696E7420783D223631392E393439393939393939393939392220793D223138302E30223E3C2F6F6D6764693A776179706F696E743E0A20202020202020203C6F6D6764693A776179706F696E7420783D223636352E302220793D223138302E30223E3C2F6F6D6764693A776179706F696E743E0A2020202020203C2F62706D6E64693A42504D4E456467653E0A2020202020203C62706D6E64693A42504D4E456467652062706D6E456C656D656E743D227369642D30343837334230442D333042372D344141422D413036332D333144354436413532374433222069643D2242504D4E456467655F7369642D30343837334230442D333042372D344141422D413036332D333144354436413532374433223E0A20202020202020203C6F6D6764693A776179706F696E7420783D223332392E393439393938343839393537362220793D223138302E30223E3C2F6F6D6764693A776179706F696E743E0A20202020202020203C6F6D6764693A776179706F696E7420783D223337352E302220793D223138302E30223E3C2F6F6D6764693A776179706F696E743E0A2020202020203C2F62706D6E64693A42504D4E456467653E0A202020203C2F62706D6E64693A42504D4E506C616E653E0A20203C2F62706D6E64693A42504D4E4469616772616D3E0A3C2F646566696E6974696F6E733E);
INSERT INTO `ACT_APP_DEPLOYMENT_RESOURCE` VALUES ('e02c5fdd-4af8-11e9-a8a6-144f8ac1fca1', 'form-bos-ref.form', 'e02c5fdc-4af8-11e9-a8a6-144f8ac1fca1', 0x7B226E616D65223A22626F7373732D726566222C226B6579223A22626F732D726566222C2276657273696F6E223A302C226669656C6473223A5B7B226669656C6454797065223A2245787072657373696F6E466F726D4669656C64222C226964223A226C6162656C222C226E616D65223A224C6162656C222C2274797065223A2265787072657373696F6E222C2276616C7565223A6E756C6C2C227265717569726564223A66616C73652C22726561644F6E6C79223A66616C73652C226F766572726964654964223A66616C73652C22706C616365686F6C646572223A6E756C6C2C226C61796F7574223A6E756C6C2C2265787072657373696F6E223A22E98791E9A29DE5A4A7E4BA8E313030E38082E5BC80E5A78BE68F90E4BAA4E79A84E695B0E68DAEEFBC8C20247B636F6E74696E656E747DEFBC8CE7ACACE4BA8CE4B8AAE6B581E7A88BE68F90E4BAA4E79A84E695B0E68DAE247B6D6F6E65797D20247BE5908DE5AD977D227D2C7B226669656C6454797065223A22466F726D4669656C64222C226964223A2273697A65222C226E616D65223A2273697A65222C2274797065223A2274657874222C2276616C7565223A6E756C6C2C227265717569726564223A66616C73652C22726561644F6E6C79223A66616C73652C226F766572726964654964223A66616C73652C22706C616365686F6C646572223A6E756C6C2C226C61796F7574223A6E756C6C7D5D2C226F7574636F6D6573223A5B5D7D);
INSERT INTO `ACT_APP_DEPLOYMENT_RESOURCE` VALUES ('e02c5fde-4af8-11e9-a8a6-144f8ac1fca1', '官.app', 'e02c5fdc-4af8-11e9-a8a6-144f8ac1fca1', 0x7B226B6579223A22E5AE98222C226E616D65223A22E5AE98222C226465736372697074696F6E223A22222C227468656D65223A227468656D652D31222C2269636F6E223A22676C79706869636F6E2D617374657269736B222C227573657273416363657373223A6E756C6C2C2267726F757073416363657373223A6E756C6C7D);
INSERT INTO `ACT_APP_DEPLOYMENT_RESOURCE` VALUES ('e02c5fdf-4af8-11e9-a8a6-144f8ac1fca1', 'form-test.form', 'e02c5fdc-4af8-11e9-a8a6-144f8ac1fca1', 0x7B226E616D65223A2274657374222C226B6579223A2274657374222C2276657273696F6E223A302C226669656C6473223A5B7B226669656C6454797065223A224F7074696F6E466F726D4669656C64222C226964223A22636F6E74696E656E74222C226E616D65223A22436F6E74696E656E74222C2274797065223A2264726F70646F776E222C2276616C7565223A22506C656173652063686F6F7365206F6E652E2E2E222C227265717569726564223A66616C73652C22726561644F6E6C79223A66616C73652C226F766572726964654964223A66616C73652C22706C616365686F6C646572223A6E756C6C2C226C61796F7574223A6E756C6C2C226F7074696F6E54797065223A6E756C6C2C22686173456D70747956616C7565223A747275652C226F7074696F6E73223A5B7B226964223A6E756C6C2C226E616D65223A22506C656173652063686F6F7365206F6E652E2E2E227D2C7B226964223A6E756C6C2C226E616D65223A22E4B8ADE585B1227D2C7B226964223A6E756C6C2C226E616D65223A22E7BE8EE59BBD227D5D2C226F7074696F6E7345787072657373696F6E223A6E756C6C7D5D2C226F7574636F6D6573223A5B5D7D);
INSERT INTO `ACT_APP_DEPLOYMENT_RESOURCE` VALUES ('e02c5fe0-4af8-11e9-a8a6-144f8ac1fca1', 'form-btfb-ref.form', 'e02c5fdc-4af8-11e9-a8a6-144f8ac1fca1', 0x7B226E616D65223A22627466622D726566222C226B6579223A22627466622D726566222C2276657273696F6E223A302C226669656C6473223A5B7B226669656C6454797065223A2245787072657373696F6E466F726D4669656C64222C226964223A226C6162656C222C226E616D65223A224C6162656C222C2274797065223A2265787072657373696F6E222C2276616C7565223A6E756C6C2C227265717569726564223A66616C73652C22726561644F6E6C79223A66616C73652C226F766572726964654964223A66616C73652C22706C616365686F6C646572223A6E756C6C2C226C61796F7574223A6E756C6C2C2265787072657373696F6E223A22E98791E9A29DE5B08FE4BA8E313030EFBC8C20E58FA6E4B880E7A78DE5A484E79086247B6D6F6E65797D227D2C7B226669656C6454797065223A22466F726D4669656C64222C226964223A2273697A6532222C226E616D65223A2273697A6532222C2274797065223A2274657874222C2276616C7565223A6E756C6C2C227265717569726564223A66616C73652C22726561644F6E6C79223A66616C73652C226F766572726964654964223A66616C73652C22706C616365686F6C646572223A6E756C6C2C226C61796F7574223A6E756C6C7D5D2C226F7574636F6D6573223A5B5D7D);
INSERT INTO `ACT_APP_DEPLOYMENT_RESOURCE` VALUES ('e02c5fe1-4af8-11e9-a8a6-144f8ac1fca1', 'form-基本信息.form', 'e02c5fdc-4af8-11e9-a8a6-144f8ac1fca1', 0x7B226E616D65223A22E59FBAE69CACE4BFA1E681AF222C226B6579223A22E59FBAE69CACE4BFA1E681AF222C2276657273696F6E223A302C226669656C6473223A5B7B226669656C6454797065223A22466F726D4669656C64222C226964223A226C6162656C6C6C6C6C6C6C6C6C6C6C6C6C6C6C6C6C6C6C6C6C6C6C222C226E616D65223A224C6162656C6C6C6C6C6C6C6C6C6C6C6C6C6C6C6C6C6C6C6C6C6C6C222C2274797065223A22686561646C696E652D776974682D6C696E65222C2276616C7565223A6E756C6C2C227265717569726564223A66616C73652C22726561644F6E6C79223A66616C73652C226F766572726964654964223A66616C73652C22706C616365686F6C646572223A6E756C6C2C226C61796F7574223A6E756C6C7D2C7B226669656C6454797065223A22466F726D4669656C64222C226964223A22E5908DE5AD97222C226E616D65223A22E5908DE5AD97222C2274797065223A2274657874222C2276616C7565223A6E756C6C2C227265717569726564223A66616C73652C22726561644F6E6C79223A66616C73652C226F766572726964654964223A66616C73652C22706C616365686F6C646572223A22E8BE93E585A5E5908DE5AD97222C226C61796F7574223A6E756C6C7D2C7B226669656C6454797065223A22466F726D4669656C64222C226964223A226D6F6E6579222C226E616D65223A226D6F6E6579222C2274797065223A22696E7465676572222C2276616C7565223A6E756C6C2C227265717569726564223A66616C73652C22726561644F6E6C79223A66616C73652C226F766572726964654964223A66616C73652C22706C616365686F6C646572223A6E756C6C2C22706172616D73223A7B226D696E4C656E677468223A22227D2C226C61796F7574223A6E756C6C7D5D2C226F7574636F6D6573223A5B5D7D);
INSERT INTO `ACT_APP_DEPLOYMENT_RESOURCE` VALUES ('e02c5fe2-4af8-11e9-a8a6-144f8ac1fca1', '官方流程pgg.bpmn', 'e02c5fdc-4af8-11e9-a8a6-144f8ac1fca1', 0x3C3F786D6C2076657273696F6E3D22312E302220656E636F64696E673D225554462D38223F3E0A3C646566696E6974696F6E7320786D6C6E733D22687474703A2F2F7777772E6F6D672E6F72672F737065632F42504D4E2F32303130303532342F4D4F44454C2220786D6C6E733A7873693D22687474703A2F2F7777772E77332E6F72672F323030312F584D4C536368656D612D696E7374616E63652220786D6C6E733A7873643D22687474703A2F2F7777772E77332E6F72672F323030312F584D4C536368656D612220786D6C6E733A666C6F7761626C653D22687474703A2F2F666C6F7761626C652E6F72672F62706D6E2220786D6C6E733A62706D6E64693D22687474703A2F2F7777772E6F6D672E6F72672F737065632F42504D4E2F32303130303532342F44492220786D6C6E733A6F6D6764633D22687474703A2F2F7777772E6F6D672E6F72672F737065632F44442F32303130303532342F44432220786D6C6E733A6F6D6764693D22687474703A2F2F7777772E6F6D672E6F72672F737065632F44442F32303130303532342F44492220747970654C616E67756167653D22687474703A2F2F7777772E77332E6F72672F323030312F584D4C536368656D61222065787072657373696F6E4C616E67756167653D22687474703A2F2F7777772E77332E6F72672F313939392F585061746822207461726765744E616D6573706163653D22687474703A2F2F7777772E666C6F7761626C652E6F72672F70726F63657373646566223E0A20203C70726F636573732069643D22E5AE98E696B9E6B581E7A88B70676722206E616D653D22E5AE98E696B9E6B581E7A88B2220697345786563757461626C653D2274727565223E0A202020203C73746172744576656E742069643D2273746172744576656E74312220666C6F7761626C653A696E69746961746F723D22696E69746961746F722220666C6F7761626C653A666F726D4B65793D2274657374223E3C2F73746172744576656E743E0A202020203C757365725461736B2069643D227369642D45423135394341362D303044322D343439382D413439462D36443742383842363734463922206E616D653D2263676C2220666C6F7761626C653A61737369676E65653D22247B696E69746961746F727D2220666C6F7761626C653A666F726D4B65793D22E59FBAE69CACE4BFA1E681AF2220666C6F7761626C653A736B697045787072657373696F6E3D22E88EB7E58F96E588B0E5BC80E5A78BE697B6E58F82E695B02020247B636F6E74696E656E747D223E0A2020202020203C657874656E73696F6E456C656D656E74733E0A20202020202020203C6D6F64656C65723A696E69746961746F722D63616E2D636F6D706C65746520786D6C6E733A6D6F64656C65723D22687474703A2F2F666C6F7761626C652E6F72672F6D6F64656C6572223E3C215B43444154415B747275655D5D3E3C2F6D6F64656C65723A696E69746961746F722D63616E2D636F6D706C6574653E0A2020202020203C2F657874656E73696F6E456C656D656E74733E0A202020203C2F757365725461736B3E0A202020203C73657175656E6365466C6F772069643D227369642D36434330334630332D313230322D344636452D393841312D4146303641363344463030462220736F757263655265663D2273746172744576656E743122207461726765745265663D227369642D45423135394341362D303044322D343439382D413439462D364437423838423637344639223E3C2F73657175656E6365466C6F773E0A202020203C6578636C7573697665476174657761792069643D227369642D34394545374139352D323737312D343135342D394441332D324446354333393537304246223E3C2F6578636C7573697665476174657761793E0A202020203C73657175656E6365466C6F772069643D227369642D32433234364337392D383235332D343937462D394433422D4146363831373233423231352220736F757263655265663D227369642D45423135394341362D303044322D343439382D413439462D36443742383842363734463922207461726765745265663D227369642D34394545374139352D323737312D343135342D394441332D324446354333393537304246223E3C2F73657175656E6365466C6F773E0A202020203C757365725461736B2069643D227369642D31433245344530352D363341422D343339312D413841422D45303731423942313846423122206E616D653D22627373732220666C6F7761626C653A61737369676E65653D22247B696E69746961746F727D2220666C6F7761626C653A666F726D4B65793D22626F732D726566223E0A2020202020203C657874656E73696F6E456C656D656E74733E0A20202020202020203C6D6F64656C65723A696E69746961746F722D63616E2D636F6D706C65746520786D6C6E733A6D6F64656C65723D22687474703A2F2F666C6F7761626C652E6F72672F6D6F64656C6572223E3C215B43444154415B747275655D5D3E3C2F6D6F64656C65723A696E69746961746F722D63616E2D636F6D706C6574653E0A2020202020203C2F657874656E73696F6E456C656D656E74733E0A202020203C2F757365725461736B3E0A202020203C757365725461736B2069643D227369642D42333236333743432D364136302D343539312D383041362D31413941454646333438303222206E616D653D22627466622220666C6F7761626C653A61737369676E65653D22247B696E69746961746F727D2220666C6F7761626C653A666F726D4B65793D22627466622D726566223E0A2020202020203C657874656E73696F6E456C656D656E74733E0A20202020202020203C6D6F64656C65723A696E69746961746F722D63616E2D636F6D706C65746520786D6C6E733A6D6F64656C65723D22687474703A2F2F666C6F7761626C652E6F72672F6D6F64656C6572223E3C215B43444154415B747275655D5D3E3C2F6D6F64656C65723A696E69746961746F722D63616E2D636F6D706C6574653E0A2020202020203C2F657874656E73696F6E456C656D656E74733E0A202020203C2F757365725461736B3E0A202020203C6578636C7573697665476174657761792069643D227369642D30424235323444352D354343322D343435462D393245412D303733444644373932364432223E3C2F6578636C7573697665476174657761793E0A202020203C73657175656E6365466C6F772069643D227369642D30453242313444372D363834362D343330322D384134362D4339343936423941383232412220736F757263655265663D227369642D31433245344530352D363341422D343339312D413841422D45303731423942313846423122207461726765745265663D227369642D30424235323444352D354343322D343435462D393245412D303733444644373932364432223E3C2F73657175656E6365466C6F773E0A202020203C73657175656E6365466C6F772069643D227369642D30443435383736392D303030302D344638362D393732452D4531453237463731383841322220736F757263655265663D227369642D42333236333743432D364136302D343539312D383041362D31413941454646333438303222207461726765745265663D227369642D30424235323444352D354343322D343435462D393245412D303733444644373932364432223E3C2F73657175656E6365466C6F773E0A202020203C656E644576656E742069643D227369642D38453341373737392D393733362D343041442D413435322D444238463333323546354237223E3C2F656E644576656E743E0A202020203C73657175656E6365466C6F772069643D227369642D39384630314534422D423242462D343446362D383432462D3846384444344243414539332220736F757263655265663D227369642D30424235323444352D354343322D343435462D393245412D30373344464437393236443222207461726765745265663D227369642D38453341373737392D393733362D343041442D413435322D444238463333323546354237223E3C2F73657175656E6365466C6F773E0A202020203C73657175656E6365466C6F772069643D227369642D41444336453337322D443933362D343144332D384131322D4630443135324230393736392220736F757263655265663D227369642D34394545374139352D323737312D343135342D394441332D32444635433339353730424622207461726765745265663D227369642D42333236333743432D364136302D343539312D383041362D314139414546463334383032223E0A2020202020203C636F6E646974696F6E45787072657373696F6E207873693A747970653D2274466F726D616C45787072657373696F6E223E3C215B43444154415B247B6D6F6E65793C3130307D5D5D3E3C2F636F6E646974696F6E45787072657373696F6E3E0A202020203C2F73657175656E6365466C6F773E0A202020203C73657175656E6365466C6F772069643D227369642D44413243433931442D454633452D344330352D383445442D36434232464334443036323022206E616D653D226F76657220326B2220736F757263655265663D227369642D34394545374139352D323737312D343135342D394441332D32444635433339353730424622207461726765745265663D227369642D31433245344530352D363341422D343339312D413841422D453037314239423138464231223E0A2020202020203C636F6E646974696F6E45787072657373696F6E207873693A747970653D2274466F726D616C45787072657373696F6E223E3C215B43444154415B247B6D6F6E65793E3130307D5D5D3E3C2F636F6E646974696F6E45787072657373696F6E3E0A202020203C2F73657175656E6365466C6F773E0A20203C2F70726F636573733E0A20203C62706D6E64693A42504D4E4469616772616D2069643D2242504D4E4469616772616D5FE5AE98E696B9E6B581E7A88B706767223E0A202020203C62706D6E64693A42504D4E506C616E652062706D6E456C656D656E743D22E5AE98E696B9E6B581E7A88B706767222069643D2242504D4E506C616E655FE5AE98E696B9E6B581E7A88B706767223E0A2020202020203C62706D6E64693A42504D4E53686170652062706D6E456C656D656E743D2273746172744576656E7431222069643D2242504D4E53686170655F73746172744576656E7431223E0A20202020202020203C6F6D6764633A426F756E6473206865696768743D2233302E30222077696474683D2233302E302220783D223130302E302220793D223136332E30223E3C2F6F6D6764633A426F756E64733E0A2020202020203C2F62706D6E64693A42504D4E53686170653E0A2020202020203C62706D6E64693A42504D4E53686170652062706D6E456C656D656E743D227369642D45423135394341362D303044322D343439382D413439462D364437423838423637344639222069643D2242504D4E53686170655F7369642D45423135394341362D303044322D343439382D413439462D364437423838423637344639223E0A20202020202020203C6F6D6764633A426F756E6473206865696768743D2238302E30222077696474683D223130302E302220783D223138302E302220793D223133382E30223E3C2F6F6D6764633A426F756E64733E0A2020202020203C2F62706D6E64693A42504D4E53686170653E0A2020202020203C62706D6E64693A42504D4E53686170652062706D6E456C656D656E743D227369642D34394545374139352D323737312D343135342D394441332D324446354333393537304246222069643D2242504D4E53686170655F7369642D34394545374139352D323737312D343135342D394441332D324446354333393537304246223E0A20202020202020203C6F6D6764633A426F756E6473206865696768743D2234302E30222077696474683D2234302E302220783D223332302E302220793D223135382E30223E3C2F6F6D6764633A426F756E64733E0A2020202020203C2F62706D6E64693A42504D4E53686170653E0A2020202020203C62706D6E64693A42504D4E53686170652062706D6E456C656D656E743D227369642D31433245344530352D363341422D343339312D413841422D453037314239423138464231222069643D2242504D4E53686170655F7369642D31433245344530352D363341422D343339312D413841422D453037314239423138464231223E0A20202020202020203C6F6D6764633A426F756E6473206865696768743D2238302E30222077696474683D223130302E302220783D223433352E302220793D2231352E30223E3C2F6F6D6764633A426F756E64733E0A2020202020203C2F62706D6E64693A42504D4E53686170653E0A2020202020203C62706D6E64693A42504D4E53686170652062706D6E456C656D656E743D227369642D42333236333743432D364136302D343539312D383041362D314139414546463334383032222069643D2242504D4E53686170655F7369642D42333236333743432D364136302D343539312D383041362D314139414546463334383032223E0A20202020202020203C6F6D6764633A426F756E6473206865696768743D2238302E30222077696474683D223130302E302220783D223433352E302220793D223232352E30223E3C2F6F6D6764633A426F756E64733E0A2020202020203C2F62706D6E64693A42504D4E53686170653E0A2020202020203C62706D6E64693A42504D4E53686170652062706D6E456C656D656E743D227369642D30424235323444352D354343322D343435462D393245412D303733444644373932364432222069643D2242504D4E53686170655F7369642D30424235323444352D354343322D343435462D393245412D303733444644373932364432223E0A20202020202020203C6F6D6764633A426F756E6473206865696768743D2234302E30222077696474683D2234302E302220783D223631352E302220793D223135382E30223E3C2F6F6D6764633A426F756E64733E0A2020202020203C2F62706D6E64693A42504D4E53686170653E0A2020202020203C62706D6E64693A42504D4E53686170652062706D6E456C656D656E743D227369642D38453341373737392D393733362D343041442D413435322D444238463333323546354237222069643D2242504D4E53686170655F7369642D38453341373737392D393733362D343041442D413435322D444238463333323546354237223E0A20202020202020203C6F6D6764633A426F756E6473206865696768743D2232382E30222077696474683D2232382E302220783D223730302E302220793D223136342E30223E3C2F6F6D6764633A426F756E64733E0A2020202020203C2F62706D6E64693A42504D4E53686170653E0A2020202020203C62706D6E64693A42504D4E456467652062706D6E456C656D656E743D227369642D39384630314534422D423242462D343446362D383432462D384638444434424341453933222069643D2242504D4E456467655F7369642D39384630314534422D423242462D343446362D383432462D384638444434424341453933223E0A20202020202020203C6F6D6764693A776179706F696E7420783D223635342E393337333839333830353330392220793D223137382E30223E3C2F6F6D6764693A776179706F696E743E0A20202020202020203C6F6D6764693A776179706F696E7420783D223730302E302220793D223137382E30223E3C2F6F6D6764693A776179706F696E743E0A2020202020203C2F62706D6E64693A42504D4E456467653E0A2020202020203C62706D6E64693A42504D4E456467652062706D6E456C656D656E743D227369642D30443435383736392D303030302D344638362D393732452D453145323746373138384132222069643D2242504D4E456467655F7369642D30443435383736392D303030302D344638362D393732452D453145323746373138384132223E0A20202020202020203C6F6D6764693A776179706F696E7420783D223533342E393439393939393939383632312220793D223236352E30223E3C2F6F6D6764693A776179706F696E743E0A20202020202020203C6F6D6764693A776179706F696E7420783D223633352E352220793D223236352E30223E3C2F6F6D6764693A776179706F696E743E0A20202020202020203C6F6D6764693A776179706F696E7420783D223633352E3131342220793D223139372E37393737393734383238333736223E3C2F6F6D6764693A776179706F696E743E0A2020202020203C2F62706D6E64693A42504D4E456467653E0A2020202020203C62706D6E64693A42504D4E456467652062706D6E456C656D656E743D227369642D41444336453337322D443933362D343144332D384131322D463044313532423039373639222069643D2242504D4E456467655F7369642D41444336453337322D443933362D343144332D384131322D463044313532423039373639223E0A20202020202020203C6F6D6764693A776179706F696E7420783D223334302E3131342220793D223139372E3832343734333135303638343935223E3C2F6F6D6764693A776179706F696E743E0A20202020202020203C6F6D6764693A776179706F696E7420783D223334302E352220793D223236352E30223E3C2F6F6D6764693A776179706F696E743E0A20202020202020203C6F6D6764693A776179706F696E7420783D223433352E302220793D223236352E30223E3C2F6F6D6764693A776179706F696E743E0A2020202020203C2F62706D6E64693A42504D4E456467653E0A2020202020203C62706D6E64693A42504D4E456467652062706D6E456C656D656E743D227369642D36434330334630332D313230322D344636452D393841312D414630364136334446303046222069643D2242504D4E456467655F7369642D36434330334630332D313230322D344636452D393841312D414630364136334446303046223E0A20202020202020203C6F6D6764693A776179706F696E7420783D223132392E393439393938363138333535342220793D223137382E30223E3C2F6F6D6764693A776179706F696E743E0A20202020202020203C6F6D6764693A776179706F696E7420783D223138302E302220793D223137382E30223E3C2F6F6D6764693A776179706F696E743E0A2020202020203C2F62706D6E64693A42504D4E456467653E0A2020202020203C62706D6E64693A42504D4E456467652062706D6E456C656D656E743D227369642D32433234364337392D383235332D343937462D394433422D414636383137323342323135222069643D2242504D4E456467655F7369642D32433234364337392D383235332D343937462D394433422D414636383137323342323135223E0A20202020202020203C6F6D6764693A776179706F696E7420783D223237392E39353030303030303030303030352220793D223137382E30223E3C2F6F6D6764693A776179706F696E743E0A20202020202020203C6F6D6764693A776179706F696E7420783D223332302E302220793D223137382E30223E3C2F6F6D6764693A776179706F696E743E0A2020202020203C2F62706D6E64693A42504D4E456467653E0A2020202020203C62706D6E64693A42504D4E456467652062706D6E456C656D656E743D227369642D44413243433931442D454633452D344330352D383445442D364342324643344430363230222069643D2242504D4E456467655F7369642D44413243433931442D454633452D344330352D383445442D364342324643344430363230223E0A20202020202020203C6F6D6764693A776179706F696E7420783D223334302E30383037363932333037363932352220793D223135382E3038303937313635393931393032223E3C2F6F6D6764693A776179706F696E743E0A20202020202020203C6F6D6764693A776179706F696E7420783D223334302E352220793D2235352E30223E3C2F6F6D6764693A776179706F696E743E0A20202020202020203C6F6D6764693A776179706F696E7420783D223433352E302220793D2235352E30223E3C2F6F6D6764693A776179706F696E743E0A2020202020203C2F62706D6E64693A42504D4E456467653E0A2020202020203C62706D6E64693A42504D4E456467652062706D6E456C656D656E743D227369642D30453242313444372D363834362D343330322D384134362D433934393642394138323241222069643D2242504D4E456467655F7369642D30453242313444372D363834362D343330322D384134362D433934393642394138323241223E0A20202020202020203C6F6D6764693A776179706F696E7420783D223533342E393439393939393939393933362220793D2235352E30223E3C2F6F6D6764693A776179706F696E743E0A20202020202020203C6F6D6764693A776179706F696E7420783D223633352E302220793D2235352E30223E3C2F6F6D6764693A776179706F696E743E0A20202020202020203C6F6D6764693A776179706F696E7420783D223633352E302220793D223135382E30223E3C2F6F6D6764693A776179706F696E743E0A2020202020203C2F62706D6E64693A42504D4E456467653E0A202020203C2F62706D6E64693A42504D4E506C616E653E0A20203C2F62706D6E64693A42504D4E4469616772616D3E0A3C2F646566696E6974696F6E733E);
INSERT INTO `ACT_APP_DEPLOYMENT_RESOURCE` VALUES ('f46a10ae-4af7-11e9-a8a6-144f8ac1fca1', '测试.bpmn', 'f46a10ad-4af7-11e9-a8a6-144f8ac1fca1', 0x3C3F786D6C2076657273696F6E3D22312E302220656E636F64696E673D225554462D38223F3E0A3C646566696E6974696F6E7320786D6C6E733D22687474703A2F2F7777772E6F6D672E6F72672F737065632F42504D4E2F32303130303532342F4D4F44454C2220786D6C6E733A7873693D22687474703A2F2F7777772E77332E6F72672F323030312F584D4C536368656D612D696E7374616E63652220786D6C6E733A7873643D22687474703A2F2F7777772E77332E6F72672F323030312F584D4C536368656D612220786D6C6E733A666C6F7761626C653D22687474703A2F2F666C6F7761626C652E6F72672F62706D6E2220786D6C6E733A62706D6E64693D22687474703A2F2F7777772E6F6D672E6F72672F737065632F42504D4E2F32303130303532342F44492220786D6C6E733A6F6D6764633D22687474703A2F2F7777772E6F6D672E6F72672F737065632F44442F32303130303532342F44432220786D6C6E733A6F6D6764693D22687474703A2F2F7777772E6F6D672E6F72672F737065632F44442F32303130303532342F44492220747970654C616E67756167653D22687474703A2F2F7777772E77332E6F72672F323030312F584D4C536368656D61222065787072657373696F6E4C616E67756167653D22687474703A2F2F7777772E77332E6F72672F313939392F585061746822207461726765744E616D6573706163653D22687474703A2F2F7777772E666C6F7761626C652E6F72672F70726F63657373646566223E0A20203C70726F636573732069643D22E6B58BE8AF9522206E616D653D22E6B58BE8AF95632220697345786563757461626C653D2274727565223E0A202020203C73746172744576656E742069643D2273746172744576656E74312220666C6F7761626C653A696E69746961746F723D22696E69746961746F72223E3C2F73746172744576656E743E0A202020203C757365725461736B2069643D227369642D30314236354333462D383535462D343033352D423134322D453641463937464532393838223E3C2F757365725461736B3E0A202020203C73657175656E6365466C6F772069643D227369642D30343837334230442D333042372D344141422D413036332D3331443544364135323744332220736F757263655265663D2273746172744576656E743122207461726765745265663D227369642D30314236354333462D383535462D343033352D423134322D453641463937464532393838223E3C2F73657175656E6365466C6F773E0A202020203C757365725461736B2069643D227369642D33413846344133342D463933342D343944432D383231382D413836443843374136394339223E3C2F757365725461736B3E0A202020203C73657175656E6365466C6F772069643D227369642D39344646333937452D383646312D343745322D423737422D3339313244463938423332322220736F757263655265663D227369642D30314236354333462D383535462D343033352D423134322D45364146393746453239383822207461726765745265663D227369642D33413846344133342D463933342D343944432D383231382D413836443843374136394339223E3C2F73657175656E6365466C6F773E0A202020203C656E644576656E742069643D227369642D33364130463445382D343537312D343644332D384237332D314446393039323241464436223E3C2F656E644576656E743E0A202020203C73657175656E6365466C6F772069643D227369642D45353630464146462D424536382D344333442D414638422D3133323044433337384231432220736F757263655265663D227369642D33413846344133342D463933342D343944432D383231382D41383644384337413639433922207461726765745265663D227369642D33364130463445382D343537312D343644332D384237332D314446393039323241464436223E3C2F73657175656E6365466C6F773E0A20203C2F70726F636573733E0A20203C62706D6E64693A42504D4E4469616772616D2069643D2242504D4E4469616772616D5FE6B58BE8AF95223E0A202020203C62706D6E64693A42504D4E506C616E652062706D6E456C656D656E743D22E6B58BE8AF95222069643D2242504D4E506C616E655FE6B58BE8AF95223E0A2020202020203C62706D6E64693A42504D4E53686170652062706D6E456C656D656E743D2273746172744576656E7431222069643D2242504D4E53686170655F73746172744576656E7431223E0A20202020202020203C6F6D6764633A426F756E6473206865696768743D2233302E30222077696474683D2233302E302220783D223330302E302220793D223136352E30223E3C2F6F6D6764633A426F756E64733E0A2020202020203C2F62706D6E64693A42504D4E53686170653E0A2020202020203C62706D6E64693A42504D4E53686170652062706D6E456C656D656E743D227369642D30314236354333462D383535462D343033352D423134322D453641463937464532393838222069643D2242504D4E53686170655F7369642D30314236354333462D383535462D343033352D423134322D453641463937464532393838223E0A20202020202020203C6F6D6764633A426F756E6473206865696768743D2238302E30222077696474683D223130302E302220783D223337352E302220793D223134302E30223E3C2F6F6D6764633A426F756E64733E0A2020202020203C2F62706D6E64693A42504D4E53686170653E0A2020202020203C62706D6E64693A42504D4E53686170652062706D6E456C656D656E743D227369642D33413846344133342D463933342D343944432D383231382D413836443843374136394339222069643D2242504D4E53686170655F7369642D33413846344133342D463933342D343944432D383231382D413836443843374136394339223E0A20202020202020203C6F6D6764633A426F756E6473206865696768743D2238302E30222077696474683D223130302E302220783D223532302E302220793D223134302E30223E3C2F6F6D6764633A426F756E64733E0A2020202020203C2F62706D6E64693A42504D4E53686170653E0A2020202020203C62706D6E64693A42504D4E53686170652062706D6E456C656D656E743D227369642D33364130463445382D343537312D343644332D384237332D314446393039323241464436222069643D2242504D4E53686170655F7369642D33364130463445382D343537312D343644332D384237332D314446393039323241464436223E0A20202020202020203C6F6D6764633A426F756E6473206865696768743D2232382E30222077696474683D2232382E302220783D223636352E302220793D223136362E30223E3C2F6F6D6764633A426F756E64733E0A2020202020203C2F62706D6E64693A42504D4E53686170653E0A2020202020203C62706D6E64693A42504D4E456467652062706D6E456C656D656E743D227369642D39344646333937452D383646312D343745322D423737422D333931324446393842333232222069643D2242504D4E456467655F7369642D39344646333937452D383646312D343745322D423737422D333931324446393842333232223E0A20202020202020203C6F6D6764693A776179706F696E7420783D223437342E39353030303030303030303030352220793D223138302E30223E3C2F6F6D6764693A776179706F696E743E0A20202020202020203C6F6D6764693A776179706F696E7420783D223532302E302220793D223138302E30223E3C2F6F6D6764693A776179706F696E743E0A2020202020203C2F62706D6E64693A42504D4E456467653E0A2020202020203C62706D6E64693A42504D4E456467652062706D6E456C656D656E743D227369642D45353630464146462D424536382D344333442D414638422D313332304443333738423143222069643D2242504D4E456467655F7369642D45353630464146462D424536382D344333442D414638422D313332304443333738423143223E0A20202020202020203C6F6D6764693A776179706F696E7420783D223631392E393439393939393939393939392220793D223138302E30223E3C2F6F6D6764693A776179706F696E743E0A20202020202020203C6F6D6764693A776179706F696E7420783D223636352E302220793D223138302E30223E3C2F6F6D6764693A776179706F696E743E0A2020202020203C2F62706D6E64693A42504D4E456467653E0A2020202020203C62706D6E64693A42504D4E456467652062706D6E456C656D656E743D227369642D30343837334230442D333042372D344141422D413036332D333144354436413532374433222069643D2242504D4E456467655F7369642D30343837334230442D333042372D344141422D413036332D333144354436413532374433223E0A20202020202020203C6F6D6764693A776179706F696E7420783D223332392E393439393938343839393537362220793D223138302E30223E3C2F6F6D6764693A776179706F696E743E0A20202020202020203C6F6D6764693A776179706F696E7420783D223337352E302220793D223138302E30223E3C2F6F6D6764693A776179706F696E743E0A2020202020203C2F62706D6E64693A42504D4E456467653E0A202020203C2F62706D6E64693A42504D4E506C616E653E0A20203C2F62706D6E64693A42504D4E4469616772616D3E0A3C2F646566696E6974696F6E733E);
INSERT INTO `ACT_APP_DEPLOYMENT_RESOURCE` VALUES ('f46a10af-4af7-11e9-a8a6-144f8ac1fca1', '官方11.app', 'f46a10ad-4af7-11e9-a8a6-144f8ac1fca1', 0x7B226B6579223A22E5AE98E696B93131222C226E616D65223A22E5AE98E696B93131222C226465736372697074696F6E223A22E5AE98E696B93131222C227468656D65223A227468656D652D31222C2269636F6E223A22676C79706869636F6E2D617374657269736B222C227573657273416363657373223A6E756C6C2C2267726F757073416363657373223A6E756C6C7D);

-- ----------------------------
-- Table structure for ACT_CMMN_CASEDEF
-- ----------------------------
DROP TABLE IF EXISTS `ACT_CMMN_CASEDEF`;
CREATE TABLE `ACT_CMMN_CASEDEF`  (
  `ID_` varchar(255) CHARACTER SET utf8 COLLATE utf8_general_ci NOT NULL,
  `REV_` int(11) NOT NULL,
  `NAME_` varchar(255) CHARACTER SET utf8 COLLATE utf8_general_ci DEFAULT NULL,
  `KEY_` varchar(255) CHARACTER SET utf8 COLLATE utf8_general_ci NOT NULL,
  `VERSION_` int(11) NOT NULL,
  `CATEGORY_` varchar(255) CHARACTER SET utf8 COLLATE utf8_general_ci DEFAULT NULL,
  `DEPLOYMENT_ID_` varchar(255) CHARACTER SET utf8 COLLATE utf8_general_ci DEFAULT NULL,
  `RESOURCE_NAME_` varchar(4000) CHARACTER SET utf8 COLLATE utf8_general_ci DEFAULT NULL,
  `DESCRIPTION_` varchar(4000) CHARACTER SET utf8 COLLATE utf8_general_ci DEFAULT NULL,
  `HAS_GRAPHICAL_NOTATION_` bit(1) DEFAULT NULL,
  `TENANT_ID_` varchar(255) CHARACTER SET utf8 COLLATE utf8_general_ci DEFAULT '',
  `DGRM_RESOURCE_NAME_` varchar(4000) CHARACTER SET utf8 COLLATE utf8_general_ci DEFAULT NULL,
  `HAS_START_FORM_KEY_` bit(1) DEFAULT NULL,
  PRIMARY KEY (`ID_`) USING BTREE,
  INDEX `ACT_IDX_CASE_DEF_DPLY`(`DEPLOYMENT_ID_`) USING BTREE,
  CONSTRAINT `ACT_FK_CASE_DEF_DPLY` FOREIGN KEY (`DEPLOYMENT_ID_`) REFERENCES `ACT_CMMN_DEPLOYMENT` (`ID_`) ON DELETE RESTRICT ON UPDATE RESTRICT
) ENGINE = InnoDB CHARACTER SET = utf8 COLLATE = utf8_general_ci ROW_FORMAT = Compact;

-- ----------------------------
-- Table structure for ACT_CMMN_DATABASECHANGELOG
-- ----------------------------
DROP TABLE IF EXISTS `ACT_CMMN_DATABASECHANGELOG`;
CREATE TABLE `ACT_CMMN_DATABASECHANGELOG`  (
  `ID` varchar(255) CHARACTER SET utf8 COLLATE utf8_general_ci NOT NULL,
  `AUTHOR` varchar(255) CHARACTER SET utf8 COLLATE utf8_general_ci NOT NULL,
  `FILENAME` varchar(255) CHARACTER SET utf8 COLLATE utf8_general_ci NOT NULL,
  `DATEEXECUTED` datetime(0) NOT NULL,
  `ORDEREXECUTED` int(11) NOT NULL,
  `EXECTYPE` varchar(10) CHARACTER SET utf8 COLLATE utf8_general_ci NOT NULL,
  `MD5SUM` varchar(35) CHARACTER SET utf8 COLLATE utf8_general_ci DEFAULT NULL,
  `DESCRIPTION` varchar(255) CHARACTER SET utf8 COLLATE utf8_general_ci DEFAULT NULL,
  `COMMENTS` varchar(255) CHARACTER SET utf8 COLLATE utf8_general_ci DEFAULT NULL,
  `TAG` varchar(255) CHARACTER SET utf8 COLLATE utf8_general_ci DEFAULT NULL,
  `LIQUIBASE` varchar(20) CHARACTER SET utf8 COLLATE utf8_general_ci DEFAULT NULL,
  `CONTEXTS` varchar(255) CHARACTER SET utf8 COLLATE utf8_general_ci DEFAULT NULL,
  `LABELS` varchar(255) CHARACTER SET utf8 COLLATE utf8_general_ci DEFAULT NULL,
  `DEPLOYMENT_ID` varchar(10) CHARACTER SET utf8 COLLATE utf8_general_ci DEFAULT NULL
) ENGINE = InnoDB CHARACTER SET = utf8 COLLATE = utf8_general_ci ROW_FORMAT = Compact;

-- ----------------------------
-- Records of ACT_CMMN_DATABASECHANGELOG
-- ----------------------------
INSERT INTO `ACT_CMMN_DATABASECHANGELOG` VALUES ('1', 'flowable', 'org/flowable/cmmn/db/liquibase/flowable-cmmn-db-changelog.xml', '2019-03-20 17:46:45', 1, 'EXECUTED', '8:8b4b922d90b05ff27483abefc9597aa6', 'createTable tableName=ACT_CMMN_DEPLOYMENT; createTable tableName=ACT_CMMN_DEPLOYMENT_RESOURCE; addForeignKeyConstraint baseTableName=ACT_CMMN_DEPLOYMENT_RESOURCE, constraintName=ACT_FK_CMMN_RSRC_DPL, referencedTableName=ACT_CMMN_DEPLOYMENT; create...', '', NULL, '3.6.2', NULL, NULL, '3075203604');
INSERT INTO `ACT_CMMN_DATABASECHANGELOG` VALUES ('2', 'flowable', 'org/flowable/cmmn/db/liquibase/flowable-cmmn-db-changelog.xml', '2019-03-20 17:46:45', 2, 'EXECUTED', '8:65e39b3d385706bb261cbeffe7533cbe', 'addColumn tableName=ACT_CMMN_CASEDEF; addColumn tableName=ACT_CMMN_DEPLOYMENT_RESOURCE; addColumn tableName=ACT_CMMN_RU_CASE_INST; addColumn tableName=ACT_CMMN_RU_PLAN_ITEM_INST', '', NULL, '3.6.2', NULL, NULL, '3075203604');
INSERT INTO `ACT_CMMN_DATABASECHANGELOG` VALUES ('3', 'flowable', 'org/flowable/cmmn/db/liquibase/flowable-cmmn-db-changelog.xml', '2019-03-20 17:46:45', 3, 'EXECUTED', '8:c01f6e802b49436b4489040da3012359', 'addColumn tableName=ACT_CMMN_RU_PLAN_ITEM_INST; addColumn tableName=ACT_CMMN_RU_CASE_INST; createIndex indexName=ACT_IDX_PLAN_ITEM_STAGE_INST, tableName=ACT_CMMN_RU_PLAN_ITEM_INST; addColumn tableName=ACT_CMMN_RU_PLAN_ITEM_INST; addColumn tableNam...', '', NULL, '3.6.2', NULL, NULL, '3075203604');
INSERT INTO `ACT_CMMN_DATABASECHANGELOG` VALUES ('4', 'flowable', 'org/flowable/cmmn/db/liquibase/flowable-cmmn-db-changelog.xml', '2019-03-20 17:46:45', 4, 'EXECUTED', '8:e40d29cb79345b7fb5afd38a7f0ba8fc', 'createTable tableName=ACT_CMMN_HI_PLAN_ITEM_INST; addColumn tableName=ACT_CMMN_RU_MIL_INST; addColumn tableName=ACT_CMMN_HI_MIL_INST', '', NULL, '3.6.2', NULL, NULL, '3075203604');
INSERT INTO `ACT_CMMN_DATABASECHANGELOG` VALUES ('5', 'flowable', 'org/flowable/cmmn/db/liquibase/flowable-cmmn-db-changelog.xml', '2019-03-20 17:46:46', 5, 'EXECUTED', '8:70349de472f87368dcdec971a10311a0', 'modifyDataType columnName=DEPLOY_TIME_, tableName=ACT_CMMN_DEPLOYMENT; modifyDataType columnName=START_TIME_, tableName=ACT_CMMN_RU_CASE_INST; modifyDataType columnName=START_TIME_, tableName=ACT_CMMN_RU_PLAN_ITEM_INST; modifyDataType columnName=T...', '', NULL, '3.6.2', NULL, NULL, '3075203604');

-- ----------------------------
-- Table structure for ACT_CMMN_DATABASECHANGELOGLOCK
-- ----------------------------
DROP TABLE IF EXISTS `ACT_CMMN_DATABASECHANGELOGLOCK`;
CREATE TABLE `ACT_CMMN_DATABASECHANGELOGLOCK`  (
  `ID` int(11) NOT NULL,
  `LOCKED` bit(1) NOT NULL,
  `LOCKGRANTED` datetime(0) DEFAULT NULL,
  `LOCKEDBY` varchar(255) CHARACTER SET utf8 COLLATE utf8_general_ci DEFAULT NULL,
  PRIMARY KEY (`ID`) USING BTREE
) ENGINE = InnoDB CHARACTER SET = utf8 COLLATE = utf8_general_ci ROW_FORMAT = Compact;

-- ----------------------------
-- Records of ACT_CMMN_DATABASECHANGELOGLOCK
-- ----------------------------
INSERT INTO `ACT_CMMN_DATABASECHANGELOGLOCK` VALUES (1, b'0', NULL, NULL);

-- ----------------------------
-- Table structure for ACT_CMMN_DEPLOYMENT
-- ----------------------------
DROP TABLE IF EXISTS `ACT_CMMN_DEPLOYMENT`;
CREATE TABLE `ACT_CMMN_DEPLOYMENT`  (
  `ID_` varchar(255) CHARACTER SET utf8 COLLATE utf8_general_ci NOT NULL,
  `NAME_` varchar(255) CHARACTER SET utf8 COLLATE utf8_general_ci DEFAULT NULL,
  `CATEGORY_` varchar(255) CHARACTER SET utf8 COLLATE utf8_general_ci DEFAULT NULL,
  `KEY_` varchar(255) CHARACTER SET utf8 COLLATE utf8_general_ci DEFAULT NULL,
  `DEPLOY_TIME_` datetime(3) DEFAULT NULL,
  `PARENT_DEPLOYMENT_ID_` varchar(255) CHARACTER SET utf8 COLLATE utf8_general_ci DEFAULT NULL,
  `TENANT_ID_` varchar(255) CHARACTER SET utf8 COLLATE utf8_general_ci DEFAULT '',
  PRIMARY KEY (`ID_`) USING BTREE
) ENGINE = InnoDB CHARACTER SET = utf8 COLLATE = utf8_general_ci ROW_FORMAT = Compact;

-- ----------------------------
-- Table structure for ACT_CMMN_DEPLOYMENT_RESOURCE
-- ----------------------------
DROP TABLE IF EXISTS `ACT_CMMN_DEPLOYMENT_RESOURCE`;
CREATE TABLE `ACT_CMMN_DEPLOYMENT_RESOURCE`  (
  `ID_` varchar(255) CHARACTER SET utf8 COLLATE utf8_general_ci NOT NULL,
  `NAME_` varchar(255) CHARACTER SET utf8 COLLATE utf8_general_ci DEFAULT NULL,
  `DEPLOYMENT_ID_` varchar(255) CHARACTER SET utf8 COLLATE utf8_general_ci DEFAULT NULL,
  `RESOURCE_BYTES_` longblob,
  `GENERATED_` bit(1) DEFAULT NULL,
  PRIMARY KEY (`ID_`) USING BTREE,
  INDEX `ACT_IDX_CMMN_RSRC_DPL`(`DEPLOYMENT_ID_`) USING BTREE,
  CONSTRAINT `ACT_FK_CMMN_RSRC_DPL` FOREIGN KEY (`DEPLOYMENT_ID_`) REFERENCES `ACT_CMMN_DEPLOYMENT` (`ID_`) ON DELETE RESTRICT ON UPDATE RESTRICT
) ENGINE = InnoDB CHARACTER SET = utf8 COLLATE = utf8_general_ci ROW_FORMAT = Compact;

-- ----------------------------
-- Table structure for ACT_CMMN_HI_CASE_INST
-- ----------------------------
DROP TABLE IF EXISTS `ACT_CMMN_HI_CASE_INST`;
CREATE TABLE `ACT_CMMN_HI_CASE_INST`  (
  `ID_` varchar(255) CHARACTER SET utf8 COLLATE utf8_general_ci NOT NULL,
  `REV_` int(11) NOT NULL,
  `BUSINESS_KEY_` varchar(255) CHARACTER SET utf8 COLLATE utf8_general_ci DEFAULT NULL,
  `NAME_` varchar(255) CHARACTER SET utf8 COLLATE utf8_general_ci DEFAULT NULL,
  `PARENT_ID_` varchar(255) CHARACTER SET utf8 COLLATE utf8_general_ci DEFAULT NULL,
  `CASE_DEF_ID_` varchar(255) CHARACTER SET utf8 COLLATE utf8_general_ci DEFAULT NULL,
  `STATE_` varchar(255) CHARACTER SET utf8 COLLATE utf8_general_ci DEFAULT NULL,
  `START_TIME_` datetime(3) DEFAULT NULL,
  `END_TIME_` datetime(3) DEFAULT NULL,
  `START_USER_ID_` varchar(255) CHARACTER SET utf8 COLLATE utf8_general_ci DEFAULT NULL,
  `CALLBACK_ID_` varchar(255) CHARACTER SET utf8 COLLATE utf8_general_ci DEFAULT NULL,
  `CALLBACK_TYPE_` varchar(255) CHARACTER SET utf8 COLLATE utf8_general_ci DEFAULT NULL,
  `TENANT_ID_` varchar(255) CHARACTER SET utf8 COLLATE utf8_general_ci DEFAULT '',
  PRIMARY KEY (`ID_`) USING BTREE
) ENGINE = InnoDB CHARACTER SET = utf8 COLLATE = utf8_general_ci ROW_FORMAT = Compact;

-- ----------------------------
-- Table structure for ACT_CMMN_HI_MIL_INST
-- ----------------------------
DROP TABLE IF EXISTS `ACT_CMMN_HI_MIL_INST`;
CREATE TABLE `ACT_CMMN_HI_MIL_INST`  (
  `ID_` varchar(255) CHARACTER SET utf8 COLLATE utf8_general_ci NOT NULL,
  `REV_` int(11) NOT NULL,
  `NAME_` varchar(255) CHARACTER SET utf8 COLLATE utf8_general_ci NOT NULL,
  `TIME_STAMP_` datetime(3) DEFAULT NULL,
  `CASE_INST_ID_` varchar(255) CHARACTER SET utf8 COLLATE utf8_general_ci NOT NULL,
  `CASE_DEF_ID_` varchar(255) CHARACTER SET utf8 COLLATE utf8_general_ci NOT NULL,
  `ELEMENT_ID_` varchar(255) CHARACTER SET utf8 COLLATE utf8_general_ci NOT NULL,
  `TENANT_ID_` varchar(255) CHARACTER SET utf8 COLLATE utf8_general_ci DEFAULT '',
  PRIMARY KEY (`ID_`) USING BTREE
) ENGINE = InnoDB CHARACTER SET = utf8 COLLATE = utf8_general_ci ROW_FORMAT = Compact;

-- ----------------------------
-- Table structure for ACT_CMMN_HI_PLAN_ITEM_INST
-- ----------------------------
DROP TABLE IF EXISTS `ACT_CMMN_HI_PLAN_ITEM_INST`;
CREATE TABLE `ACT_CMMN_HI_PLAN_ITEM_INST`  (
  `ID_` varchar(255) CHARACTER SET utf8 COLLATE utf8_general_ci NOT NULL,
  `REV_` int(11) NOT NULL,
  `NAME_` varchar(255) CHARACTER SET utf8 COLLATE utf8_general_ci DEFAULT NULL,
  `STATE_` varchar(255) CHARACTER SET utf8 COLLATE utf8_general_ci DEFAULT NULL,
  `CASE_DEF_ID_` varchar(255) CHARACTER SET utf8 COLLATE utf8_general_ci DEFAULT NULL,
  `CASE_INST_ID_` varchar(255) CHARACTER SET utf8 COLLATE utf8_general_ci DEFAULT NULL,
  `STAGE_INST_ID_` varchar(255) CHARACTER SET utf8 COLLATE utf8_general_ci DEFAULT NULL,
  `IS_STAGE_` bit(1) DEFAULT NULL,
  `ELEMENT_ID_` varchar(255) CHARACTER SET utf8 COLLATE utf8_general_ci DEFAULT NULL,
  `ITEM_DEFINITION_ID_` varchar(255) CHARACTER SET utf8 COLLATE utf8_general_ci DEFAULT NULL,
  `ITEM_DEFINITION_TYPE_` varchar(255) CHARACTER SET utf8 COLLATE utf8_general_ci DEFAULT NULL,
  `CREATED_TIME_` datetime(3) DEFAULT NULL,
  `LAST_AVAILABLE_TIME_` datetime(3) DEFAULT NULL,
  `LAST_ENABLED_TIME_` datetime(3) DEFAULT NULL,
  `LAST_DISABLED_TIME_` datetime(3) DEFAULT NULL,
  `LAST_STARTED_TIME_` datetime(3) DEFAULT NULL,
  `LAST_SUSPENDED_TIME_` datetime(3) DEFAULT NULL,
  `COMPLETED_TIME_` datetime(3) DEFAULT NULL,
  `OCCURRED_TIME_` datetime(3) DEFAULT NULL,
  `TERMINATED_TIME_` datetime(3) DEFAULT NULL,
  `EXIT_TIME_` datetime(3) DEFAULT NULL,
  `ENDED_TIME_` datetime(3) DEFAULT NULL,
  `LAST_UPDATED_TIME_` datetime(3) DEFAULT NULL,
  `START_USER_ID_` varchar(255) CHARACTER SET utf8 COLLATE utf8_general_ci DEFAULT NULL,
  `REFERENCE_ID_` varchar(255) CHARACTER SET utf8 COLLATE utf8_general_ci DEFAULT NULL,
  `REFERENCE_TYPE_` varchar(255) CHARACTER SET utf8 COLLATE utf8_general_ci DEFAULT NULL,
  `TENANT_ID_` varchar(255) CHARACTER SET utf8 COLLATE utf8_general_ci DEFAULT '',
  PRIMARY KEY (`ID_`) USING BTREE
) ENGINE = InnoDB CHARACTER SET = utf8 COLLATE = utf8_general_ci ROW_FORMAT = Compact;

-- ----------------------------
-- Table structure for ACT_CMMN_RU_CASE_INST
-- ----------------------------
DROP TABLE IF EXISTS `ACT_CMMN_RU_CASE_INST`;
CREATE TABLE `ACT_CMMN_RU_CASE_INST`  (
  `ID_` varchar(255) CHARACTER SET utf8 COLLATE utf8_general_ci NOT NULL,
  `REV_` int(11) NOT NULL,
  `BUSINESS_KEY_` varchar(255) CHARACTER SET utf8 COLLATE utf8_general_ci DEFAULT NULL,
  `NAME_` varchar(255) CHARACTER SET utf8 COLLATE utf8_general_ci DEFAULT NULL,
  `PARENT_ID_` varchar(255) CHARACTER SET utf8 COLLATE utf8_general_ci DEFAULT NULL,
  `CASE_DEF_ID_` varchar(255) CHARACTER SET utf8 COLLATE utf8_general_ci DEFAULT NULL,
  `STATE_` varchar(255) CHARACTER SET utf8 COLLATE utf8_general_ci DEFAULT NULL,
  `START_TIME_` datetime(3) DEFAULT NULL,
  `START_USER_ID_` varchar(255) CHARACTER SET utf8 COLLATE utf8_general_ci DEFAULT NULL,
  `CALLBACK_ID_` varchar(255) CHARACTER SET utf8 COLLATE utf8_general_ci DEFAULT NULL,
  `CALLBACK_TYPE_` varchar(255) CHARACTER SET utf8 COLLATE utf8_general_ci DEFAULT NULL,
  `TENANT_ID_` varchar(255) CHARACTER SET utf8 COLLATE utf8_general_ci DEFAULT '',
  `LOCK_TIME_` datetime(3) DEFAULT NULL,
  `IS_COMPLETEABLE_` bit(1) DEFAULT NULL,
  PRIMARY KEY (`ID_`) USING BTREE,
  INDEX `ACT_IDX_CASE_INST_CASE_DEF`(`CASE_DEF_ID_`) USING BTREE,
  INDEX `ACT_IDX_CASE_INST_PARENT`(`PARENT_ID_`) USING BTREE,
  CONSTRAINT `ACT_FK_CASE_INST_CASE_DEF` FOREIGN KEY (`CASE_DEF_ID_`) REFERENCES `ACT_CMMN_CASEDEF` (`ID_`) ON DELETE RESTRICT ON UPDATE RESTRICT
) ENGINE = InnoDB CHARACTER SET = utf8 COLLATE = utf8_general_ci ROW_FORMAT = Compact;

-- ----------------------------
-- Table structure for ACT_CMMN_RU_MIL_INST
-- ----------------------------
DROP TABLE IF EXISTS `ACT_CMMN_RU_MIL_INST`;
CREATE TABLE `ACT_CMMN_RU_MIL_INST`  (
  `ID_` varchar(255) CHARACTER SET utf8 COLLATE utf8_general_ci NOT NULL,
  `NAME_` varchar(255) CHARACTER SET utf8 COLLATE utf8_general_ci NOT NULL,
  `TIME_STAMP_` datetime(3) DEFAULT NULL,
  `CASE_INST_ID_` varchar(255) CHARACTER SET utf8 COLLATE utf8_general_ci NOT NULL,
  `CASE_DEF_ID_` varchar(255) CHARACTER SET utf8 COLLATE utf8_general_ci NOT NULL,
  `ELEMENT_ID_` varchar(255) CHARACTER SET utf8 COLLATE utf8_general_ci NOT NULL,
  `TENANT_ID_` varchar(255) CHARACTER SET utf8 COLLATE utf8_general_ci DEFAULT '',
  PRIMARY KEY (`ID_`) USING BTREE,
  INDEX `ACT_IDX_MIL_CASE_DEF`(`CASE_DEF_ID_`) USING BTREE,
  INDEX `ACT_IDX_MIL_CASE_INST`(`CASE_INST_ID_`) USING BTREE,
  CONSTRAINT `ACT_FK_MIL_CASE_DEF` FOREIGN KEY (`CASE_DEF_ID_`) REFERENCES `ACT_CMMN_CASEDEF` (`ID_`) ON DELETE RESTRICT ON UPDATE RESTRICT,
  CONSTRAINT `ACT_FK_MIL_CASE_INST` FOREIGN KEY (`CASE_INST_ID_`) REFERENCES `ACT_CMMN_RU_CASE_INST` (`ID_`) ON DELETE RESTRICT ON UPDATE RESTRICT
) ENGINE = InnoDB CHARACTER SET = utf8 COLLATE = utf8_general_ci ROW_FORMAT = Compact;

-- ----------------------------
-- Table structure for ACT_CMMN_RU_PLAN_ITEM_INST
-- ----------------------------
DROP TABLE IF EXISTS `ACT_CMMN_RU_PLAN_ITEM_INST`;
CREATE TABLE `ACT_CMMN_RU_PLAN_ITEM_INST`  (
  `ID_` varchar(255) CHARACTER SET utf8 COLLATE utf8_general_ci NOT NULL,
  `REV_` int(11) NOT NULL,
  `CASE_DEF_ID_` varchar(255) CHARACTER SET utf8 COLLATE utf8_general_ci DEFAULT NULL,
  `CASE_INST_ID_` varchar(255) CHARACTER SET utf8 COLLATE utf8_general_ci DEFAULT NULL,
  `STAGE_INST_ID_` varchar(255) CHARACTER SET utf8 COLLATE utf8_general_ci DEFAULT NULL,
  `IS_STAGE_` bit(1) DEFAULT NULL,
  `ELEMENT_ID_` varchar(255) CHARACTER SET utf8 COLLATE utf8_general_ci DEFAULT NULL,
  `NAME_` varchar(255) CHARACTER SET utf8 COLLATE utf8_general_ci DEFAULT NULL,
  `STATE_` varchar(255) CHARACTER SET utf8 COLLATE utf8_general_ci DEFAULT NULL,
  `START_TIME_` datetime(3) DEFAULT NULL,
  `START_USER_ID_` varchar(255) CHARACTER SET utf8 COLLATE utf8_general_ci DEFAULT NULL,
  `REFERENCE_ID_` varchar(255) CHARACTER SET utf8 COLLATE utf8_general_ci DEFAULT NULL,
  `REFERENCE_TYPE_` varchar(255) CHARACTER SET utf8 COLLATE utf8_general_ci DEFAULT NULL,
  `TENANT_ID_` varchar(255) CHARACTER SET utf8 COLLATE utf8_general_ci DEFAULT '',
  `ITEM_DEFINITION_ID_` varchar(255) CHARACTER SET utf8 COLLATE utf8_general_ci DEFAULT NULL,
  `ITEM_DEFINITION_TYPE_` varchar(255) CHARACTER SET utf8 COLLATE utf8_general_ci DEFAULT NULL,
  `IS_COMPLETEABLE_` bit(1) DEFAULT NULL,
  `IS_COUNT_ENABLED_` bit(1) DEFAULT NULL,
  `VAR_COUNT_` int(11) DEFAULT NULL,
  `SENTRY_PART_INST_COUNT_` int(11) DEFAULT NULL,
  PRIMARY KEY (`ID_`) USING BTREE,
  INDEX `ACT_IDX_PLAN_ITEM_CASE_DEF`(`CASE_DEF_ID_`) USING BTREE,
  INDEX `ACT_IDX_PLAN_ITEM_CASE_INST`(`CASE_INST_ID_`) USING BTREE,
  INDEX `ACT_IDX_PLAN_ITEM_STAGE_INST`(`STAGE_INST_ID_`) USING BTREE,
  CONSTRAINT `ACT_FK_PLAN_ITEM_CASE_DEF` FOREIGN KEY (`CASE_DEF_ID_`) REFERENCES `ACT_CMMN_CASEDEF` (`ID_`) ON DELETE RESTRICT ON UPDATE RESTRICT,
  CONSTRAINT `ACT_FK_PLAN_ITEM_CASE_INST` FOREIGN KEY (`CASE_INST_ID_`) REFERENCES `ACT_CMMN_RU_CASE_INST` (`ID_`) ON DELETE RESTRICT ON UPDATE RESTRICT
) ENGINE = InnoDB CHARACTER SET = utf8 COLLATE = utf8_general_ci ROW_FORMAT = Compact;

-- ----------------------------
-- Table structure for ACT_CMMN_RU_SENTRY_PART_INST
-- ----------------------------
DROP TABLE IF EXISTS `ACT_CMMN_RU_SENTRY_PART_INST`;
CREATE TABLE `ACT_CMMN_RU_SENTRY_PART_INST`  (
  `ID_` varchar(255) CHARACTER SET utf8 COLLATE utf8_general_ci NOT NULL,
  `REV_` int(11) NOT NULL,
  `CASE_DEF_ID_` varchar(255) CHARACTER SET utf8 COLLATE utf8_general_ci DEFAULT NULL,
  `CASE_INST_ID_` varchar(255) CHARACTER SET utf8 COLLATE utf8_general_ci DEFAULT NULL,
  `PLAN_ITEM_INST_ID_` varchar(255) CHARACTER SET utf8 COLLATE utf8_general_ci DEFAULT NULL,
  `ON_PART_ID_` varchar(255) CHARACTER SET utf8 COLLATE utf8_general_ci DEFAULT NULL,
  `IF_PART_ID_` varchar(255) CHARACTER SET utf8 COLLATE utf8_general_ci DEFAULT NULL,
  `TIME_STAMP_` datetime(3) DEFAULT NULL,
  PRIMARY KEY (`ID_`) USING BTREE,
  INDEX `ACT_IDX_SENTRY_CASE_DEF`(`CASE_DEF_ID_`) USING BTREE,
  INDEX `ACT_IDX_SENTRY_CASE_INST`(`CASE_INST_ID_`) USING BTREE,
  INDEX `ACT_IDX_SENTRY_PLAN_ITEM`(`PLAN_ITEM_INST_ID_`) USING BTREE,
  CONSTRAINT `ACT_FK_SENTRY_CASE_DEF` FOREIGN KEY (`CASE_DEF_ID_`) REFERENCES `ACT_CMMN_CASEDEF` (`ID_`) ON DELETE RESTRICT ON UPDATE RESTRICT,
  CONSTRAINT `ACT_FK_SENTRY_CASE_INST` FOREIGN KEY (`CASE_INST_ID_`) REFERENCES `ACT_CMMN_RU_CASE_INST` (`ID_`) ON DELETE RESTRICT ON UPDATE RESTRICT,
  CONSTRAINT `ACT_FK_SENTRY_PLAN_ITEM` FOREIGN KEY (`PLAN_ITEM_INST_ID_`) REFERENCES `ACT_CMMN_RU_PLAN_ITEM_INST` (`ID_`) ON DELETE RESTRICT ON UPDATE RESTRICT
) ENGINE = InnoDB CHARACTER SET = utf8 COLLATE = utf8_general_ci ROW_FORMAT = Compact;

-- ----------------------------
-- Table structure for ACT_CO_CONTENT_ITEM
-- ----------------------------
DROP TABLE IF EXISTS `ACT_CO_CONTENT_ITEM`;
CREATE TABLE `ACT_CO_CONTENT_ITEM`  (
  `ID_` varchar(255) CHARACTER SET utf8 COLLATE utf8_general_ci NOT NULL,
  `NAME_` varchar(255) CHARACTER SET utf8 COLLATE utf8_general_ci NOT NULL,
  `MIME_TYPE_` varchar(255) CHARACTER SET utf8 COLLATE utf8_general_ci DEFAULT NULL,
  `TASK_ID_` varchar(255) CHARACTER SET utf8 COLLATE utf8_general_ci DEFAULT NULL,
  `PROC_INST_ID_` varchar(255) CHARACTER SET utf8 COLLATE utf8_general_ci DEFAULT NULL,
  `CONTENT_STORE_ID_` varchar(255) CHARACTER SET utf8 COLLATE utf8_general_ci DEFAULT NULL,
  `CONTENT_STORE_NAME_` varchar(255) CHARACTER SET utf8 COLLATE utf8_general_ci DEFAULT NULL,
  `FIELD_` varchar(400) CHARACTER SET utf8 COLLATE utf8_general_ci DEFAULT NULL,
  `CONTENT_AVAILABLE_` bit(1) DEFAULT b'0',
  `CREATED_` timestamp(6) DEFAULT NULL,
  `CREATED_BY_` varchar(255) CHARACTER SET utf8 COLLATE utf8_general_ci DEFAULT NULL,
  `LAST_MODIFIED_` timestamp(6) DEFAULT NULL,
  `LAST_MODIFIED_BY_` varchar(255) CHARACTER SET utf8 COLLATE utf8_general_ci DEFAULT NULL,
  `CONTENT_SIZE_` bigint(20) DEFAULT 0,
  `TENANT_ID_` varchar(255) CHARACTER SET utf8 COLLATE utf8_general_ci DEFAULT NULL,
  `SCOPE_ID_` varchar(255) CHARACTER SET utf8 COLLATE utf8_general_ci DEFAULT NULL,
  `SCOPE_TYPE_` varchar(255) CHARACTER SET utf8 COLLATE utf8_general_ci DEFAULT NULL,
  PRIMARY KEY (`ID_`) USING BTREE,
  INDEX `idx_contitem_taskid`(`TASK_ID_`) USING BTREE,
  INDEX `idx_contitem_procid`(`PROC_INST_ID_`) USING BTREE,
  INDEX `idx_contitem_scope`(`SCOPE_ID_`, `SCOPE_TYPE_`) USING BTREE
) ENGINE = InnoDB CHARACTER SET = utf8 COLLATE = utf8_general_ci ROW_FORMAT = Compact;

-- ----------------------------
-- Table structure for ACT_CO_DATABASECHANGELOG
-- ----------------------------
DROP TABLE IF EXISTS `ACT_CO_DATABASECHANGELOG`;
CREATE TABLE `ACT_CO_DATABASECHANGELOG`  (
  `ID` varchar(255) CHARACTER SET utf8 COLLATE utf8_general_ci NOT NULL,
  `AUTHOR` varchar(255) CHARACTER SET utf8 COLLATE utf8_general_ci NOT NULL,
  `FILENAME` varchar(255) CHARACTER SET utf8 COLLATE utf8_general_ci NOT NULL,
  `DATEEXECUTED` datetime(0) NOT NULL,
  `ORDEREXECUTED` int(11) NOT NULL,
  `EXECTYPE` varchar(10) CHARACTER SET utf8 COLLATE utf8_general_ci NOT NULL,
  `MD5SUM` varchar(35) CHARACTER SET utf8 COLLATE utf8_general_ci DEFAULT NULL,
  `DESCRIPTION` varchar(255) CHARACTER SET utf8 COLLATE utf8_general_ci DEFAULT NULL,
  `COMMENTS` varchar(255) CHARACTER SET utf8 COLLATE utf8_general_ci DEFAULT NULL,
  `TAG` varchar(255) CHARACTER SET utf8 COLLATE utf8_general_ci DEFAULT NULL,
  `LIQUIBASE` varchar(20) CHARACTER SET utf8 COLLATE utf8_general_ci DEFAULT NULL,
  `CONTEXTS` varchar(255) CHARACTER SET utf8 COLLATE utf8_general_ci DEFAULT NULL,
  `LABELS` varchar(255) CHARACTER SET utf8 COLLATE utf8_general_ci DEFAULT NULL,
  `DEPLOYMENT_ID` varchar(10) CHARACTER SET utf8 COLLATE utf8_general_ci DEFAULT NULL
) ENGINE = InnoDB CHARACTER SET = utf8 COLLATE = utf8_general_ci ROW_FORMAT = Compact;

-- ----------------------------
-- Records of ACT_CO_DATABASECHANGELOG
-- ----------------------------
INSERT INTO `ACT_CO_DATABASECHANGELOG` VALUES ('1', 'activiti', 'org/flowable/content/db/liquibase/flowable-content-db-changelog.xml', '2019-03-20 17:46:44', 1, 'EXECUTED', '8:7644d7165cfe799200a2abdd3419e8b6', 'createTable tableName=ACT_CO_CONTENT_ITEM; createIndex indexName=idx_contitem_taskid, tableName=ACT_CO_CONTENT_ITEM; createIndex indexName=idx_contitem_procid, tableName=ACT_CO_CONTENT_ITEM', '', NULL, '3.6.2', NULL, NULL, '3075203242');
INSERT INTO `ACT_CO_DATABASECHANGELOG` VALUES ('2', 'flowable', 'org/flowable/content/db/liquibase/flowable-content-db-changelog.xml', '2019-03-20 17:46:44', 2, 'EXECUTED', '8:fe7b11ac7dbbf9c43006b23bbab60bab', 'addColumn tableName=ACT_CO_CONTENT_ITEM; createIndex indexName=idx_contitem_scope, tableName=ACT_CO_CONTENT_ITEM', '', NULL, '3.6.2', NULL, NULL, '3075203242');

-- ----------------------------
-- Table structure for ACT_CO_DATABASECHANGELOGLOCK
-- ----------------------------
DROP TABLE IF EXISTS `ACT_CO_DATABASECHANGELOGLOCK`;
CREATE TABLE `ACT_CO_DATABASECHANGELOGLOCK`  (
  `ID` int(11) NOT NULL,
  `LOCKED` bit(1) NOT NULL,
  `LOCKGRANTED` datetime(0) DEFAULT NULL,
  `LOCKEDBY` varchar(255) CHARACTER SET utf8 COLLATE utf8_general_ci DEFAULT NULL,
  PRIMARY KEY (`ID`) USING BTREE
) ENGINE = InnoDB CHARACTER SET = utf8 COLLATE = utf8_general_ci ROW_FORMAT = Compact;

-- ----------------------------
-- Records of ACT_CO_DATABASECHANGELOGLOCK
-- ----------------------------
INSERT INTO `ACT_CO_DATABASECHANGELOGLOCK` VALUES (1, b'0', NULL, NULL);

-- ----------------------------
-- Table structure for ACT_DE_DATABASECHANGELOG
-- ----------------------------
DROP TABLE IF EXISTS `ACT_DE_DATABASECHANGELOG`;
CREATE TABLE `ACT_DE_DATABASECHANGELOG`  (
  `ID` varchar(255) CHARACTER SET utf8 COLLATE utf8_general_ci NOT NULL,
  `AUTHOR` varchar(255) CHARACTER SET utf8 COLLATE utf8_general_ci NOT NULL,
  `FILENAME` varchar(255) CHARACTER SET utf8 COLLATE utf8_general_ci NOT NULL,
  `DATEEXECUTED` datetime(0) NOT NULL,
  `ORDEREXECUTED` int(11) NOT NULL,
  `EXECTYPE` varchar(10) CHARACTER SET utf8 COLLATE utf8_general_ci NOT NULL,
  `MD5SUM` varchar(35) CHARACTER SET utf8 COLLATE utf8_general_ci DEFAULT NULL,
  `DESCRIPTION` varchar(255) CHARACTER SET utf8 COLLATE utf8_general_ci DEFAULT NULL,
  `COMMENTS` varchar(255) CHARACTER SET utf8 COLLATE utf8_general_ci DEFAULT NULL,
  `TAG` varchar(255) CHARACTER SET utf8 COLLATE utf8_general_ci DEFAULT NULL,
  `LIQUIBASE` varchar(20) CHARACTER SET utf8 COLLATE utf8_general_ci DEFAULT NULL,
  `CONTEXTS` varchar(255) CHARACTER SET utf8 COLLATE utf8_general_ci DEFAULT NULL,
  `LABELS` varchar(255) CHARACTER SET utf8 COLLATE utf8_general_ci DEFAULT NULL,
  `DEPLOYMENT_ID` varchar(10) CHARACTER SET utf8 COLLATE utf8_general_ci DEFAULT NULL
) ENGINE = InnoDB CHARACTER SET = utf8 COLLATE = utf8_general_ci ROW_FORMAT = Compact;

-- ----------------------------
-- Records of ACT_DE_DATABASECHANGELOG
-- ----------------------------
INSERT INTO `ACT_DE_DATABASECHANGELOG` VALUES ('1', 'flowable', 'META-INF/liquibase/flowable-modeler-app-db-changelog.xml', '2019-03-20 17:46:23', 1, 'EXECUTED', '8:e70d1d9d3899a734296b2514ccc71501', 'createTable tableName=ACT_DE_MODEL; createIndex indexName=idx_proc_mod_created, tableName=ACT_DE_MODEL; createTable tableName=ACT_DE_MODEL_HISTORY; createIndex indexName=idx_proc_mod_history_proc, tableName=ACT_DE_MODEL_HISTORY; createTable tableN...', '', NULL, '3.6.2', NULL, NULL, '3075181922');
INSERT INTO `ACT_DE_DATABASECHANGELOG` VALUES ('3', 'flowable', 'META-INF/liquibase/flowable-modeler-app-db-changelog.xml', '2019-03-20 17:46:23', 2, 'EXECUTED', '8:3a9143bef2e45f2316231cc1369138b6', 'addColumn tableName=ACT_DE_MODEL; addColumn tableName=ACT_DE_MODEL_HISTORY', '', NULL, '3.6.2', NULL, NULL, '3075181922');

-- ----------------------------
-- Table structure for ACT_DE_DATABASECHANGELOGLOCK
-- ----------------------------
DROP TABLE IF EXISTS `ACT_DE_DATABASECHANGELOGLOCK`;
CREATE TABLE `ACT_DE_DATABASECHANGELOGLOCK`  (
  `ID` int(11) NOT NULL,
  `LOCKED` bit(1) NOT NULL,
  `LOCKGRANTED` datetime(0) DEFAULT NULL,
  `LOCKEDBY` varchar(255) CHARACTER SET utf8 COLLATE utf8_general_ci DEFAULT NULL,
  PRIMARY KEY (`ID`) USING BTREE
) ENGINE = InnoDB CHARACTER SET = utf8 COLLATE = utf8_general_ci ROW_FORMAT = Compact;

-- ----------------------------
-- Records of ACT_DE_DATABASECHANGELOGLOCK
-- ----------------------------
INSERT INTO `ACT_DE_DATABASECHANGELOGLOCK` VALUES (1, b'0', NULL, NULL);

-- ----------------------------
-- Table structure for ACT_DE_MODEL
-- ----------------------------
DROP TABLE IF EXISTS `ACT_DE_MODEL`;
CREATE TABLE `ACT_DE_MODEL`  (
  `id` varchar(255) CHARACTER SET utf8 COLLATE utf8_general_ci NOT NULL,
  `name` varchar(400) CHARACTER SET utf8 COLLATE utf8_general_ci NOT NULL,
  `model_key` varchar(400) CHARACTER SET utf8 COLLATE utf8_general_ci NOT NULL,
  `description` varchar(4000) CHARACTER SET utf8 COLLATE utf8_general_ci DEFAULT NULL,
  `model_comment` varchar(4000) CHARACTER SET utf8 COLLATE utf8_general_ci DEFAULT NULL,
  `created` datetime(6) DEFAULT NULL,
  `created_by` varchar(255) CHARACTER SET utf8 COLLATE utf8_general_ci DEFAULT NULL,
  `last_updated` datetime(6) DEFAULT NULL,
  `last_updated_by` varchar(255) CHARACTER SET utf8 COLLATE utf8_general_ci DEFAULT NULL,
  `version` int(11) DEFAULT NULL,
  `model_editor_json` longtext CHARACTER SET utf8 COLLATE utf8_general_ci,
  `thumbnail` longblob,
  `model_type` int(11) DEFAULT NULL,
  `tenant_id` varchar(255) CHARACTER SET utf8 COLLATE utf8_general_ci DEFAULT NULL,
  PRIMARY KEY (`id`) USING BTREE,
  INDEX `idx_proc_mod_created`(`created_by`) USING BTREE
) ENGINE = InnoDB CHARACTER SET = utf8 COLLATE = utf8_general_ci ROW_FORMAT = Compact;

-- ----------------------------
-- Records of ACT_DE_MODEL
-- ----------------------------
INSERT INTO `ACT_DE_MODEL` VALUES ('5fb6173c-4af6-11e9-9c4e-144f8ac1fca1', 'test', 'test', '', NULL, '2019-03-20 17:56:03.968000', 'admin', '2019-03-20 17:56:03.968000', 'admin', 1, '{\"name\":\"test\",\"key\":\"test\",\"version\":0,\"fields\":[{\"fieldType\":\"OptionFormField\",\"id\":\"continent\",\"name\":\"Continent\",\"type\":\"dropdown\",\"value\":\"Please choose one...\",\"required\":false,\"readOnly\":false,\"overrideId\":false,\"placeholder\":null,\"layout\":null,\"optionType\":null,\"hasEmptyValue\":true,\"options\":[{\"id\":null,\"name\":\"Please choose one...\"},{\"id\":null,\"name\":\"中共\"},{\"id\":null,\"name\":\"美国\"}],\"optionsExpression\":null}],\"outcomes\":[]}', 0x89504E470D0A1A0A0000000D494844520000012C0000006C0806000000D0528FAD0000061549444154785EEDDD4D4B947D1407E06345105A2A21054605B5F20304BA49572E5CD6AE0F2104ADFA001141B8E95B0481B46A536D22A316812EDA9609D22BBD511118FF9BE79167D143871CE58C5D0312C5D1F9CD756E7ECCDC733B0D7CFBF66D23DC081020D00702030AAB0FB6242201029D80C272201020D037020AAB6F56252801020ACB31408040DF0828ACBE5995A00408282CC70001027D23F0DBC2DAD8D888F6E5468000819D1018181888F6F5ABDB6F0BEBD5AB57313636B61339DD07010204E2C78F1FB16FDF3E85E5582040A0BE80C2AABF23090910F847604B85F5E1C3873874E8D026E6B56BD7E2D2A54BFF8BFBFEFDFB181919814F8000813F12E859613D78F020A6A6A6E2FBF7EF71FBF6ED989C9C8C5BB76EC5DBB76FE3F4E9D331313111274F9E8CC5C5C578F3E64D9C3B772EEEDCB913737373D1BE776666266EDCB811972F5FFEA307E29B0810D8FD023D2BACFBF7EFC7D9B367E3D1A34771E6CC99B879F366F76C6A6868A83B317FEAD4A968CFC8D6D7D763656525969696E2CA952BDDDF8F1C39128F1F3F8E67CF9EC5850B1776BFBA474880C01F09F4ACB0DABDAFAEAEC6B163C736FFFCF8F163ECD9B327060707A3BD1C3C78F0607796FFEBD7AF313C3CDCCD1D3D7AB43BEBFFE5CB9768F3ADBCDC081020F02B819E1616620204086CA780C2DA4E5D3F9B00819E0AF4ACB0FE7DF9D7D3747E1801027FBD407B93EEF8F1E39D83C2FAEB0F0700046A0BB4F3DFE3E3E30AABF69AA42340A009B4576FEDCD39CFB01C0F04089417D8F6C26AD7609D3F7F7E13A2BD063D7CF8707918010910A827B0AD85F5FCF9F3EE5AAC76FDD5D5AB57637E7E3E5EBE7C194F9F3E8D13274E74FFBEBCBC1C4F9E3C898585857A3A121120504A605B0BAB3DD2CF9F3FC7EBD7AFBB2BDD0F1C38102F5EBCE87EE770FFFEFDF1F0E1C3989D9D8DEBD7AFC7C58B174BC1084380403D816D2DACF6817EF7EEDDEB7E37F0EEDDBB313D3DDDFD4ACEDADA5AF7D664BBCABD7D8E569B6BCFB65AB9B577005CE15EEF40918840058177EFDE75AFDAB67CD2FDBF1FE0E73AAC0AAB9581C0EE13E8D975583E7174F71D1C1E1181CA025BBA705461555EAD6C04769FC0960AEBD3A74FDD392937020408EC84C0E8E868ECDDBBF79777F5DBFF84622702BA0F0204086404145646C90C0102250414568935084180404640616594CC1020504240619558831004086404145646C90C0102250414568935084180404640616594CC1020504240619558831004086404145646C90C0102250414568935084180404640616594CC1020504240619558831004086404145646C90C0102250414568935084180404640616594CC1020504240619558831004086404145646C90C0102250414568935084180404640616594CC1020504240619558831004086404145646C90C0102250414568935084180404640616594CC1020504240619558831004086404145646C90C0102250414568935084180404640616594CC1020504240619558831004086404145646C90C0102250414568935084180404640616594CC1020504240619558831004086404145646C90C0102250414568935084180404640616594CC1020504240619558831004086404145646C90C0102250414568935084180404640616594CC1020504240619558831004086404145646C90C0102250414568935084180404640616594CC1020504240619558831004086404145646C90C0102250414568935084180404640616594CC1020504240619558831004086404145646C90C0102250414568935084180404640616594CC1020504240619558831004086404145646C90C0102250414568935084180404640616594CC1020504240619558831004086404145646C90C0102250414568935084180404640616594CC1020504240619558831004086404145646C90C0102250414568935084180404640616594CC1020504240619558831004086404145646C90C0102250414568935084180404640616594CC1020504240619558831004086404145646C90C0102250414568935084180404640616594CC1020504240619558831004086404145646C90C0102250414568935084180404640616594CC1020504240619558831004086404145646C90C01022504145689350841804046E027A38A0052EF3E4EE10000000049454E44AE426082, 2, NULL);
INSERT INTO `ACT_DE_MODEL` VALUES ('5fb83a1d-4af6-11e9-9c4e-144f8ac1fca1', '基本信息', '基本信息', 'qwe', NULL, '2019-03-20 17:56:03.982000', 'admin', '2019-03-20 17:56:03.982000', 'admin', 1, '{\"name\":\"基本信息\",\"key\":\"基本信息\",\"version\":0,\"fields\":[{\"fieldType\":\"FormField\",\"id\":\"labelllllllllllllllllllllll\",\"name\":\"Labelllllllllllllllllllllll\",\"type\":\"headline-with-line\",\"value\":null,\"required\":false,\"readOnly\":false,\"overrideId\":false,\"placeholder\":null,\"layout\":null},{\"fieldType\":\"FormField\",\"id\":\"名字\",\"name\":\"名字\",\"type\":\"text\",\"value\":null,\"required\":false,\"readOnly\":false,\"overrideId\":false,\"placeholder\":\"输入名字\",\"layout\":null},{\"fieldType\":\"FormField\",\"id\":\"money\",\"name\":\"money\",\"type\":\"integer\",\"value\":null,\"required\":false,\"readOnly\":false,\"overrideId\":false,\"placeholder\":null,\"params\":{\"minLength\":\"\"},\"layout\":null}],\"outcomes\":[]}', 0x89504E470D0A1A0A0000000D494844520000012C0000006C0806000000D0528FAD000007C049444154785EEDDD4F48545D1CC6F1674AB214ED0FA5D52E2D6A230CB58ADC442D5C2841E49F851BDB48B6E82DF4ADA58B8878B3722545410B5B8421041984D8AA4D816EAD4D1065114625869A95CECBBDBCCA14BDCC75EEB977CEF17E0784B27BE7FCCEE7777898EC764E6A7E7E3E235E0820808003022902CB812E51220208F80204160B0101049C1120B09C69158522800081C51A4000016704082C675A45A108204060B1061040C019819C8195C964E47DF142000104E21048A552F2BEFEF4CA19581F3F7ED4B66DDBE2A8933110400001FDFCF95345454504166B010104EC1720B0ECEF11152280C07F0204164B0101049C11081558D3D3D32A2F2F7766B2148A00026E0B180BAC9B376FAABDBDFD178DA9A929BD78F142070F1EFCE5FB6FDEBCF17F70D6DADAAA9A9A1A5DBF7E5D434343EAE9E9515D5D9DBABABA74F1E2458D8C8CE8CC99333A76EC988E1F3FEEDFD3DDDDAD7DFBF6A9BEBE5EBB76ED526F6FAF5EBE7CA9CECE4E7F1CEFBEDBB76FABBFBFDF7FFF93274FEAF4E9D37AFDFAB52E5CB8A0DADA5A151717BBDD35AA4720A102C602ABA9A9490303033EE38D1B37545A5AAA8686068D8F8F6B70705057AF5ED5D8D8989E3C79A2969616022BA10B8E692310462092C07AF0E0811F5E7D7D7D1A1D1DD5860D1B545151A1CB972F6BCF9E3D6A6C6CF4BFC727AC30ADE35E0492276034B0DADADAFCBFA63D7DFA54C3C3C3BA75EB96CE9E3DABB2B2325DBB764D478F1ED5DDBB77B5B8B8C827ACE4AD35668C4068016381955DC9C2C282D6AE5DBBFC2D2FA0D6AC59E3FF3EFBD7A1ABE70D1040205102910456A204992C0208C4264060C546CD400820105680C00A2BC8FD0820109B0081151B35032180405801022BAC20F72380406C02C602EBEFEEDED88A662004104896C03FDD7FF913361658C9E263B6082050080102AB10EA8C8900027909105879B17113020814422054607DFEFC595BB66C2944DD8C8900020914081558ECE99EC015C3941128A0008155407C86460081950910582BF3E26A041028A040A8C09A9999D1B76FDF0A583E432380409204366DDAF4CB4E30D973CF792E6192A0982B0208D82D4060D9DD1FAA4300812C01028BE5800002CE081058CEB48A42114080C0620D20808033023903EBFBF7EFFAF1E3873313A2500410705BC03B6D6BE97C88DF679233B078D2DDEDE6533D02AE09847A0E8BC072ADDDD48B80DB020496DBFDA37A041225102AB0A6A7A7555E5EBE0C76E7CE1DFF5467EF98FA542AE51F9E7AEEDCB9448132590410884EC058603D7FFE5CEFDEBD53555595D2E9B41E3F7EACF1F171FF31FA53A74E69DDBA75D1CD82774600814408180BAC818101353535F968B3B3B37AF4E8913E7CF8A0EDDBB76BFFFEFDAAAEAE4E042893440081E8048C0556F6F1F47373732A2E2ED6952B5774FEFCF9E8AAE79D1140205102C6022B516A4C1601040A22406015849D411140201F016381E53D7D5A5454944F0DDC83000208FCAFC0DBB76F555959E9FF3981C542410001AB05BC07D4376EDC486059DD258A4300015FE0D3A74F2A2B2B23B0580F082060BF40A48175EFDE3D3D7BF64C274E9C506D6DADFD1A54880002560B441A58DECCFBFAFAD4D1D1A1C1C1411D3E7C585FBE7CD1E4E4A45EBD7AA5D6D656AB71280E0104EC128825B05A5A5A964F85EEE9E9516767A71F5A1515157669500D0208582D1079607DFDFAD5FF21D9D2F633994CC6FFEF3ADE13F05BB76EB51A87E21040C02E81898989E50F3AA11E6BC8DE0F8BE7B0EC6A32D520B05A048C3D87C5067EAB6549300F04DC1030F609CB8DE952250208B82C102AB0E6E7E73984C2E5EE533B028E09949494E47F08856373A55C041058C502394FCD59C573676A0820E0980081E558C3281781240B105849EE3E7347C0310102CBB186512E024916C81958333333F2FEA59017020820108780B72F967712D79F5E39038B0747E36811632080C09240A8E7B0082C16120208C4294060C5A9CD580820104A205460FD7E547DA84AB819010410C821602CB0BCFDAE76EFDEADE6E6666DDEBCD93FDDE2FEFDFB1A1B1BD391234774E8D0217FCB99F7EFDF6BE7CE9DFE0FEBD7AF5F4F8310400081C002C602CBDB1AD9DB9CCFDB16D9DB706BC78E1DBA74E992F6EEDDAB743AADA9A9291D3870C02F6C686848F5F5F5818BE442041040C0133016582BE17CF8F0A11A1A1A56720BD72280000285092CDC114000817C040AF2092B9F42B9070104103016586C91CC6242008128048C6D919CFD5803811545AB784F041088FCD41C8811400001530204962949DE070104221720B0222766000410302540609992E47D1040207201022B726206400001530204962949DE070104221730F6580347D547DE2B064020F102910456E25501400081C805423DE9CE8EA391F787011040204B2054602D2E2ECAFBE285000208C421E01D40914AA5FE3854CE4328E228903110400081200204561025AE4100012B04082C2BDA40110820104480C00AA2C43508206085008165451B28020104820810584194B8060104AC1020B0AC6803452080401001022B8812D720808015020496156DA0080410082240600551E21A0410B04280C0B2A20D14810002410408AC204A5C8300025608105856B481221040208800811544896B1040C00A0102CB8A3650040208041120B08228710D02085821406059D1068A400081200204561025AE4100012B04082C2BDA40110820104480C00AA2C43508206085008165451B28020104820810584194B8060104AC10F8172AAADA6182865EF20000000049454E44AE426082, 2, NULL);
INSERT INTO `ACT_DE_MODEL` VALUES ('5fb9c0be-4af6-11e9-9c4e-144f8ac1fca1', 'bosss-ref', 'bos-ref', '', NULL, '2019-03-20 17:56:03.993000', 'admin', '2019-03-20 17:56:03.993000', 'admin', 1, '{\"name\":\"bosss-ref\",\"key\":\"bos-ref\",\"version\":0,\"fields\":[{\"fieldType\":\"ExpressionFormField\",\"id\":\"label\",\"name\":\"Label\",\"type\":\"expression\",\"value\":null,\"required\":false,\"readOnly\":false,\"overrideId\":false,\"placeholder\":null,\"layout\":null,\"expression\":\"金额大于100。开始提交的数据， ${continent}，第二个流程提交的数据${money} ${名字}\"},{\"fieldType\":\"FormField\",\"id\":\"size\",\"name\":\"size\",\"type\":\"text\",\"value\":null,\"required\":false,\"readOnly\":false,\"overrideId\":false,\"placeholder\":null,\"layout\":null}],\"outcomes\":[]}', 0x89504E470D0A1A0A0000000D494844520000012C0000006C0806000000D0528FAD00000B0949444154785EEDDD67AC4D591FC7F1FF55461FAE5E86C1E8231244EFD1A2CD8411D1A2BF40880811BD4E3008896E5E2841886E949110CC28D105317AD410BDF7F6E4B79223770C16CF3D6ED6E1BB12B9D7B5CEDEFFFD597BFDCEDA37C7DE714F9F3E7D6D34041040200604E208AC1818254A4400012740607122208040CC081058313354148A00020416E7000208C48C008115334345A108204060710E208040CC087803EBF5EBD7A63F34041040202904E2E2E24C7FDED5BC8175FDFA75CB962D5B52D4C93E104000017BF1E285A54891E2FF0BAC5BB76E59E6CC996144000104924420518175EFDE3DFBF6DB6F93A45076820002084435B0AE5CB962B972E572AAFBF7EFB702050A58972E5DAC6FDFBE56B97265DBB871A3D5AD5BD7EEDFBF6FEDDBB777FD7449396BD62CDBB46993D5A953C79A356B662B56AC78F335E110257C9D7EBE7CF972773DBB7DFB76AB5AB5AADDBE7DDB1E3D7A643D7BF6FCCF3ED57FDDBA75D6A851237BF2E489BD7AF5CA4E9E3CE97E0757AA54294B9E3CB95B6EB668D1C22D39972C59F29FB3E3D2A54BB674E952EBDDBBB7E9FBEFBEFBEE8367D05F7FFD65356AD4F8609F499326B9EDBDDD2E5FBEEC6ACA9123C73B5FAFFAD592254B664F9F3EB554A952D9F3E7CF2D65CA94B66AD52A5BBF7EBDDDB871C319BD7CF9D21D979A6CD59E3D7B66DF7CF38D3D78F0C0D2A74F6F7FFEF9A73568D0C0FDFDCC993376F0E041EBD0A183EDD9B3C7C68E1DEB5EB370E142FBE9A79FDC380E1932C4468D1AF5493348E3131F1FEF5E73ECD831DBBB77AFB56BD7CEF4AB05FD5C63A9638E348D65DAB469AD65CB96B678F1E24FDA179DBF4C81A805D6D4A953DD04D0061554BB76ED72A1A389A389A009F1CF3FFF588912256CC080014EF3C0810356A64C19F7FDFCF9F32D53A64CD6A449133B7AF4A8FDF8E38F6F8228217D24CCEEDCB963DAE7912347AC66CD9A6E7F13264C3085A6BECF93278F356CD8D04DE63973E658B76EDD5C48CD9B37CF3A76EC6877EFDEB55EBD7AD9F0E1C32D43860CEED23682A189FEAEDFCD8D1C39D2860E1DEAB6A3A0D084EDD3A78F4D9C38D105E1A2458B5C002A9C151C5A7DAE59B3C6ED6BDCB871AEDE418306D9EFBFFFEE825B352900DF5EA5EEDBB7CFF5D104CE92258B8D1E3DFA5F679FEA94D1E9D3A7ED975F7E718E7FFFFDB70B93DCB973BB1050506A05DCBF7F7F3B74E8900B9E73E7CEB96D2D58B0C09A366D6A69D2A471351D3F7EDC7D9D3973A60BB25AB56A59F6ECD9DD78E8CDA07AF5EA2E546422FF56AD5AB9E3DAB973A7E9D7023FFCF083F5EBD7CF79942E5DDA0E1F3EEC2C65A5FDF5E8D1C3D2A54BE7B655A142054B9D3AB5AB4B41A830958F8252AE0ACFC78F1FBBF3454DC72487F705F797392D39AAF709442DB0DAB66D6B67CF9E75AB139DCCD3A64D7361A149D1A64D1BB7F23A75EA94152B56EC4D2D6F0796DE4D350135110B152AE42658FEFCF9FF55FBB265CBAC79F3E6A6C0D2C4D3641933668C9BD89AE40A1FED5F2B2EED53ABB79F7FFED972E6CCE9268426E4962D5B2C6BD6AC6E15B67AF56A37D114765AD54456585A1DBDAB69327EFFFDF72E9834A12F5CB860F9F2E5732BC6FAF5EB5B952A55DCE4D28A67DBB66D6E2266CC98D176ECD8E12675A429C014029AB4095715917FD776B5022957AE9CDBFEDB2DE1C075EAD4C9E4AF7D56AC58D105A7425CC75AB06041B7F2D2B15FBD7AD56D4BDB96D98C19336CF2E4C96EA5A9559EDE341414322D5CB8B08D1831C2ADA6B4FAD59BC0E6CD9B6DF7EEDDCE52DB50B076EFDEDDAD82AE5DBBE6426EF0E0C1EEB55A15C9536F5E6A5A71972D5BD6FD4CA1AAB661C3062B5FBEBC5DBC78D185A5EA51086A5F1A17AD84156EAA416F863404A216585A616882E8B24D97640A0E2DE9152EB367CF76EFCAFA59E4C4D5DF7FFBEDB737933172B910598545BE366EDCD8D6AE5DEB464AAB27AD84343115582B57AE74AB37FD5CAB08BDFB6BE28D1F3FDEED4B9375D8B0612E28B5222959B2A40B4285A226ACC2542BACE9D3A7BB9053BD9A603A06AD0EDF6E0A1FAD0614845A61BD5DAB8E412B094D2E4D4CAD9C14140A24FD5C9741C58B17779BD5045753F029E0E6CE9DEB2EC1D4FEF8E30F7799AA89AC205620A8B648D32A35E1C069E552A952257729275F6D53976FFAAA370B1D8F4256ABA86AD5AAB9E35768289CB5E2D11B832C147A3A468584564AEAAFDAB5EAD18AAD68D1A2EE525963277B85B3825F16DA978EAF4891226E6517B9C48B180D1C38D0ADB62297ADB2D2F9A2559B5EAF956AE7CE9DDD386AFB0ABEAE5DBBBACBEE13274EB87DD310885A6041890002087C6E814405169FC3FADCC3C3F6114020A10081C5F9800002312390A8C08A99A3A4500410F8E205BCFF35E78B17E000114020660408AC98192A0A450001028B73000104624680C08A99A1A250041020B038071040206604BC81C5E7B062662C2914812F4220511F6B20B0BE887380834020660408AC98192A0A450081440556C2FB1B41890002087C6E81440556C23B8E466E09A3BB13E87FEDEBEE00E7CF9F77F7B5A221800002D110885A60E9B62EBA7BA69AEEB1D4BA756BFBF5D75FDD4DF4EAD5AB178D5AD90602087CE502510B2CDDC953F7BED2FD937423B8DAB56BDBD6AD5BDDBD8D74AF251A020820905881A80556620BE1F5082080804F80C0F209F1EF0820108C40D4024BB7E1D5AD6E69082080403405F46984C813AAA216580AABF73D91359AC5B32D0410F8BA04F46C83C8539308ACAF6BEC395A04624EE0E6CD9BEEA1326A0456CC0D1F0523F0750910585FD77873B408C4B4C0670F2C3DE74F0FD8D4137CF5192C3DB34ECFA3D3833CF3E6CD1BD378148F0002492B902481A507784E9932C53DB9580FF7D48334234F074EDAC3656F082010CB024912585A61AD5FBFDE3D325E3BD40A4B8F79D7A7E169082080C0C70A442DB012DE0F8B8F357C2C3FFD1040E05304A2F6B1868481F5F0E1C34FA981BE082080C04709C4C5C559DAB4695DDF447DAC813B8E7E94379D1040204A02890AAC1B376E587C7C7C944A6133082080C08705F48983F7FD8F1AEF4328C045000104421120B0421909EA400001AF0081E525A203020884224060853212D48100025E0102CB4B44070410084580C00A6524A8030104BC02049697880E0820108A008115CA48500702087805082C2F111D1040201401022B9491A00E0410F00A10585E223A208040280204562823411D0820E01520B0BC4474400081500408AC5046823A1040C02B40607989E8800002A1081058A18C04752080805780C0F212D1010104421120B0421909EA400001AF0081E525A203020884224060853212D48100025E0102CB4B44070410084580C00A6524A8030104BC02049697880E0820108A008115CA48500702087805082C2F111D1040201401022B9491A00E0410F00A10585E223A208040280204562823411D0820E01520B0BC4474400081500408AC5046823A1040C02B40607989E8800002A1081058A18C04752080805780C0F212D1010104421120B0421909EA400001AF0081E525A203020884224060853212D48100025E0102CB4B44070410084580C00A6524A8030104BC02049697880E0820108A008115CA48500702087805082C2F111D1040201401022B9491A00E0410F00A10585E223A208040280204562823411D0820E01520B0BC4474400081500408AC5046823A1040C02B40607989E8800002A1081058A18C04752080805780C0F212D1010104421120B0421909EA400001AF0081E525A203020884224060853212D48100025E0102CB4B44070410084580C00A6524A8030104BC02049697880E0820108A008115CA48500702087805082C2F111D1040201401022B9491A00E0410F00A10585E223A208040280204562823411D0820E01520B0BC4474400081500408AC5046823A1040C02B40607989E8800002A108FC0FAEDECA70F0CC940C0000000049454E44AE426082, 2, NULL);
INSERT INTO `ACT_DE_MODEL` VALUES ('5fbaab1f-4af6-11e9-9c4e-144f8ac1fca1', 'btfb-ref', 'btfb-ref', '', NULL, '2019-03-20 17:56:03.998000', 'admin', '2019-03-20 17:56:03.998000', 'admin', 1, '{\"name\":\"btfb-ref\",\"key\":\"btfb-ref\",\"version\":0,\"fields\":[{\"fieldType\":\"ExpressionFormField\",\"id\":\"label\",\"name\":\"Label\",\"type\":\"expression\",\"value\":null,\"required\":false,\"readOnly\":false,\"overrideId\":false,\"placeholder\":null,\"layout\":null,\"expression\":\"金额小于100， 另一种处理${money}\"},{\"fieldType\":\"FormField\",\"id\":\"size2\",\"name\":\"size2\",\"type\":\"text\",\"value\":null,\"required\":false,\"readOnly\":false,\"overrideId\":false,\"placeholder\":null,\"layout\":null}],\"outcomes\":[]}', 0x89504E470D0A1A0A0000000D494844520000012C0000006C0806000000D0528FAD0000085749444154785EEDDD59888D7F1CC7F1CFD8622CD9B7AC7163BD50521A1722422E6C655F8A0B4291282E5C584A8AB215E542840B492937242271310A59922C11D94583B1CDBFEFAF46A3BFE97CCFF23FFFEF69DE4F4D4CBECF79BEE7F53D3E3DCFF4CCEF29ABAEAEAE111B020820500202650456094C89161140200910587C101040A0640408AC9219158D22800081C5670001044A4680C02A9951D128020810587C061040A064043206564D4D8DEC8B0D010410288640595999ECEB6F5BC6C07AFDFAB53A75EA548C3E3906020820A01F3F7EA8499326B905D6BB77EFD4BE7D7B1811400081A208E415581F3F7E549B366D8AD22807410001040A1A582F5EBC50B76EDD926A6565A5FAF6EDABC58B176BCD9A351A3972A4F6ECD9A3E5CB97EBD3A74F5AB06041AAB34BCAFDFBF7EBDCB9731A3B76ACA64E9DAA93274FFEFEF36F23B21ADB9A376FAEA3478FFEAB64D3A64D5ABA74A93A76ECA867CF9EA9478F1E3A7FFEBC468F1EAD69D3A6A975EBD6A987E3C78F6BE6CC993A71E284CE9E3DABF1E3C767F589F8F5EB973E7FFEAC56AD5A65B51FC50820909B40C102CBC2A859B366E91AD382EAEAD5AB2974CE9C39A379F3E6E9E0C183AAAAAAD2C08103B570E1C2D4EDF5EBD7356CD8B0F4F7C3870FAB6DDBB69A3C79B26EDFBEAD418306E9F2E5CBAAA8A8F8D73BDBBB77AF9A366DAAC78F1F6BEBD6AD7FFCBBBD8E5DA65EB97245F7EFDFD7B871E3D4B56B57DDB871431B366CD0EEDDBB654163AF3F6AD4281D3B764C8B162DD2FAF5EB555E5EAEF7EFDFAB67CF9E5AB972A52CF82C8CEC2CD27E5E67355BB66CD1DCB97353181E38702005F188112372D3672F0410C84AA0608165FF891F3D7A947E2076FAF46959A8545757AB458B169A306182860E1DAAB56BD76AE3C68D6AD9B2E55F03CB02C3CE801E3C78A0FEFDFBA740EAD3A7CF1F6FC82E432DD46CFBF9F3670AB5BA9B9DADD959DB8E1D3B52409E3A752ABDCEAB57AF3463C60CEDDAB54B53A64CD1A54B97347DFA743D7CF850172F5ED493274F52605928356AD4481F3E7C48DF5FBB764DF7EEDDD392254B54F76776F6FAAB57AFFE7D6698953AC50820909340C1026BD2A449FAF6ED5BBAD45AB16245BAECB2CB250B053BDBB2C0F8F2E58BE6CC99931A9D356B96B66DDBA65EBD7AA5EFEDCCA65DBB76BA73E74E3A0BABFDB3F6B2ADF6DD59B0D8EB5AC8D8979D21FD6D7BFEFCB9BA77EF9ECEF0FAF5EB97C265F0E0C15AB76E5D3AE3B33E2D843A74E8A08913276AFBF6ED9A3F7FBEBA74E9F23B0C9F3E7D9AC2EFEBD7AFA9CE6EE1B87BF7AE060C1890CE08ADFED6AD5B1A3264484EF8EC840002D909142CB0B23B2CD508208040F602790516F761650FCE1E082090BB008195BB1D7B2280409105F20AAC22F7CAE1104000817A0532FE6A0E76082080401401022BCA24E8030104320A1058198928400081280204569449D0070208641420B03212518000025104320616F7614519157D20D03004F2BAAD81C06A181F12DE2502510408AC2893A00F0410C828905760D5FEC272C6A35080000208144020AFC0AABBE268ED9230B6D694AD68D0BB77EFB4648BAD3B659BADCC602B25B021800002B90A142CB056AD5AA59D3B77A63E6CCDA9D9B3676BF3E6CD69E9165B96C516D2ABEF6917B936CF7E0820D0B0040A1658870E1D4A6B5F356EDC38AD153566CC185DB87021AD7B75E4C891B4D695FD3B1B02082090AB40C1022BD706D80F010410F00A10585E29EA1040E07F17285860D992C3B6163A1B020820504801BB1BC19E7C655BC102CBC2AABE27B216B2795E0B01041A96803D5BA1F6590B0456C39A3DEF1681921378FBF66D7AA80D675825373A1A46A0E10910580D6FE6BC63044A56E03F0FAC7DFBF669D9B265E93984F62055BB71F4FBF7EF7AF9F2657AAA321B020820E015284A60D90353EDB1F0C3870F576565657AA2B23D4CB573E7CEDE3EA9430001045494C0B2332C7BEA724545453AA09D61DDBC7993BBDDF9002280405602050BACBAEB61715B435633A01801049C0205BBADA16E60555555390F4F19020820E017B04513CACBCBD30E79DD87C58AA37E742A1140207F81BC02EBCD9B3769150636041040A0180276C7417DBF5193F12114C5689063208000021E0102CBA3440D0208841020B0428C81261040C02340607994A8410081100204568831D00402087804082C8F12350820104280C00A31069A4000018F0081E551A20601044208105821C640130820E01120B03C4AD42080400801022BC418680201043C02049647891A0410082140608518034D2080804780C0F22851830002210408AC1063A0090410F00810581E256A10402084008115620C348100021E0102CBA3440D0208841020B0428C81261040C02340607994A8410081100204568831D00402087804082C8F12350820104280C00A31069A4000018F0081E551A20601044208105821C640130820E01120B03C4AD42080400801022BC418680201043C02049647891A0410082140608518034D2080804780C0F22851830002210408AC1063A0090410F00810581E256A10402084008115620C348100021E0102CBA3440D0208841020B0428C81261040C02340607994A8410081100204568831D00402087804082C8F12350820104280C00A31069A4000018F0081E551A20601044208105821C640130820E01120B03C4AD42080400801022BC418680201043C02049647891A0410082140608518034D2080804780C0F22851830002210408AC1063A0090410F00810581E256A10402084008115620C348100021E0102CBA3440D0208841020B0428C81261040C02340607994A8410081100204568831D00402087804082C8F12350820104280C00A31069A4000018F0081E551A20601044208105821C640130820E01120B03C4AD42080400801022BC418680201043C02049647891A0410082140608518034D2080804780C0F22851830002210408AC1063A0090410F008FC037DD60861EAE698C80000000049454E44AE426082, 2, NULL);
INSERT INTO `ACT_DE_MODEL` VALUES ('5ff40aa0-4af6-11e9-9c4e-144f8ac1fca1', '官方流程', '官方流程pgg', '', NULL, '2019-03-20 17:56:04.044000', 'admin', '2019-03-20 17:56:04.044000', 'admin', 1, '{\"bounds\":{\"lowerRight\":{\"x\":1485.0,\"y\":700.0},\"upperLeft\":{\"x\":0.0,\"y\":0.0}},\"resourceId\":\"canvas\",\"stencil\":{\"id\":\"BPMNDiagram\"},\"stencilset\":{\"namespace\":\"http://b3mn.org/stencilset/bpmn2.0#\",\"url\":\"../editor/stencilsets/bpmn2.0/bpmn2.0.json\"},\"properties\":{\"process_id\":\"官方流程pgg\",\"name\":\"官方流程\",\"process_namespace\":\"http://www.flowable.org/processdef\",\"iseagerexecutionfetch\":false,\"messages\":[],\"executionlisteners\":{\"executionListeners\":[]},\"eventlisteners\":{\"eventListeners\":[]},\"signaldefinitions\":[],\"messagedefinitions\":[]},\"childShapes\":[{\"bounds\":{\"lowerRight\":{\"x\":130.0,\"y\":193.0},\"upperLeft\":{\"x\":100.0,\"y\":163.0}},\"resourceId\":\"startEvent1\",\"childShapes\":[],\"stencil\":{\"id\":\"StartNoneEvent\"},\"properties\":{\"overrideid\":\"startEvent1\",\"formreference\":{\"id\":\"5fb6173c-4af6-11e9-9c4e-144f8ac1fca1\",\"name\":\"test\",\"key\":\"test\"},\"interrupting\":true,\"executionlisteners\":{\"executionListeners\":[]}},\"outgoing\":[{\"resourceId\":\"sid-6CC03F03-1202-4F6E-98A1-AF06A63DF00F\"}]},{\"bounds\":{\"lowerRight\":{\"x\":280.0,\"y\":218.0},\"upperLeft\":{\"x\":180.0,\"y\":138.0}},\"resourceId\":\"sid-EB159CA6-00D2-4498-A49F-6D7B88B674F9\",\"childShapes\":[],\"stencil\":{\"id\":\"UserTask\"},\"properties\":{\"overrideid\":\"sid-EB159CA6-00D2-4498-A49F-6D7B88B674F9\",\"name\":\"cgl\",\"usertaskassignment\":{\"assignment\":{\"type\":\"static\",\"assignee\":\"$INITIATOR\"}},\"skipexpression\":\"获取到开始时参数  ${continent}\",\"formreference\":{\"id\":\"5fb83a1d-4af6-11e9-9c4e-144f8ac1fca1\",\"name\":\"基本信息\",\"key\":\"基本信息\"},\"asynchronousdefinition\":false,\"exclusivedefinition\":false,\"tasklisteners\":{\"taskListeners\":[]},\"executionlisteners\":{\"executionListeners\":[]}},\"outgoing\":[{\"resourceId\":\"sid-2C246C79-8253-497F-9D3B-AF681723B215\"}]},{\"bounds\":{\"lowerRight\":{\"x\":172.0,\"y\":212.0},\"upperLeft\":{\"x\":128.0,\"y\":212.0}},\"resourceId\":\"sid-6CC03F03-1202-4F6E-98A1-AF06A63DF00F\",\"childShapes\":[],\"stencil\":{\"id\":\"SequenceFlow\"},\"dockers\":[{\"x\":15.0,\"y\":15.0},{\"x\":50.0,\"y\":40.0}],\"outgoing\":[{\"resourceId\":\"sid-EB159CA6-00D2-4498-A49F-6D7B88B674F9\"}],\"target\":{\"resourceId\":\"sid-EB159CA6-00D2-4498-A49F-6D7B88B674F9\"},\"properties\":{\"overrideid\":\"sid-6CC03F03-1202-4F6E-98A1-AF06A63DF00F\"}},{\"bounds\":{\"lowerRight\":{\"x\":360.0,\"y\":198.0},\"upperLeft\":{\"x\":320.0,\"y\":158.0}},\"resourceId\":\"sid-49EE7A95-2771-4154-9DA3-2DF5C39570BF\",\"childShapes\":[],\"stencil\":{\"id\":\"ExclusiveGateway\"},\"properties\":{\"overrideid\":\"sid-49EE7A95-2771-4154-9DA3-2DF5C39570BF\",\"executionlisteners\":{\"executionListeners\":[]}},\"outgoing\":[{\"resourceId\":\"sid-DA2CC91D-EF3E-4C05-84ED-6CB2FC4D0620\"},{\"resourceId\":\"sid-ADC6E372-D936-41D3-8A12-F0D152B09769\"}]},{\"bounds\":{\"lowerRight\":{\"x\":172.0,\"y\":212.0},\"upperLeft\":{\"x\":128.0,\"y\":212.0}},\"resourceId\":\"sid-2C246C79-8253-497F-9D3B-AF681723B215\",\"childShapes\":[],\"stencil\":{\"id\":\"SequenceFlow\"},\"dockers\":[{\"x\":50.0,\"y\":40.0},{\"x\":20.0,\"y\":20.0}],\"outgoing\":[{\"resourceId\":\"sid-49EE7A95-2771-4154-9DA3-2DF5C39570BF\"}],\"target\":{\"resourceId\":\"sid-49EE7A95-2771-4154-9DA3-2DF5C39570BF\"},\"properties\":{\"overrideid\":\"sid-2C246C79-8253-497F-9D3B-AF681723B215\"}},{\"bounds\":{\"lowerRight\":{\"x\":535.0,\"y\":95.0},\"upperLeft\":{\"x\":435.0,\"y\":15.0}},\"resourceId\":\"sid-1C2E4E05-63AB-4391-A8AB-E071B9B18FB1\",\"childShapes\":[],\"stencil\":{\"id\":\"UserTask\"},\"properties\":{\"overrideid\":\"sid-1C2E4E05-63AB-4391-A8AB-E071B9B18FB1\",\"name\":\"bsss\",\"usertaskassignment\":{\"assignment\":{\"type\":\"static\",\"assignee\":\"$INITIATOR\"}},\"formreference\":{\"id\":\"5fb9c0be-4af6-11e9-9c4e-144f8ac1fca1\",\"name\":\"bosss-ref\",\"key\":\"bos-ref\"},\"asynchronousdefinition\":false,\"exclusivedefinition\":false,\"tasklisteners\":{\"taskListeners\":[]},\"executionlisteners\":{\"executionListeners\":[]}},\"outgoing\":[{\"resourceId\":\"sid-0E2B14D7-6846-4302-8A46-C9496B9A822A\"}]},{\"bounds\":{\"lowerRight\":{\"x\":535.0,\"y\":305.0},\"upperLeft\":{\"x\":435.0,\"y\":225.0}},\"resourceId\":\"sid-B32637CC-6A60-4591-80A6-1A9AEFF34802\",\"childShapes\":[],\"stencil\":{\"id\":\"UserTask\"},\"properties\":{\"overrideid\":\"sid-B32637CC-6A60-4591-80A6-1A9AEFF34802\",\"name\":\"btfb\",\"usertaskassignment\":{\"assignment\":{\"type\":\"static\",\"assignee\":\"$INITIATOR\"}},\"formreference\":{\"id\":\"5fbaab1f-4af6-11e9-9c4e-144f8ac1fca1\",\"name\":\"btfb-ref\",\"key\":\"btfb-ref\"},\"asynchronousdefinition\":false,\"exclusivedefinition\":false,\"tasklisteners\":{\"taskListeners\":[]},\"executionlisteners\":{\"executionListeners\":[]}},\"outgoing\":[{\"resourceId\":\"sid-0D458769-0000-4F86-972E-E1E27F7188A2\"}]},{\"bounds\":{\"lowerRight\":{\"x\":655.0,\"y\":198.0},\"upperLeft\":{\"x\":615.0,\"y\":158.0}},\"resourceId\":\"sid-0BB524D5-5CC2-445F-92EA-073DFD7926D2\",\"childShapes\":[],\"stencil\":{\"id\":\"ExclusiveGateway\"},\"properties\":{\"overrideid\":\"sid-0BB524D5-5CC2-445F-92EA-073DFD7926D2\",\"executionlisteners\":{\"executionListeners\":[]}},\"outgoing\":[{\"resourceId\":\"sid-98F01E4B-B2BF-44F6-842F-8F8DD4BCAE93\"}]},{\"bounds\":{\"lowerRight\":{\"x\":172.0,\"y\":212.0},\"upperLeft\":{\"x\":128.0,\"y\":212.0}},\"resourceId\":\"sid-0E2B14D7-6846-4302-8A46-C9496B9A822A\",\"childShapes\":[],\"stencil\":{\"id\":\"SequenceFlow\"},\"dockers\":[{\"x\":50.0,\"y\":40.0},{\"x\":635.0,\"y\":55.0},{\"x\":20.0,\"y\":20.0}],\"outgoing\":[{\"resourceId\":\"sid-0BB524D5-5CC2-445F-92EA-073DFD7926D2\"}],\"target\":{\"resourceId\":\"sid-0BB524D5-5CC2-445F-92EA-073DFD7926D2\"},\"properties\":{\"overrideid\":\"sid-0E2B14D7-6846-4302-8A46-C9496B9A822A\"}},{\"bounds\":{\"lowerRight\":{\"x\":172.0,\"y\":212.0},\"upperLeft\":{\"x\":128.0,\"y\":212.0}},\"resourceId\":\"sid-0D458769-0000-4F86-972E-E1E27F7188A2\",\"childShapes\":[],\"stencil\":{\"id\":\"SequenceFlow\"},\"dockers\":[{\"x\":50.0,\"y\":40.0},{\"x\":635.5,\"y\":265.0},{\"x\":20.0,\"y\":20.0}],\"outgoing\":[{\"resourceId\":\"sid-0BB524D5-5CC2-445F-92EA-073DFD7926D2\"}],\"target\":{\"resourceId\":\"sid-0BB524D5-5CC2-445F-92EA-073DFD7926D2\"},\"properties\":{\"overrideid\":\"sid-0D458769-0000-4F86-972E-E1E27F7188A2\"}},{\"bounds\":{\"lowerRight\":{\"x\":728.0,\"y\":192.0},\"upperLeft\":{\"x\":700.0,\"y\":164.0}},\"resourceId\":\"sid-8E3A7779-9736-40AD-A452-DB8F3325F5B7\",\"childShapes\":[],\"stencil\":{\"id\":\"EndNoneEvent\"},\"properties\":{\"overrideid\":\"sid-8E3A7779-9736-40AD-A452-DB8F3325F5B7\",\"executionlisteners\":{\"executionListeners\":[]}},\"outgoing\":[]},{\"bounds\":{\"lowerRight\":{\"x\":172.0,\"y\":212.0},\"upperLeft\":{\"x\":128.0,\"y\":212.0}},\"resourceId\":\"sid-98F01E4B-B2BF-44F6-842F-8F8DD4BCAE93\",\"childShapes\":[],\"stencil\":{\"id\":\"SequenceFlow\"},\"dockers\":[{\"x\":20.0,\"y\":20.0},{\"x\":14.0,\"y\":14.0}],\"outgoing\":[{\"resourceId\":\"sid-8E3A7779-9736-40AD-A452-DB8F3325F5B7\"}],\"target\":{\"resourceId\":\"sid-8E3A7779-9736-40AD-A452-DB8F3325F5B7\"},\"properties\":{\"overrideid\":\"sid-98F01E4B-B2BF-44F6-842F-8F8DD4BCAE93\"}},{\"bounds\":{\"lowerRight\":{\"x\":172.0,\"y\":212.0},\"upperLeft\":{\"x\":128.0,\"y\":212.0}},\"resourceId\":\"sid-ADC6E372-D936-41D3-8A12-F0D152B09769\",\"childShapes\":[],\"stencil\":{\"id\":\"SequenceFlow\"},\"dockers\":[{\"x\":20.0,\"y\":20.0},{\"x\":340.5,\"y\":265.0},{\"x\":50.0,\"y\":40.0}],\"outgoing\":[{\"resourceId\":\"sid-B32637CC-6A60-4591-80A6-1A9AEFF34802\"}],\"target\":{\"resourceId\":\"sid-B32637CC-6A60-4591-80A6-1A9AEFF34802\"},\"properties\":{\"overrideid\":\"sid-ADC6E372-D936-41D3-8A12-F0D152B09769\",\"conditionsequenceflow\":\"${money<100}\"}},{\"bounds\":{\"lowerRight\":{\"x\":172.0,\"y\":212.0},\"upperLeft\":{\"x\":128.0,\"y\":212.0}},\"resourceId\":\"sid-DA2CC91D-EF3E-4C05-84ED-6CB2FC4D0620\",\"childShapes\":[],\"stencil\":{\"id\":\"SequenceFlow\"},\"dockers\":[{\"x\":20.0,\"y\":20.0},{\"x\":340.5,\"y\":55.0},{\"x\":50.0,\"y\":40.0}],\"outgoing\":[{\"resourceId\":\"sid-1C2E4E05-63AB-4391-A8AB-E071B9B18FB1\"}],\"target\":{\"resourceId\":\"sid-1C2E4E05-63AB-4391-A8AB-E071B9B18FB1\"},\"properties\":{\"overrideid\":\"sid-DA2CC91D-EF3E-4C05-84ED-6CB2FC4D0620\",\"name\":\"over 2k\",\"conditionsequenceflow\":\"${money>100}\"}}]}', 0x89504E470D0A1A0A0000000D494844520000011200000086080600000011B705C200000B514944415478DAED9D7F6C94771DC7314113E3FEC0F9873FA21303D32DFE40CD8CD305530DA9C681CC8DEBD1DF949632C5002D3020CE64208DD63F408151E35CB04A0C598D461DC184A3DC5DE9A8A21B2C6335B07432736229B5107E94D2768FEF4FBD67B99C75963EF75C9FBBE7F54A3EE97347CBDD7D3FDFEFEBBEDFEFF33CDFEFAC5900000000000000000000003073388E33BBAFAFAFA3A7A767FCE8D1A3CE9123470211B158CC492693971455640920E09844BABABA9C8B172F3A232323818A8181012791485C91549691298000633D914C899C3EB46922AE0EA582229311F5507AC9144080B1E14C66C37545D27BAC35303D138964944C0104189B8F984C246762DB832412874C0114A0488234578248000A4824362FE28AE46CF71E440200B727125720D9814800E0B68736410C44028048100900224124008048000091201200448248008A8F929292D98804003CB17CF9F273D1687439220128BCC6EB28461457159714FF50BC5A5E5EFE5735EA17757C52D1ADC79D7AFC071DFF56C7CF280EE8F869459B8E7FA8F8818EBFABF88E8E1FD3EFAE537C438F57EA71958E238AA53AFE4A5959D917150FE8DFEED3E34F4422918F283E947E2F1649FDFBA2421189DEFBDB1477D4D4D4BCABAAAAEABD1515151F54DCADCFFB31C5A715F7EBF37CC13E933EDB838AAF2BA28A6A7DFE06C53715EBADDCACFCAC1CF537AD8A5D3ADEA7F8A9E2E78A837AEE378A43FADD238A849EEB513CAF78497156715E71413198CEE92D2B536A3AF82E92CC86A0C7EF53CCB5C65D5959F9716BEC8ACF5BE357E3F8B28EBF969642A54942F1685A1A9B74FCB8DB084C2EE94660B2F985C9C724A4386C52D2CFE369499D3669E9675F8648C614A38520922C110FA645FCB774A3B6C6FD17C5096BF4D6F875FCACE2D726059383CAEA29C593260D2B373DB7DDCAD1A4627249CBB8DEA463F2D1730F290F5F3529999CF4DC67159FD2F31F3579296F7729DEA3B8D3726AB93599343636BE95DA0EBE8A2440EF65BF1AC43D0C6D725EAED7AAABABDF416D875088241B4492B31CFF4BBD957752DB019120122F39FEA77A7AEFA6B6032241245E72FC9AE203D476402488C44B8E5F8946A3F3A8ED80481089971CBF2C91DC4B6D07448248BCE4F89444B280DA0E88049178C9F19F2492CF50DB019120122F393E6E571253DB0191209269635712DB95C9D47640248864DAD83D52767B03B51D422992EC9DF60218C385B0D39E44F23BF54A9650DB2194224926931782B881B81BA954EA6021ECFD2B91FC4A227984DA0EA114496767E7D2783C7EB9BFBFFF46D07A222691582C765EB1AC0072FC4B89A49CDA0EA11489A186BA58DFFA276D0861F31101097B2FBD852011430E6957D452DB21B422819C0C6D9EB2059428094024E045244FDA2A6C94042012F022925DB6DA1A25018804BC88C496BE7C8C920044025E726C8B723F4E490022012F39B695E9B753128048C04B8E372BBE4F490022012F396E52ECA424009180971CAF51ECA524009180971CAF52FC8492004402D3C62E8F579E7F46490022012F2229B71BF728094024E045248FD8520294042012F0229225B6B81125018804A68D2DB368CB2D5212804860DAD8C2CFB6003425018804BC88E401DB928292F001C77166F7F5F575F4F4F48CDB22C341597D2B168B39C964F292A20A91402EB0CDB16C932C4AC2074C225D5D5D4E1017171E1818701289C4957C2CE5874842219205B66D2725E103D613C994C8E9439B26E2EA502A283219C9C70AE588241422B9D73612A7247C207BCF145724BDC75A83B4F9D2282201AF442291F9CAF32B94840F64EFE2E68AE44C6C7BA876714324A110C95DCAF36B94441E4512B6ED201149F1525252325BF93D67394EC77E4AC54791D8BC882B92B3DD7B100914D3FCC8725724E5E5E5F750223E89C41548762012281694E3A4628C92C8C3D026A43BDDCF4124C54F6969E943CAF328258148FC6091C2412445CF449E172E5CF83A458148FCA85C438A5DE99F8BA911452B9119CDB3BEA8E646A3D16FE9E7138A8D762ADA9717DAB66D5BEDD6AD5B5FADAFAF1FB56FC7DADADAF10D1B36F4291A10892F22599455A9162193A296C88CE4D92676D59E7F6F43AA8CB3466E1CAEA8A8F8644E5EC84E4DAD5FBFFED4C68D1BC7E3F1B8333838E8184343434E7777B7B365CB96B1C6C6C6D332D81D88C4B7CA350B9984422279CD735959D92289E2BA4963D5AA55CEEEDDBB9D8E8E0EA7ADADCD519B1E4BCB64543D15EFEFA3B9B9F9A5969616E7D6AD5BCE64D8F3ADADADE37A232F20125F2B1732098744F29267EB89B812D9BF7FBF333C3CFC5FEDBABDBDDDED998C7AEA9934353555584FE47F4924F345376FDE3C525757578E487CAD5CC8241C12F13DCFE9E1CC8444DE8C03070EB8D7B61C99F68B49222FDB70662AD83067CD9A352FE6E0031E539414BB48B23FE7342A0D32296E89E434CF99F5CD26562586311BCE64F74426EB24D4D7D70F7BBA504E3D8C9BEE9CC8FFC3E64CAAABAB6FE540246E776AE28317B148DEF89CF3E6CDDB30CDCA824C8A5B2239CB7356BBFA911DDB9CC854D8BB77EF48FA6F374EFBC56F8749667D3D472188C4CBE77BF8E1874D42CEFCF9F3A73B3CFA9EFDBD620EED34D0CC49E7A9CD4B9E73D9B66C62752AD8EFA5FFE68942EA918471683363DF54109A1EC91BF52D7DBDC8947B24FABD6B9E7A246BD7AE7DFE76E64856AF5EFD67265B0B6BEC0CE19823C992CA5C3B13D3D0D0F0FA54E64856AE5C79DDD31C494D4DCDD2A6A6A69B53396BA3DF1BD28B2D4324853D9B0F8192C98C9FB5696F6FBFE9F9AC8D216B3DB763C78EB137BB8EA4A5A5E57A5555D571BB780D91F85EC990483864E2FB752412C4555726D9ED3B7D1DC94DF73A12C57D9E5ED0E4505757975CB76EDDB5C9AE6C6D6E6EBE5C5B5B7B822B5BF352C99048386492B72B5B5D99D4D7D78FB957B6EEDBB76F4CC3991B39BDB2D5C5FE33EB9DA8E731F102FA7973C58A157FB4E18C1F3D91908B64B2CA8444C2219399B8D7E6F06467756C38E3B9271214B8FB97BB7F432493C0DCFD5B74ABB4B11EC97FD6A94022A19089E57909458148FC8215D242406969E912E5795C876FA13410895F5D4F4452E4683891488B04100922816949A42163A2732E259263B277DA0B600CB3D31E78C1CE7A46A3D1173244B28752C931C964F2421037107723954A1D64EF5FC80592C98715E72A2B2BDF4F69E498CECECEA5F178FC727F7FFF8DA0F5444C22B158ECBC621922811C886481F27C8A92F00935D4C5FAD63F6943089B8F0848D87BE9CD8744104968E6493EA73C3F47490022012F22F992F27C94920044025E86368BEDAE5C4A02100978114944BD9267280908A5481CC799DDD7D7D7D1D3D3336EA7EB83328F158BC59C64327949515520439B5A453BB51D422912934857579713C4D3F40303034E2291B892AF49718F397E54D1466D87508AC47A229912397D68D3445C1D4A05452623F9B8D62707439B66E57927B51D422992ECAB8F5D91F41E6B0DD26D0CA30520926F6B68B383DA0EA11449F6FD50AE48CEC4B687EA7EA81CE4B8C564426D0744922192B0DD5899831CEF543451DB21F422B17911572467BBF72092DB1BDAFCD8265CA9ED106A91B802C90E443235ECD4AF6452436D078636215E33260739EEB08BD2A8ED80481089971C3FAB7890DA0E88049178C9F151BB718FDA0E88049178C9F1090D6DEEA7B6032241245E727CCA1637A2B6032241245E727CB6A2A2E26E6A3B201244E225C77F67BD56088D48F45E8E294A1049CECB75301289DC496D87B088C4DD36614228882467E57A4322793BB51DF2D178031785209220975F66CC62BB4E0891D418DAF8031281F0824800009100002241240088049100002201004402008804910020124402008804001009000483EC9DF60218C385B0D31E40A84926931782B881B81BA954EA6021ECFD0B106A3A3B3B97C6E3F1CBFDFDFD3782D6133189C462B1F38A65640A20E0A8A12ED6B7FE491B42D87C4440C2DE4B2F12010000000000000000000000000000000000000000081BFF06022EC1C6494DA3BA0000000049454E44AE426082, 0, NULL);
INSERT INTO `ACT_DE_MODEL` VALUES ('cdcbb37e-4af6-11e9-9c4e-144f8ac1fca1', '测试c', '测试', '', NULL, '2019-03-20 17:59:08.522000', 'admin', '2019-03-20 17:59:19.653000', 'admin', 1, '{\"modelId\":\"cdcbb37e-4af6-11e9-9c4e-144f8ac1fca1\",\"bounds\":{\"lowerRight\":{\"x\":1200,\"y\":1050},\"upperLeft\":{\"x\":0,\"y\":0}},\"properties\":{\"process_id\":\"测试\",\"name\":\"测试c\",\"documentation\":\"\",\"process_author\":\"\",\"process_version\":\"\",\"process_namespace\":\"http://www.flowable.org/processdef\",\"process_historylevel\":\"\",\"isexecutable\":true,\"dataproperties\":\"\",\"executionlisteners\":\"\",\"eventlisteners\":\"\",\"signaldefinitions\":\"\",\"messagedefinitions\":\"\",\"process_potentialstarteruser\":\"\",\"process_potentialstartergroup\":\"\",\"iseagerexecutionfetch\":\"false\"},\"childShapes\":[{\"resourceId\":\"startEvent1\",\"properties\":{\"overrideid\":\"\",\"name\":\"\",\"documentation\":\"\",\"executionlisteners\":\"\",\"initiator\":\"\",\"formkeydefinition\":\"\",\"formreference\":\"\",\"formproperties\":\"\"},\"stencil\":{\"id\":\"StartNoneEvent\"},\"childShapes\":[],\"outgoing\":[{\"resourceId\":\"sid-04873B0D-30B7-4AAB-A063-31D5D6A527D3\"}],\"bounds\":{\"lowerRight\":{\"x\":330,\"y\":195},\"upperLeft\":{\"x\":300,\"y\":165}},\"dockers\":[]},{\"resourceId\":\"sid-01B65C3F-855F-4035-B142-E6AF97FE2988\",\"properties\":{\"overrideid\":\"\",\"name\":\"\",\"documentation\":\"\",\"asynchronousdefinition\":\"false\",\"exclusivedefinition\":\"false\",\"executionlisteners\":\"\",\"multiinstance_type\":\"None\",\"multiinstance_cardinality\":\"\",\"multiinstance_collection\":\"\",\"multiinstance_variable\":\"\",\"multiinstance_condition\":\"\",\"isforcompensation\":\"false\",\"usertaskassignment\":\"\",\"formkeydefinition\":\"\",\"formreference\":\"\",\"duedatedefinition\":\"\",\"prioritydefinition\":\"\",\"formproperties\":\"\",\"tasklisteners\":\"\",\"skipexpression\":\"\",\"categorydefinition\":\"\"},\"stencil\":{\"id\":\"UserTask\"},\"childShapes\":[],\"outgoing\":[{\"resourceId\":\"sid-94FF397E-86F1-47E2-B77B-3912DF98B322\"}],\"bounds\":{\"lowerRight\":{\"x\":475,\"y\":220},\"upperLeft\":{\"x\":375,\"y\":140}},\"dockers\":[]},{\"resourceId\":\"sid-04873B0D-30B7-4AAB-A063-31D5D6A527D3\",\"properties\":{\"overrideid\":\"\",\"name\":\"\",\"documentation\":\"\",\"conditionsequenceflow\":\"\",\"executionlisteners\":\"\",\"defaultflow\":\"false\",\"skipexpression\":\"\"},\"stencil\":{\"id\":\"SequenceFlow\"},\"childShapes\":[],\"outgoing\":[{\"resourceId\":\"sid-01B65C3F-855F-4035-B142-E6AF97FE2988\"}],\"bounds\":{\"lowerRight\":{\"x\":374.15625,\"y\":180},\"upperLeft\":{\"x\":330.609375,\"y\":180}},\"dockers\":[{\"x\":15,\"y\":15},{\"x\":50,\"y\":40}],\"target\":{\"resourceId\":\"sid-01B65C3F-855F-4035-B142-E6AF97FE2988\"}},{\"resourceId\":\"sid-3A8F4A34-F934-49DC-8218-A86D8C7A69C9\",\"properties\":{\"overrideid\":\"\",\"name\":\"\",\"documentation\":\"\",\"asynchronousdefinition\":\"false\",\"exclusivedefinition\":\"false\",\"executionlisteners\":\"\",\"multiinstance_type\":\"None\",\"multiinstance_cardinality\":\"\",\"multiinstance_collection\":\"\",\"multiinstance_variable\":\"\",\"multiinstance_condition\":\"\",\"isforcompensation\":\"false\",\"usertaskassignment\":\"\",\"formkeydefinition\":\"\",\"formreference\":\"\",\"duedatedefinition\":\"\",\"prioritydefinition\":\"\",\"formproperties\":\"\",\"tasklisteners\":\"\",\"skipexpression\":\"\",\"categorydefinition\":\"\"},\"stencil\":{\"id\":\"UserTask\"},\"childShapes\":[],\"outgoing\":[{\"resourceId\":\"sid-E560FAFF-BE68-4C3D-AF8B-1320DC378B1C\"}],\"bounds\":{\"lowerRight\":{\"x\":620,\"y\":220},\"upperLeft\":{\"x\":520,\"y\":140}},\"dockers\":[]},{\"resourceId\":\"sid-94FF397E-86F1-47E2-B77B-3912DF98B322\",\"properties\":{\"overrideid\":\"\",\"name\":\"\",\"documentation\":\"\",\"conditionsequenceflow\":\"\",\"executionlisteners\":\"\",\"defaultflow\":\"false\",\"skipexpression\":\"\"},\"stencil\":{\"id\":\"SequenceFlow\"},\"childShapes\":[],\"outgoing\":[{\"resourceId\":\"sid-3A8F4A34-F934-49DC-8218-A86D8C7A69C9\"}],\"bounds\":{\"lowerRight\":{\"x\":519.15625,\"y\":180},\"upperLeft\":{\"x\":475.84375,\"y\":180}},\"dockers\":[{\"x\":50,\"y\":40},{\"x\":50,\"y\":40}],\"target\":{\"resourceId\":\"sid-3A8F4A34-F934-49DC-8218-A86D8C7A69C9\"}},{\"resourceId\":\"sid-36A0F4E8-4571-46D3-8B73-1DF90922AFD6\",\"properties\":{\"overrideid\":\"\",\"name\":\"\",\"documentation\":\"\",\"executionlisteners\":\"\"},\"stencil\":{\"id\":\"EndNoneEvent\"},\"childShapes\":[],\"outgoing\":[],\"bounds\":{\"lowerRight\":{\"x\":693,\"y\":194},\"upperLeft\":{\"x\":665,\"y\":166}},\"dockers\":[]},{\"resourceId\":\"sid-E560FAFF-BE68-4C3D-AF8B-1320DC378B1C\",\"properties\":{\"overrideid\":\"\",\"name\":\"\",\"documentation\":\"\",\"conditionsequenceflow\":\"\",\"executionlisteners\":\"\",\"defaultflow\":\"false\",\"skipexpression\":\"\"},\"stencil\":{\"id\":\"SequenceFlow\"},\"childShapes\":[],\"outgoing\":[{\"resourceId\":\"sid-36A0F4E8-4571-46D3-8B73-1DF90922AFD6\"}],\"bounds\":{\"lowerRight\":{\"x\":664.375,\"y\":180},\"upperLeft\":{\"x\":620.390625,\"y\":180}},\"dockers\":[{\"x\":50,\"y\":40},{\"x\":14,\"y\":14}],\"target\":{\"resourceId\":\"sid-36A0F4E8-4571-46D3-8B73-1DF90922AFD6\"}}],\"stencil\":{\"id\":\"BPMNDiagram\"},\"stencilset\":{\"namespace\":\"http://b3mn.org/stencilset/bpmn2.0#\",\"url\":\"../editor/stencilsets/bpmn2.0/bpmn2.0.json\"}}', 0x89504E470D0A1A0A0000000D49484452000000BA000000320806000000EBEDC1440000043B4944415478DAED9DCB4B1B5114C65DB8E8B28B2EBAECB20B175D74E9227F40A19B8251637CD517440D36D6C74ABA2B28880A228A59B660DDD41617C65744104454D02A5D681B10F191A6B1C66912EDED39D3992236EA746652A6DEEF07872198E4E6CBF972E6DC3B97312707000000000000000000BF1042E46E6D6D8D2C2C2C9C4D4E4E8A8989094745281412E170F890C203EDC0349CE8B9B939B1BFBF2F92C9A423E3E0E040CCCECEC629F14FA01D9882ABD9F944AFBE6F56E35B6CC769094F5295DB8076600A3E659FFF52F5646F4CBF745C75A364A7A11D98827BC14CC95E0FBD7062B205B4035B93EDC47EF55F195D06ED521B9D7B533DD91FE77BA532BA6CDAA535BA9EE48B2183D165D42E7DEBE2E4C876EB229376181D4687D1617418FD261ABDB0B0F07E414181CFED76775004281EBA5CAEDC6C0D76A7ACACACDEE7F3ADD151A1C144494949AAAEAE6E99FEE6C9D6C030BABC462F2A2A7A40065F66AF65885D36BFADBEA3372DF3783CF1EEEEEE93F9F979118BC50473747424161717456B6B6BA2B4B4748D9E770F4687769B0AAB9FFC9466539797971FF7F5F529232323626060403434349CEA86D77E08D67DC7BF1A32713412899C8A2B181D1D55E8037DB0BBB2C3E8F269E74A4EE655BB86C1C1C184A2287FF86D6969890D9FD60CBF415DC66D4BBD110DFA657B7B3B290CD0D6D6F6BDBABAFA29920DED168BABDAAE0C0D0D2957F98D3B8B969696A466F6A0950107878787578441B88D696C6CDC44B2A1DD82E7F2D8B8151515192BF945A2D1A8A0629CD6DA983CB3BDF9C1E1E1E1B151A373CFEEF57A4F2DCE07A6295C32261BDADD2E6D7545504F9E34EABBCECECEB856D5036607177F0BBFC6A2607D56AD0A972CD9D0EE766FF391279E46E1E76AAFED30DBA347F51516232412094113D7B34B96834CC5FF966C59B5DBA99BA3BFBFDFB0EF7A7A7A7E58AAE864F457636363865B9795951511080462387D43BB85D645EDD16B6A6ACE8CF6E81E8F472DAEBC5A63D6E8F955555571230332FC2BECEAEA0A624206ED76ACBA04834171DDAA4B7B7BBBB0BCEAC2502B32D6DBDB7B729DC9239108B72DE9E6E6E6BB4836B4DBB08E9ED6CD9E4AA532AEA3FBFD7ED5E45490372DADA333FC065EAFF7135F99BAACB2B3C9EBEBEB933E9FEF39AE8C42BB5D574629D42BA0B5B5B56AB7A05F196D6A6AFADDCB53DBB26EDB1579363BC53BEA9B12E3E3E367FA04958FF438C56B9E9595952DD8EB02A3DBBDD785CCBE9A69B24ADD439C7CF78C7C792B1B1BBBF2C9D06F8B8B8B8F79303A2A34D01BDE4D86DD8B307AB63CC013546DEF4BF6772F629B2E8C8EFDE8303A8C0EA323D9D00E906C6807303A8C0EA3C3E830FA4DE2E2FD071D1C4AB6EFBD289376E90887C3BB4EBE6DB21E3B3B3BAFEDBEA3ACCCDAA5636A6AEAF1CCCCCCD7BDBDBD13A756334E742814FA6CF73DC265D62E25F4253EA28AB1C8A747A7FDD707ED336D642BD1326B07000000000000000000000000000000000060869FC430BE45FF722AD60000000049454E44AE426082, 0, NULL);
INSERT INTO `ACT_DE_MODEL` VALUES ('da4b18a0-4af8-11e9-81d2-144f8ac1fca1', '官', '官', '', '', '2019-03-20 18:13:48.621000', 'admin', '2019-03-20 18:13:58.416000', 'admin', 2, '{\"models\":[{\"id\":\"5ff40aa0-4af6-11e9-9c4e-144f8ac1fca1\",\"name\":\"官方流程\",\"version\":1,\"modelType\":0,\"description\":\"\",\"stencilSetId\":null,\"createdBy\":\"admin\",\"lastUpdatedBy\":\"admin\",\"lastUpdated\":\"2019-03-20T09:56:04.044+0000\"}],\"theme\":\"theme-1\",\"icon\":\"glyphicon-asterisk\"}', NULL, 3, NULL);

-- ----------------------------
-- Table structure for ACT_DE_MODEL_HISTORY
-- ----------------------------
DROP TABLE IF EXISTS `ACT_DE_MODEL_HISTORY`;
CREATE TABLE `ACT_DE_MODEL_HISTORY`  (
  `id` varchar(255) CHARACTER SET utf8 COLLATE utf8_general_ci NOT NULL,
  `name` varchar(400) CHARACTER SET utf8 COLLATE utf8_general_ci NOT NULL,
  `model_key` varchar(400) CHARACTER SET utf8 COLLATE utf8_general_ci NOT NULL,
  `description` varchar(4000) CHARACTER SET utf8 COLLATE utf8_general_ci DEFAULT NULL,
  `model_comment` varchar(4000) CHARACTER SET utf8 COLLATE utf8_general_ci DEFAULT NULL,
  `created` datetime(6) DEFAULT NULL,
  `created_by` varchar(255) CHARACTER SET utf8 COLLATE utf8_general_ci DEFAULT NULL,
  `last_updated` datetime(6) DEFAULT NULL,
  `last_updated_by` varchar(255) CHARACTER SET utf8 COLLATE utf8_general_ci DEFAULT NULL,
  `removal_date` datetime(6) DEFAULT NULL,
  `version` int(11) DEFAULT NULL,
  `model_editor_json` longtext CHARACTER SET utf8 COLLATE utf8_general_ci,
  `model_id` varchar(255) CHARACTER SET utf8 COLLATE utf8_general_ci NOT NULL,
  `model_type` int(11) DEFAULT NULL,
  `tenant_id` varchar(255) CHARACTER SET utf8 COLLATE utf8_general_ci DEFAULT NULL,
  PRIMARY KEY (`id`) USING BTREE,
  INDEX `idx_proc_mod_history_proc`(`model_id`) USING BTREE
) ENGINE = InnoDB CHARACTER SET = utf8 COLLATE = utf8_general_ci ROW_FORMAT = Compact;

-- ----------------------------
-- Records of ACT_DE_MODEL_HISTORY
-- ----------------------------
INSERT INTO `ACT_DE_MODEL_HISTORY` VALUES ('490ade3b-4af6-11e9-9c4e-144f8ac1fca1', '测试', '测试', '123', NULL, '2019-03-20 17:47:16.046000', 'admin', '2019-03-20 17:47:22.171000', 'admin', '2019-03-20 17:55:25.937000', 1, '{\"models\":[{\"id\":\"1b9456db-4af5-11e9-9e77-144f8ac1fca1\",\"name\":\"官方流程\",\"version\":1,\"modelType\":0,\"description\":\"\",\"stencilSetId\":null,\"createdBy\":\"admin\",\"lastUpdatedBy\":\"admin\",\"lastUpdated\":\"2019-03-20T09:47:04.906+0000\"}],\"theme\":\"theme-1\",\"icon\":\"glyphicon-asterisk\"}', '250b6f5c-4af5-11e9-9e77-144f8ac1fca1', 3, NULL);
INSERT INTO `ACT_DE_MODEL_HISTORY` VALUES ('801b8c48-4af6-11e9-9c4e-144f8ac1fca1', '官方流程', '官方流程pgg', '', NULL, '2019-03-20 17:46:59.882000', 'admin', '2019-03-20 17:47:04.906000', 'admin', '2019-03-20 17:56:58.321000', 1, '{\"modelId\":\"1b9456db-4af5-11e9-9e77-144f8ac1fca1\",\"bounds\":{\"lowerRight\":{\"x\":1200,\"y\":1050},\"upperLeft\":{\"x\":0,\"y\":0}},\"properties\":{\"process_id\":\"官方流程pgg\",\"name\":\"官方流程\",\"documentation\":\"\",\"process_author\":\"\",\"process_version\":\"\",\"process_namespace\":\"http://www.flowable.org/processdef\",\"process_historylevel\":\"\",\"isexecutable\":true,\"dataproperties\":\"\",\"executionlisteners\":\"{\\\"executionListeners\\\":[]}\",\"eventlisteners\":\"{\\\"eventListeners\\\":[]}\",\"signaldefinitions\":\"[]\",\"messagedefinitions\":\"[]\",\"process_potentialstarteruser\":\"\",\"process_potentialstartergroup\":\"\",\"iseagerexecutionfetch\":\"false\",\"messages\":[]},\"childShapes\":[{\"resourceId\":\"startEvent1\",\"properties\":{\"overrideid\":\"startEvent1\",\"name\":\"\",\"documentation\":\"\",\"executionlisteners\":{\"executionListeners\":[]},\"initiator\":\"\",\"formkeydefinition\":\"test\",\"formreference\":\"\",\"formproperties\":\"\",\"interrupting\":true},\"stencil\":{\"id\":\"StartNoneEvent\"},\"childShapes\":[],\"outgoing\":[{\"resourceId\":\"sid-6CC03F03-1202-4F6E-98A1-AF06A63DF00F\"}],\"bounds\":{\"lowerRight\":{\"x\":130,\"y\":193},\"upperLeft\":{\"x\":100,\"y\":163}},\"dockers\":[]},{\"resourceId\":\"sid-EB159CA6-00D2-4498-A49F-6D7B88B674F9\",\"properties\":{\"overrideid\":\"sid-EB159CA6-00D2-4498-A49F-6D7B88B674F9\",\"name\":\"cgl\",\"documentation\":\"\",\"asynchronousdefinition\":false,\"exclusivedefinition\":true,\"executionlisteners\":{\"executionListeners\":[]},\"multiinstance_type\":\"None\",\"multiinstance_cardinality\":\"\",\"multiinstance_collection\":\"\",\"multiinstance_variable\":\"\",\"multiinstance_condition\":\"\",\"isforcompensation\":\"false\",\"usertaskassignment\":{\"assignment\":{\"type\":\"static\",\"assignee\":\"$INITIATOR\"}},\"formkeydefinition\":\"基本信息\",\"formreference\":\"\",\"duedatedefinition\":\"\",\"prioritydefinition\":\"\",\"formproperties\":\"\",\"tasklisteners\":{\"taskListeners\":[]},\"skipexpression\":\"获取到开始时参数  ${continent}\",\"categorydefinition\":\"\"},\"stencil\":{\"id\":\"UserTask\"},\"childShapes\":[],\"outgoing\":[{\"resourceId\":\"sid-2C246C79-8253-497F-9D3B-AF681723B215\"}],\"bounds\":{\"lowerRight\":{\"x\":280,\"y\":218},\"upperLeft\":{\"x\":180,\"y\":138}},\"dockers\":[]},{\"resourceId\":\"sid-6CC03F03-1202-4F6E-98A1-AF06A63DF00F\",\"properties\":{\"overrideid\":\"sid-6CC03F03-1202-4F6E-98A1-AF06A63DF00F\",\"name\":\"\",\"documentation\":\"\",\"conditionsequenceflow\":\"\",\"executionlisteners\":\"\",\"defaultflow\":\"false\",\"skipexpression\":\"\"},\"stencil\":{\"id\":\"SequenceFlow\"},\"childShapes\":[],\"outgoing\":[{\"resourceId\":\"sid-EB159CA6-00D2-4498-A49F-6D7B88B674F9\"}],\"bounds\":{\"lowerRight\":{\"x\":179.5859375,\"y\":178},\"upperLeft\":{\"x\":130.375,\"y\":178}},\"dockers\":[{\"x\":15,\"y\":15},{\"x\":50,\"y\":40}],\"target\":{\"resourceId\":\"sid-EB159CA6-00D2-4498-A49F-6D7B88B674F9\"}},{\"resourceId\":\"sid-49EE7A95-2771-4154-9DA3-2DF5C39570BF\",\"properties\":{\"overrideid\":\"sid-49EE7A95-2771-4154-9DA3-2DF5C39570BF\",\"name\":\"\",\"documentation\":\"\",\"asynchronousdefinition\":\"false\",\"exclusivedefinition\":\"false\",\"sequencefloworder\":\"\",\"executionlisteners\":{\"executionListeners\":[]}},\"stencil\":{\"id\":\"ExclusiveGateway\"},\"childShapes\":[],\"outgoing\":[{\"resourceId\":\"sid-ADC6E372-D936-41D3-8A12-F0D152B09769\"},{\"resourceId\":\"sid-DA2CC91D-EF3E-4C05-84ED-6CB2FC4D0620\"}],\"bounds\":{\"lowerRight\":{\"x\":360,\"y\":198},\"upperLeft\":{\"x\":320,\"y\":158}},\"dockers\":[]},{\"resourceId\":\"sid-2C246C79-8253-497F-9D3B-AF681723B215\",\"properties\":{\"overrideid\":\"sid-2C246C79-8253-497F-9D3B-AF681723B215\",\"name\":\"\",\"documentation\":\"\",\"conditionsequenceflow\":\"\",\"executionlisteners\":\"\",\"defaultflow\":\"false\",\"skipexpression\":\"\"},\"stencil\":{\"id\":\"SequenceFlow\"},\"childShapes\":[],\"outgoing\":[{\"resourceId\":\"sid-49EE7A95-2771-4154-9DA3-2DF5C39570BF\"}],\"bounds\":{\"lowerRight\":{\"x\":320.09375,\"y\":178},\"upperLeft\":{\"x\":280.84375,\"y\":178}},\"dockers\":[{\"x\":50,\"y\":40},{\"x\":20,\"y\":20}],\"target\":{\"resourceId\":\"sid-49EE7A95-2771-4154-9DA3-2DF5C39570BF\"}},{\"resourceId\":\"sid-1C2E4E05-63AB-4391-A8AB-E071B9B18FB1\",\"properties\":{\"overrideid\":\"sid-1C2E4E05-63AB-4391-A8AB-E071B9B18FB1\",\"name\":\"bsss\",\"documentation\":\"\",\"asynchronousdefinition\":false,\"exclusivedefinition\":true,\"executionlisteners\":{\"executionListeners\":[]},\"multiinstance_type\":\"None\",\"multiinstance_cardinality\":\"\",\"multiinstance_collection\":\"\",\"multiinstance_variable\":\"\",\"multiinstance_condition\":\"\",\"isforcompensation\":\"false\",\"usertaskassignment\":{\"assignment\":{\"type\":\"static\",\"assignee\":\"$INITIATOR\"}},\"formkeydefinition\":\"bos-ref\",\"formreference\":\"\",\"duedatedefinition\":\"\",\"prioritydefinition\":\"\",\"formproperties\":\"\",\"tasklisteners\":{\"taskListeners\":[]},\"skipexpression\":\"\",\"categorydefinition\":\"\"},\"stencil\":{\"id\":\"UserTask\"},\"childShapes\":[],\"outgoing\":[{\"resourceId\":\"sid-0E2B14D7-6846-4302-8A46-C9496B9A822A\"}],\"bounds\":{\"lowerRight\":{\"x\":535,\"y\":95},\"upperLeft\":{\"x\":435,\"y\":15}},\"dockers\":[]},{\"resourceId\":\"sid-B32637CC-6A60-4591-80A6-1A9AEFF34802\",\"properties\":{\"overrideid\":\"sid-B32637CC-6A60-4591-80A6-1A9AEFF34802\",\"name\":\"btfb\",\"documentation\":\"\",\"asynchronousdefinition\":false,\"exclusivedefinition\":true,\"executionlisteners\":{\"executionListeners\":[]},\"multiinstance_type\":\"None\",\"multiinstance_cardinality\":\"\",\"multiinstance_collection\":\"\",\"multiinstance_variable\":\"\",\"multiinstance_condition\":\"\",\"isforcompensation\":\"false\",\"usertaskassignment\":{\"assignment\":{\"type\":\"static\",\"assignee\":\"$INITIATOR\"}},\"formkeydefinition\":\"btfb-ref\",\"formreference\":\"\",\"duedatedefinition\":\"\",\"prioritydefinition\":\"\",\"formproperties\":\"\",\"tasklisteners\":{\"taskListeners\":[]},\"skipexpression\":\"\",\"categorydefinition\":\"\"},\"stencil\":{\"id\":\"UserTask\"},\"childShapes\":[],\"outgoing\":[{\"resourceId\":\"sid-0D458769-0000-4F86-972E-E1E27F7188A2\"}],\"bounds\":{\"lowerRight\":{\"x\":535,\"y\":305},\"upperLeft\":{\"x\":435,\"y\":225}},\"dockers\":[]},{\"resourceId\":\"sid-0BB524D5-5CC2-445F-92EA-073DFD7926D2\",\"properties\":{\"overrideid\":\"sid-0BB524D5-5CC2-445F-92EA-073DFD7926D2\",\"name\":\"\",\"documentation\":\"\",\"asynchronousdefinition\":\"false\",\"exclusivedefinition\":\"false\",\"sequencefloworder\":\"\",\"executionlisteners\":{\"executionListeners\":[]}},\"stencil\":{\"id\":\"ExclusiveGateway\"},\"childShapes\":[],\"outgoing\":[{\"resourceId\":\"sid-98F01E4B-B2BF-44F6-842F-8F8DD4BCAE93\"}],\"bounds\":{\"lowerRight\":{\"x\":655,\"y\":198},\"upperLeft\":{\"x\":615,\"y\":158}},\"dockers\":[]},{\"resourceId\":\"sid-0E2B14D7-6846-4302-8A46-C9496B9A822A\",\"properties\":{\"overrideid\":\"sid-0E2B14D7-6846-4302-8A46-C9496B9A822A\",\"name\":\"\",\"documentation\":\"\",\"conditionsequenceflow\":\"\",\"executionlisteners\":\"\",\"defaultflow\":\"false\",\"skipexpression\":\"\"},\"stencil\":{\"id\":\"SequenceFlow\"},\"childShapes\":[],\"outgoing\":[{\"resourceId\":\"sid-0BB524D5-5CC2-445F-92EA-073DFD7926D2\"}],\"bounds\":{\"lowerRight\":{\"x\":635,\"y\":157.78125},\"upperLeft\":{\"x\":535.21875,\"y\":55}},\"dockers\":[{\"x\":50,\"y\":40},{\"x\":635,\"y\":55},{\"x\":20,\"y\":20}],\"target\":{\"resourceId\":\"sid-0BB524D5-5CC2-445F-92EA-073DFD7926D2\"}},{\"resourceId\":\"sid-0D458769-0000-4F86-972E-E1E27F7188A2\",\"properties\":{\"overrideid\":\"sid-0D458769-0000-4F86-972E-E1E27F7188A2\",\"name\":\"\",\"documentation\":\"\",\"conditionsequenceflow\":\"\",\"executionlisteners\":\"\",\"defaultflow\":\"false\",\"skipexpression\":\"\"},\"stencil\":{\"id\":\"SequenceFlow\"},\"childShapes\":[],\"outgoing\":[{\"resourceId\":\"sid-0BB524D5-5CC2-445F-92EA-073DFD7926D2\"}],\"bounds\":{\"lowerRight\":{\"x\":635,\"y\":265},\"upperLeft\":{\"x\":535.21875,\"y\":198.03125}},\"dockers\":[{\"x\":50,\"y\":40},{\"x\":635,\"y\":265},{\"x\":20,\"y\":20}],\"target\":{\"resourceId\":\"sid-0BB524D5-5CC2-445F-92EA-073DFD7926D2\"}},{\"resourceId\":\"sid-8E3A7779-9736-40AD-A452-DB8F3325F5B7\",\"properties\":{\"overrideid\":\"sid-8E3A7779-9736-40AD-A452-DB8F3325F5B7\",\"name\":\"\",\"documentation\":\"\",\"executionlisteners\":{\"executionListeners\":[]}},\"stencil\":{\"id\":\"EndNoneEvent\"},\"childShapes\":[],\"outgoing\":[],\"bounds\":{\"lowerRight\":{\"x\":728,\"y\":192},\"upperLeft\":{\"x\":700,\"y\":164}},\"dockers\":[]},{\"resourceId\":\"sid-98F01E4B-B2BF-44F6-842F-8F8DD4BCAE93\",\"properties\":{\"overrideid\":\"sid-98F01E4B-B2BF-44F6-842F-8F8DD4BCAE93\",\"name\":\"\",\"documentation\":\"\",\"conditionsequenceflow\":\"\",\"executionlisteners\":\"\",\"defaultflow\":\"false\",\"skipexpression\":\"\"},\"stencil\":{\"id\":\"SequenceFlow\"},\"childShapes\":[],\"outgoing\":[{\"resourceId\":\"sid-8E3A7779-9736-40AD-A452-DB8F3325F5B7\"}],\"bounds\":{\"lowerRight\":{\"x\":699.421875,\"y\":178},\"upperLeft\":{\"x\":655.1328125,\"y\":178}},\"dockers\":[{\"x\":20,\"y\":20},{\"x\":14,\"y\":14}],\"target\":{\"resourceId\":\"sid-8E3A7779-9736-40AD-A452-DB8F3325F5B7\"}},{\"resourceId\":\"sid-ADC6E372-D936-41D3-8A12-F0D152B09769\",\"properties\":{\"overrideid\":\"sid-ADC6E372-D936-41D3-8A12-F0D152B09769\",\"name\":\"\",\"documentation\":\"\",\"conditionsequenceflow\":\"${money<100}\",\"executionlisteners\":\"\",\"defaultflow\":\"false\",\"skipexpression\":\"\"},\"stencil\":{\"id\":\"SequenceFlow\"},\"childShapes\":[],\"outgoing\":[{\"resourceId\":\"sid-B32637CC-6A60-4591-80A6-1A9AEFF34802\"}],\"bounds\":{\"lowerRight\":{\"x\":434.15625,\"y\":265},\"upperLeft\":{\"x\":340,\"y\":198.03125}},\"dockers\":[{\"x\":20,\"y\":20},{\"x\":340,\"y\":265},{\"x\":50,\"y\":40}],\"target\":{\"resourceId\":\"sid-B32637CC-6A60-4591-80A6-1A9AEFF34802\"}},{\"resourceId\":\"sid-DA2CC91D-EF3E-4C05-84ED-6CB2FC4D0620\",\"properties\":{\"overrideid\":\"sid-DA2CC91D-EF3E-4C05-84ED-6CB2FC4D0620\",\"name\":\"over 2k\",\"documentation\":\"\",\"conditionsequenceflow\":\"${money>100}\",\"executionlisteners\":\"\",\"defaultflow\":\"false\",\"skipexpression\":\"\"},\"stencil\":{\"id\":\"SequenceFlow\"},\"childShapes\":[],\"outgoing\":[{\"resourceId\":\"sid-1C2E4E05-63AB-4391-A8AB-E071B9B18FB1\"}],\"bounds\":{\"lowerRight\":{\"x\":434.15625,\"y\":157.78125},\"upperLeft\":{\"x\":340,\"y\":55}},\"dockers\":[{\"x\":20,\"y\":20},{\"x\":340,\"y\":55},{\"x\":50,\"y\":40}],\"target\":{\"resourceId\":\"sid-1C2E4E05-63AB-4391-A8AB-E071B9B18FB1\"}}],\"stencil\":{\"id\":\"BPMNDiagram\"},\"stencilset\":{\"namespace\":\"http://b3mn.org/stencilset/bpmn2.0#\",\"url\":\"../editor/stencilsets/bpmn2.0/bpmn2.0.json\"}}', '1b9456db-4af5-11e9-9e77-144f8ac1fca1', 0, NULL);
INSERT INTO `ACT_DE_MODEL_HISTORY` VALUES ('845b7fe9-4af6-11e9-9c4e-144f8ac1fca1', '官方测试', '官方测试', '', NULL, '2019-03-20 17:56:04.514000', 'admin', '2019-03-20 17:56:04.514000', 'admin', '2019-03-20 17:57:05.451000', 1, '{\"models\":[{\"id\":\"5ff40aa0-4af6-11e9-9c4e-144f8ac1fca1\",\"name\":\"官方流程\",\"version\":1,\"modelType\":0,\"description\":\"\",\"stencilSetId\":null,\"createdBy\":\"admin\",\"lastUpdatedBy\":\"admin\",\"lastUpdated\":\"2019-03-20T09:56:04.044+0000\"}],\"theme\":\"theme-1\",\"icon\":\"glyphicon-asterisk\"}', '60096765-4af6-11e9-9c4e-144f8ac1fca1', 3, NULL);
INSERT INTO `ACT_DE_MODEL_HISTORY` VALUES ('a701d2de-4af8-11e9-81d2-144f8ac1fca1', '测', '测试', '测试', '', '2019-03-20 17:59:27.275000', 'admin', '2019-03-20 18:05:40.427000', 'admin', '2019-03-20 18:12:22.577000', 3, '{\"models\":[{\"id\":\"cdcbb37e-4af6-11e9-9c4e-144f8ac1fca1\",\"name\":\"测试c\",\"version\":1,\"modelType\":0,\"description\":\"\",\"stencilSetId\":null,\"createdBy\":\"admin\",\"lastUpdatedBy\":\"admin\",\"lastUpdated\":\"2019-03-20T09:59:19.653+0000\"}],\"theme\":\"theme-1\",\"icon\":\"glyphicon-asterisk\"}', 'd8e41fef-4af6-11e9-9c4e-144f8ac1fca1', 3, NULL);
INSERT INTO `ACT_DE_MODEL_HISTORY` VALUES ('a8d66bcf-4af8-11e9-81d2-144f8ac1fca1', '官方11', '官方11', '官方11', '', '2019-03-20 18:07:10.501000', 'admin', '2019-03-20 18:07:22.805000', 'admin', '2019-03-20 18:12:25.648000', 2, '{\"models\":[{\"id\":\"cdcbb37e-4af6-11e9-9c4e-144f8ac1fca1\",\"name\":\"测试c\",\"version\":1,\"modelType\":0,\"description\":\"\",\"stencilSetId\":null,\"createdBy\":\"admin\",\"lastUpdatedBy\":\"admin\",\"lastUpdated\":\"2019-03-20T09:59:19.653+0000\"}],\"theme\":\"theme-1\",\"icon\":\"glyphicon-asterisk\"}', 'ecfece1b-4af7-11e9-81d2-144f8ac1fca1', 3, NULL);
INSERT INTO `ACT_DE_MODEL_HISTORY` VALUES ('b2d76a39-4af7-11e9-81d2-144f8ac1fca1', '测', '测试', '测试', '', '2019-03-20 17:59:27.275000', 'admin', '2019-03-20 18:05:32.935000', 'admin', NULL, 1, '{\"models\":[{\"id\":\"cdcbb37e-4af6-11e9-9c4e-144f8ac1fca1\",\"name\":\"测试c\",\"version\":1,\"modelType\":0,\"description\":\"\",\"stencilSetId\":null,\"createdBy\":\"admin\",\"lastUpdatedBy\":\"admin\",\"lastUpdated\":\"2019-03-20T09:59:19.653+0000\"}],\"theme\":\"theme-1\",\"icon\":\"glyphicon-asterisk\"}', 'd8e41fef-4af6-11e9-9c4e-144f8ac1fca1', 3, NULL);
INSERT INTO `ACT_DE_MODEL_HISTORY` VALUES ('b74e9a7a-4af7-11e9-81d2-144f8ac1fca1', '测', '测试', '测试', '', '2019-03-20 17:59:27.275000', 'admin', '2019-03-20 18:05:40.427000', 'admin', NULL, 2, '{\"models\":[{\"id\":\"cdcbb37e-4af6-11e9-9c4e-144f8ac1fca1\",\"name\":\"测试c\",\"version\":1,\"modelType\":0,\"description\":\"\",\"stencilSetId\":null,\"createdBy\":\"admin\",\"lastUpdatedBy\":\"admin\",\"lastUpdated\":\"2019-03-20T09:59:19.653+0000\"}],\"theme\":\"theme-1\",\"icon\":\"glyphicon-asterisk\"}', 'd8e41fef-4af6-11e9-9c4e-144f8ac1fca1', 3, NULL);
INSERT INTO `ACT_DE_MODEL_HISTORY` VALUES ('c901813d-4af6-11e9-9c4e-144f8ac1fca1', '测试', '测试', '测试', NULL, '2019-03-20 17:57:11.173000', 'admin', '2019-03-20 17:57:16.744000', 'admin', '2019-03-20 17:59:00.624000', 1, '{\"models\":[{\"id\":\"5ff40aa0-4af6-11e9-9c4e-144f8ac1fca1\",\"name\":\"官方流程\",\"version\":1,\"modelType\":0,\"description\":\"\",\"stencilSetId\":null,\"createdBy\":\"admin\",\"lastUpdatedBy\":\"admin\",\"lastUpdated\":\"2019-03-20T09:56:04.044+0000\"}],\"theme\":\"theme-1\",\"icon\":\"glyphicon-asterisk\"}', '87c49b8a-4af6-11e9-9c4e-144f8ac1fca1', 3, NULL);
INSERT INTO `ACT_DE_MODEL_HISTORY` VALUES ('e021b1d2-4af8-11e9-81d2-144f8ac1fca1', '官', '官', '', '', '2019-03-20 18:13:48.621000', 'admin', '2019-03-20 18:13:58.416000', 'admin', NULL, 1, '{\"models\":[{\"id\":\"5ff40aa0-4af6-11e9-9c4e-144f8ac1fca1\",\"name\":\"官方流程\",\"version\":1,\"modelType\":0,\"description\":\"\",\"stencilSetId\":null,\"createdBy\":\"admin\",\"lastUpdatedBy\":\"admin\",\"lastUpdated\":\"2019-03-20T09:56:04.044+0000\"}],\"theme\":\"theme-1\",\"icon\":\"glyphicon-asterisk\"}', 'da4b18a0-4af8-11e9-81d2-144f8ac1fca1', 3, NULL);
INSERT INTO `ACT_DE_MODEL_HISTORY` VALUES ('f4543f1d-4af7-11e9-81d2-144f8ac1fca1', '官方11', '官方11', '官方11', '', '2019-03-20 18:07:10.501000', 'admin', '2019-03-20 18:07:22.805000', 'admin', NULL, 1, '{\"models\":[{\"id\":\"cdcbb37e-4af6-11e9-9c4e-144f8ac1fca1\",\"name\":\"测试c\",\"version\":1,\"modelType\":0,\"description\":\"\",\"stencilSetId\":null,\"createdBy\":\"admin\",\"lastUpdatedBy\":\"admin\",\"lastUpdated\":\"2019-03-20T09:59:19.653+0000\"}],\"theme\":\"theme-1\",\"icon\":\"glyphicon-asterisk\"}', 'ecfece1b-4af7-11e9-81d2-144f8ac1fca1', 3, NULL);

-- ----------------------------
-- Table structure for ACT_DE_MODEL_RELATION
-- ----------------------------
DROP TABLE IF EXISTS `ACT_DE_MODEL_RELATION`;
CREATE TABLE `ACT_DE_MODEL_RELATION`  (
  `id` varchar(255) CHARACTER SET utf8 COLLATE utf8_general_ci NOT NULL,
  `parent_model_id` varchar(255) CHARACTER SET utf8 COLLATE utf8_general_ci DEFAULT NULL,
  `model_id` varchar(255) CHARACTER SET utf8 COLLATE utf8_general_ci DEFAULT NULL,
  `relation_type` varchar(255) CHARACTER SET utf8 COLLATE utf8_general_ci DEFAULT NULL,
  PRIMARY KEY (`id`) USING BTREE,
  INDEX `fk_relation_parent`(`parent_model_id`) USING BTREE,
  INDEX `fk_relation_child`(`model_id`) USING BTREE,
  CONSTRAINT `fk_relation_child` FOREIGN KEY (`model_id`) REFERENCES `ACT_DE_MODEL` (`id`) ON DELETE RESTRICT ON UPDATE RESTRICT,
  CONSTRAINT `fk_relation_parent` FOREIGN KEY (`parent_model_id`) REFERENCES `ACT_DE_MODEL` (`id`) ON DELETE RESTRICT ON UPDATE RESTRICT
) ENGINE = InnoDB CHARACTER SET = utf8 COLLATE = utf8_general_ci ROW_FORMAT = Compact;

-- ----------------------------
-- Records of ACT_DE_MODEL_RELATION
-- ----------------------------
INSERT INTO `ACT_DE_MODEL_RELATION` VALUES ('5ff60671-4af6-11e9-9c4e-144f8ac1fca1', '5ff40aa0-4af6-11e9-9c4e-144f8ac1fca1', '5fb6173c-4af6-11e9-9c4e-144f8ac1fca1', 'form-model');
INSERT INTO `ACT_DE_MODEL_RELATION` VALUES ('5ff65492-4af6-11e9-9c4e-144f8ac1fca1', '5ff40aa0-4af6-11e9-9c4e-144f8ac1fca1', '5fbaab1f-4af6-11e9-9c4e-144f8ac1fca1', 'form-model');
INSERT INTO `ACT_DE_MODEL_RELATION` VALUES ('5ff6c9c3-4af6-11e9-9c4e-144f8ac1fca1', '5ff40aa0-4af6-11e9-9c4e-144f8ac1fca1', '5fb83a1d-4af6-11e9-9c4e-144f8ac1fca1', 'form-model');
INSERT INTO `ACT_DE_MODEL_RELATION` VALUES ('5ff76604-4af6-11e9-9c4e-144f8ac1fca1', '5ff40aa0-4af6-11e9-9c4e-144f8ac1fca1', '5fb9c0be-4af6-11e9-9c4e-144f8ac1fca1', 'form-model');
INSERT INTO `ACT_DE_MODEL_RELATION` VALUES ('de2e6d51-4af8-11e9-81d2-144f8ac1fca1', 'da4b18a0-4af8-11e9-81d2-144f8ac1fca1', '5ff40aa0-4af6-11e9-9c4e-144f8ac1fca1', 'process-model');

-- ----------------------------
-- Table structure for ACT_DMN_DATABASECHANGELOG
-- ----------------------------
DROP TABLE IF EXISTS `ACT_DMN_DATABASECHANGELOG`;
CREATE TABLE `ACT_DMN_DATABASECHANGELOG`  (
  `ID` varchar(255) CHARACTER SET utf8 COLLATE utf8_general_ci NOT NULL,
  `AUTHOR` varchar(255) CHARACTER SET utf8 COLLATE utf8_general_ci NOT NULL,
  `FILENAME` varchar(255) CHARACTER SET utf8 COLLATE utf8_general_ci NOT NULL,
  `DATEEXECUTED` datetime(0) NOT NULL,
  `ORDEREXECUTED` int(11) NOT NULL,
  `EXECTYPE` varchar(10) CHARACTER SET utf8 COLLATE utf8_general_ci NOT NULL,
  `MD5SUM` varchar(35) CHARACTER SET utf8 COLLATE utf8_general_ci DEFAULT NULL,
  `DESCRIPTION` varchar(255) CHARACTER SET utf8 COLLATE utf8_general_ci DEFAULT NULL,
  `COMMENTS` varchar(255) CHARACTER SET utf8 COLLATE utf8_general_ci DEFAULT NULL,
  `TAG` varchar(255) CHARACTER SET utf8 COLLATE utf8_general_ci DEFAULT NULL,
  `LIQUIBASE` varchar(20) CHARACTER SET utf8 COLLATE utf8_general_ci DEFAULT NULL,
  `CONTEXTS` varchar(255) CHARACTER SET utf8 COLLATE utf8_general_ci DEFAULT NULL,
  `LABELS` varchar(255) CHARACTER SET utf8 COLLATE utf8_general_ci DEFAULT NULL,
  `DEPLOYMENT_ID` varchar(10) CHARACTER SET utf8 COLLATE utf8_general_ci DEFAULT NULL
) ENGINE = InnoDB CHARACTER SET = utf8 COLLATE = utf8_general_ci ROW_FORMAT = Compact;

-- ----------------------------
-- Records of ACT_DMN_DATABASECHANGELOG
-- ----------------------------
INSERT INTO `ACT_DMN_DATABASECHANGELOG` VALUES ('1', 'activiti', 'org/flowable/dmn/db/liquibase/flowable-dmn-db-changelog.xml', '2019-03-20 17:46:43', 1, 'EXECUTED', '8:c8701f1c71018b55029f450b2e9a10a1', 'createTable tableName=ACT_DMN_DEPLOYMENT; createTable tableName=ACT_DMN_DEPLOYMENT_RESOURCE; createTable tableName=ACT_DMN_DECISION_TABLE', '', NULL, '3.6.2', NULL, NULL, '3075202323');
INSERT INTO `ACT_DMN_DATABASECHANGELOG` VALUES ('2', 'flowable', 'org/flowable/dmn/db/liquibase/flowable-dmn-db-changelog.xml', '2019-03-20 17:46:43', 2, 'EXECUTED', '8:47f94b27feb7df8a30d4e338c7bd5fb8', 'createTable tableName=ACT_DMN_HI_DECISION_EXECUTION', '', NULL, '3.6.2', NULL, NULL, '3075202323');
INSERT INTO `ACT_DMN_DATABASECHANGELOG` VALUES ('3', 'flowable', 'org/flowable/dmn/db/liquibase/flowable-dmn-db-changelog.xml', '2019-03-20 17:46:43', 3, 'EXECUTED', '8:ac17eae89fbdccb6e08daf3c7797b579', 'addColumn tableName=ACT_DMN_HI_DECISION_EXECUTION', '', NULL, '3.6.2', NULL, NULL, '3075202323');
INSERT INTO `ACT_DMN_DATABASECHANGELOG` VALUES ('4', 'flowable', 'org/flowable/dmn/db/liquibase/flowable-dmn-db-changelog.xml', '2019-03-20 17:46:43', 4, 'EXECUTED', '8:f73aabc4529e7292c2942073d1cff6f9', 'dropColumn columnName=PARENT_DEPLOYMENT_ID_, tableName=ACT_DMN_DECISION_TABLE', '', NULL, '3.6.2', NULL, NULL, '3075202323');
INSERT INTO `ACT_DMN_DATABASECHANGELOG` VALUES ('5', 'flowable', 'org/flowable/dmn/db/liquibase/flowable-dmn-db-changelog.xml', '2019-03-20 17:46:43', 5, 'EXECUTED', '8:3e03528582dd4eeb4eb41f9b9539140d', 'modifyDataType columnName=DEPLOY_TIME_, tableName=ACT_DMN_DEPLOYMENT; modifyDataType columnName=START_TIME_, tableName=ACT_DMN_HI_DECISION_EXECUTION; modifyDataType columnName=END_TIME_, tableName=ACT_DMN_HI_DECISION_EXECUTION', '', NULL, '3.6.2', NULL, NULL, '3075202323');

-- ----------------------------
-- Table structure for ACT_DMN_DATABASECHANGELOGLOCK
-- ----------------------------
DROP TABLE IF EXISTS `ACT_DMN_DATABASECHANGELOGLOCK`;
CREATE TABLE `ACT_DMN_DATABASECHANGELOGLOCK`  (
  `ID` int(11) NOT NULL,
  `LOCKED` bit(1) NOT NULL,
  `LOCKGRANTED` datetime(0) DEFAULT NULL,
  `LOCKEDBY` varchar(255) CHARACTER SET utf8 COLLATE utf8_general_ci DEFAULT NULL,
  PRIMARY KEY (`ID`) USING BTREE
) ENGINE = InnoDB CHARACTER SET = utf8 COLLATE = utf8_general_ci ROW_FORMAT = Compact;

-- ----------------------------
-- Records of ACT_DMN_DATABASECHANGELOGLOCK
-- ----------------------------
INSERT INTO `ACT_DMN_DATABASECHANGELOGLOCK` VALUES (1, b'0', NULL, NULL);

-- ----------------------------
-- Table structure for ACT_DMN_DECISION_TABLE
-- ----------------------------
DROP TABLE IF EXISTS `ACT_DMN_DECISION_TABLE`;
CREATE TABLE `ACT_DMN_DECISION_TABLE`  (
  `ID_` varchar(255) CHARACTER SET utf8 COLLATE utf8_general_ci NOT NULL,
  `NAME_` varchar(255) CHARACTER SET utf8 COLLATE utf8_general_ci DEFAULT NULL,
  `VERSION_` int(11) DEFAULT NULL,
  `KEY_` varchar(255) CHARACTER SET utf8 COLLATE utf8_general_ci DEFAULT NULL,
  `CATEGORY_` varchar(255) CHARACTER SET utf8 COLLATE utf8_general_ci DEFAULT NULL,
  `DEPLOYMENT_ID_` varchar(255) CHARACTER SET utf8 COLLATE utf8_general_ci DEFAULT NULL,
  `TENANT_ID_` varchar(255) CHARACTER SET utf8 COLLATE utf8_general_ci DEFAULT NULL,
  `RESOURCE_NAME_` varchar(255) CHARACTER SET utf8 COLLATE utf8_general_ci DEFAULT NULL,
  `DESCRIPTION_` varchar(255) CHARACTER SET utf8 COLLATE utf8_general_ci DEFAULT NULL,
  PRIMARY KEY (`ID_`) USING BTREE
) ENGINE = InnoDB CHARACTER SET = utf8 COLLATE = utf8_general_ci ROW_FORMAT = Compact;

-- ----------------------------
-- Table structure for ACT_DMN_DEPLOYMENT
-- ----------------------------
DROP TABLE IF EXISTS `ACT_DMN_DEPLOYMENT`;
CREATE TABLE `ACT_DMN_DEPLOYMENT`  (
  `ID_` varchar(255) CHARACTER SET utf8 COLLATE utf8_general_ci NOT NULL,
  `NAME_` varchar(255) CHARACTER SET utf8 COLLATE utf8_general_ci DEFAULT NULL,
  `CATEGORY_` varchar(255) CHARACTER SET utf8 COLLATE utf8_general_ci DEFAULT NULL,
  `DEPLOY_TIME_` datetime(3) DEFAULT NULL,
  `TENANT_ID_` varchar(255) CHARACTER SET utf8 COLLATE utf8_general_ci DEFAULT NULL,
  `PARENT_DEPLOYMENT_ID_` varchar(255) CHARACTER SET utf8 COLLATE utf8_general_ci DEFAULT NULL,
  PRIMARY KEY (`ID_`) USING BTREE
) ENGINE = InnoDB CHARACTER SET = utf8 COLLATE = utf8_general_ci ROW_FORMAT = Compact;

-- ----------------------------
-- Table structure for ACT_DMN_DEPLOYMENT_RESOURCE
-- ----------------------------
DROP TABLE IF EXISTS `ACT_DMN_DEPLOYMENT_RESOURCE`;
CREATE TABLE `ACT_DMN_DEPLOYMENT_RESOURCE`  (
  `ID_` varchar(255) CHARACTER SET utf8 COLLATE utf8_general_ci NOT NULL,
  `NAME_` varchar(255) CHARACTER SET utf8 COLLATE utf8_general_ci DEFAULT NULL,
  `DEPLOYMENT_ID_` varchar(255) CHARACTER SET utf8 COLLATE utf8_general_ci DEFAULT NULL,
  `RESOURCE_BYTES_` longblob,
  PRIMARY KEY (`ID_`) USING BTREE
) ENGINE = InnoDB CHARACTER SET = utf8 COLLATE = utf8_general_ci ROW_FORMAT = Compact;

-- ----------------------------
-- Table structure for ACT_DMN_HI_DECISION_EXECUTION
-- ----------------------------
DROP TABLE IF EXISTS `ACT_DMN_HI_DECISION_EXECUTION`;
CREATE TABLE `ACT_DMN_HI_DECISION_EXECUTION`  (
  `ID_` varchar(255) CHARACTER SET utf8 COLLATE utf8_general_ci NOT NULL,
  `DECISION_DEFINITION_ID_` varchar(255) CHARACTER SET utf8 COLLATE utf8_general_ci DEFAULT NULL,
  `DEPLOYMENT_ID_` varchar(255) CHARACTER SET utf8 COLLATE utf8_general_ci DEFAULT NULL,
  `START_TIME_` datetime(3) DEFAULT NULL,
  `END_TIME_` datetime(3) DEFAULT NULL,
  `INSTANCE_ID_` varchar(255) CHARACTER SET utf8 COLLATE utf8_general_ci DEFAULT NULL,
  `EXECUTION_ID_` varchar(255) CHARACTER SET utf8 COLLATE utf8_general_ci DEFAULT NULL,
  `ACTIVITY_ID_` varchar(255) CHARACTER SET utf8 COLLATE utf8_general_ci DEFAULT NULL,
  `FAILED_` bit(1) DEFAULT b'0',
  `TENANT_ID_` varchar(255) CHARACTER SET utf8 COLLATE utf8_general_ci DEFAULT NULL,
  `EXECUTION_JSON_` longtext CHARACTER SET utf8 COLLATE utf8_general_ci,
  `SCOPE_TYPE_` varchar(255) CHARACTER SET utf8 COLLATE utf8_general_ci DEFAULT NULL,
  PRIMARY KEY (`ID_`) USING BTREE
) ENGINE = InnoDB CHARACTER SET = utf8 COLLATE = utf8_general_ci ROW_FORMAT = Compact;

-- ----------------------------
-- Table structure for ACT_EVT_LOG
-- ----------------------------
DROP TABLE IF EXISTS `ACT_EVT_LOG`;
CREATE TABLE `ACT_EVT_LOG`  (
  `LOG_NR_` bigint(20) NOT NULL AUTO_INCREMENT,
  `TYPE_` varchar(64) CHARACTER SET utf8 COLLATE utf8_bin DEFAULT NULL,
  `PROC_DEF_ID_` varchar(64) CHARACTER SET utf8 COLLATE utf8_bin DEFAULT NULL,
  `PROC_INST_ID_` varchar(64) CHARACTER SET utf8 COLLATE utf8_bin DEFAULT NULL,
  `EXECUTION_ID_` varchar(64) CHARACTER SET utf8 COLLATE utf8_bin DEFAULT NULL,
  `TASK_ID_` varchar(64) CHARACTER SET utf8 COLLATE utf8_bin DEFAULT NULL,
  `TIME_STAMP_` timestamp(3) NOT NULL DEFAULT CURRENT_TIMESTAMP(3) ON UPDATE CURRENT_TIMESTAMP(3),
  `USER_ID_` varchar(255) CHARACTER SET utf8 COLLATE utf8_bin DEFAULT NULL,
  `DATA_` longblob,
  `LOCK_OWNER_` varchar(255) CHARACTER SET utf8 COLLATE utf8_bin DEFAULT NULL,
  `LOCK_TIME_` timestamp(3) DEFAULT NULL,
  `IS_PROCESSED_` tinyint(4) DEFAULT 0,
  PRIMARY KEY (`LOG_NR_`) USING BTREE
) ENGINE = InnoDB AUTO_INCREMENT = 1 CHARACTER SET = utf8 COLLATE = utf8_bin ROW_FORMAT = Compact;

-- ----------------------------
-- Table structure for ACT_FO_DATABASECHANGELOG
-- ----------------------------
DROP TABLE IF EXISTS `ACT_FO_DATABASECHANGELOG`;
CREATE TABLE `ACT_FO_DATABASECHANGELOG`  (
  `ID` varchar(255) CHARACTER SET utf8 COLLATE utf8_general_ci NOT NULL,
  `AUTHOR` varchar(255) CHARACTER SET utf8 COLLATE utf8_general_ci NOT NULL,
  `FILENAME` varchar(255) CHARACTER SET utf8 COLLATE utf8_general_ci NOT NULL,
  `DATEEXECUTED` datetime(0) NOT NULL,
  `ORDEREXECUTED` int(11) NOT NULL,
  `EXECTYPE` varchar(10) CHARACTER SET utf8 COLLATE utf8_general_ci NOT NULL,
  `MD5SUM` varchar(35) CHARACTER SET utf8 COLLATE utf8_general_ci DEFAULT NULL,
  `DESCRIPTION` varchar(255) CHARACTER SET utf8 COLLATE utf8_general_ci DEFAULT NULL,
  `COMMENTS` varchar(255) CHARACTER SET utf8 COLLATE utf8_general_ci DEFAULT NULL,
  `TAG` varchar(255) CHARACTER SET utf8 COLLATE utf8_general_ci DEFAULT NULL,
  `LIQUIBASE` varchar(20) CHARACTER SET utf8 COLLATE utf8_general_ci DEFAULT NULL,
  `CONTEXTS` varchar(255) CHARACTER SET utf8 COLLATE utf8_general_ci DEFAULT NULL,
  `LABELS` varchar(255) CHARACTER SET utf8 COLLATE utf8_general_ci DEFAULT NULL,
  `DEPLOYMENT_ID` varchar(10) CHARACTER SET utf8 COLLATE utf8_general_ci DEFAULT NULL
) ENGINE = InnoDB CHARACTER SET = utf8 COLLATE = utf8_general_ci ROW_FORMAT = Compact;

-- ----------------------------
-- Records of ACT_FO_DATABASECHANGELOG
-- ----------------------------
INSERT INTO `ACT_FO_DATABASECHANGELOG` VALUES ('1', 'activiti', 'org/flowable/form/db/liquibase/flowable-form-db-changelog.xml', '2019-03-20 17:46:44', 1, 'EXECUTED', '8:033ebf9380889aed7c453927ecc3250d', 'createTable tableName=ACT_FO_FORM_DEPLOYMENT; createTable tableName=ACT_FO_FORM_RESOURCE; createTable tableName=ACT_FO_FORM_DEFINITION; createTable tableName=ACT_FO_FORM_INSTANCE', '', NULL, '3.6.2', NULL, NULL, '3075202716');
INSERT INTO `ACT_FO_DATABASECHANGELOG` VALUES ('2', 'flowable', 'org/flowable/form/db/liquibase/flowable-form-db-changelog.xml', '2019-03-20 17:46:44', 2, 'EXECUTED', '8:986365ceb40445ce3b27a8e6b40f159b', 'addColumn tableName=ACT_FO_FORM_INSTANCE', '', NULL, '3.6.2', NULL, NULL, '3075202716');
INSERT INTO `ACT_FO_DATABASECHANGELOG` VALUES ('3', 'flowable', 'org/flowable/form/db/liquibase/flowable-form-db-changelog.xml', '2019-03-20 17:46:44', 3, 'EXECUTED', '8:abf482518ceb09830ef674e52c06bf15', 'dropColumn columnName=PARENT_DEPLOYMENT_ID_, tableName=ACT_FO_FORM_DEFINITION', '', NULL, '3.6.2', NULL, NULL, '3075202716');
INSERT INTO `ACT_FO_DATABASECHANGELOG` VALUES ('4', 'flowable', 'org/flowable/form/db/liquibase/flowable-form-db-changelog.xml', '2019-03-20 17:46:44', 4, 'EXECUTED', '8:2087829f22a4b2298dbf530681c74854', 'modifyDataType columnName=DEPLOY_TIME_, tableName=ACT_FO_FORM_DEPLOYMENT; modifyDataType columnName=SUBMITTED_DATE_, tableName=ACT_FO_FORM_INSTANCE', '', NULL, '3.6.2', NULL, NULL, '3075202716');

-- ----------------------------
-- Table structure for ACT_FO_DATABASECHANGELOGLOCK
-- ----------------------------
DROP TABLE IF EXISTS `ACT_FO_DATABASECHANGELOGLOCK`;
CREATE TABLE `ACT_FO_DATABASECHANGELOGLOCK`  (
  `ID` int(11) NOT NULL,
  `LOCKED` bit(1) NOT NULL,
  `LOCKGRANTED` datetime(0) DEFAULT NULL,
  `LOCKEDBY` varchar(255) CHARACTER SET utf8 COLLATE utf8_general_ci DEFAULT NULL,
  PRIMARY KEY (`ID`) USING BTREE
) ENGINE = InnoDB CHARACTER SET = utf8 COLLATE = utf8_general_ci ROW_FORMAT = Compact;

-- ----------------------------
-- Records of ACT_FO_DATABASECHANGELOGLOCK
-- ----------------------------
INSERT INTO `ACT_FO_DATABASECHANGELOGLOCK` VALUES (1, b'0', NULL, NULL);

-- ----------------------------
-- Table structure for ACT_FO_FORM_DEFINITION
-- ----------------------------
DROP TABLE IF EXISTS `ACT_FO_FORM_DEFINITION`;
CREATE TABLE `ACT_FO_FORM_DEFINITION`  (
  `ID_` varchar(255) CHARACTER SET utf8 COLLATE utf8_general_ci NOT NULL,
  `NAME_` varchar(255) CHARACTER SET utf8 COLLATE utf8_general_ci DEFAULT NULL,
  `VERSION_` int(11) DEFAULT NULL,
  `KEY_` varchar(255) CHARACTER SET utf8 COLLATE utf8_general_ci DEFAULT NULL,
  `CATEGORY_` varchar(255) CHARACTER SET utf8 COLLATE utf8_general_ci DEFAULT NULL,
  `DEPLOYMENT_ID_` varchar(255) CHARACTER SET utf8 COLLATE utf8_general_ci DEFAULT NULL,
  `TENANT_ID_` varchar(255) CHARACTER SET utf8 COLLATE utf8_general_ci DEFAULT NULL,
  `RESOURCE_NAME_` varchar(255) CHARACTER SET utf8 COLLATE utf8_general_ci DEFAULT NULL,
  `DESCRIPTION_` varchar(255) CHARACTER SET utf8 COLLATE utf8_general_ci DEFAULT NULL,
  PRIMARY KEY (`ID_`) USING BTREE
) ENGINE = InnoDB CHARACTER SET = utf8 COLLATE = utf8_general_ci ROW_FORMAT = Compact;

-- ----------------------------
-- Records of ACT_FO_FORM_DEFINITION
-- ----------------------------
INSERT INTO `ACT_FO_FORM_DEFINITION` VALUES ('e068306d-4af8-11e9-a8a6-144f8ac1fca1', 'bosss-ref', 1, 'bos-ref', NULL, 'e059ff98-4af8-11e9-a8a6-144f8ac1fca1', '', 'form-bos-ref.form', NULL);
INSERT INTO `ACT_FO_FORM_DEFINITION` VALUES ('e068306e-4af8-11e9-a8a6-144f8ac1fca1', 'test', 1, 'test', NULL, 'e059ff98-4af8-11e9-a8a6-144f8ac1fca1', '', 'form-test.form', NULL);
INSERT INTO `ACT_FO_FORM_DEFINITION` VALUES ('e068306f-4af8-11e9-a8a6-144f8ac1fca1', 'btfb-ref', 1, 'btfb-ref', NULL, 'e059ff98-4af8-11e9-a8a6-144f8ac1fca1', '', 'form-btfb-ref.form', NULL);
INSERT INTO `ACT_FO_FORM_DEFINITION` VALUES ('e0683070-4af8-11e9-a8a6-144f8ac1fca1', '基本信息', 1, '基本信息', NULL, 'e059ff98-4af8-11e9-a8a6-144f8ac1fca1', '', 'form-基本信息.form', NULL);

-- ----------------------------
-- Table structure for ACT_FO_FORM_DEPLOYMENT
-- ----------------------------
DROP TABLE IF EXISTS `ACT_FO_FORM_DEPLOYMENT`;
CREATE TABLE `ACT_FO_FORM_DEPLOYMENT`  (
  `ID_` varchar(255) CHARACTER SET utf8 COLLATE utf8_general_ci NOT NULL,
  `NAME_` varchar(255) CHARACTER SET utf8 COLLATE utf8_general_ci DEFAULT NULL,
  `CATEGORY_` varchar(255) CHARACTER SET utf8 COLLATE utf8_general_ci DEFAULT NULL,
  `DEPLOY_TIME_` datetime(3) DEFAULT NULL,
  `TENANT_ID_` varchar(255) CHARACTER SET utf8 COLLATE utf8_general_ci DEFAULT NULL,
  `PARENT_DEPLOYMENT_ID_` varchar(255) CHARACTER SET utf8 COLLATE utf8_general_ci DEFAULT NULL,
  PRIMARY KEY (`ID_`) USING BTREE
) ENGINE = InnoDB CHARACTER SET = utf8 COLLATE = utf8_general_ci ROW_FORMAT = Compact;

-- ----------------------------
-- Records of ACT_FO_FORM_DEPLOYMENT
-- ----------------------------
INSERT INTO `ACT_FO_FORM_DEPLOYMENT` VALUES ('e059ff98-4af8-11e9-a8a6-144f8ac1fca1', '?.zip', NULL, '2019-03-20 18:13:58.785', '', 'e02c5fdc-4af8-11e9-a8a6-144f8ac1fca1');

-- ----------------------------
-- Table structure for ACT_FO_FORM_INSTANCE
-- ----------------------------
DROP TABLE IF EXISTS `ACT_FO_FORM_INSTANCE`;
CREATE TABLE `ACT_FO_FORM_INSTANCE`  (
  `ID_` varchar(255) CHARACTER SET utf8 COLLATE utf8_general_ci NOT NULL,
  `FORM_DEFINITION_ID_` varchar(255) CHARACTER SET utf8 COLLATE utf8_general_ci NOT NULL,
  `TASK_ID_` varchar(255) CHARACTER SET utf8 COLLATE utf8_general_ci DEFAULT NULL,
  `PROC_INST_ID_` varchar(255) CHARACTER SET utf8 COLLATE utf8_general_ci DEFAULT NULL,
  `PROC_DEF_ID_` varchar(255) CHARACTER SET utf8 COLLATE utf8_general_ci DEFAULT NULL,
  `SUBMITTED_DATE_` datetime(3) DEFAULT NULL,
  `SUBMITTED_BY_` varchar(255) CHARACTER SET utf8 COLLATE utf8_general_ci DEFAULT NULL,
  `FORM_VALUES_ID_` varchar(255) CHARACTER SET utf8 COLLATE utf8_general_ci DEFAULT NULL,
  `TENANT_ID_` varchar(255) CHARACTER SET utf8 COLLATE utf8_general_ci DEFAULT NULL,
  `SCOPE_ID_` varchar(255) CHARACTER SET utf8 COLLATE utf8_general_ci DEFAULT NULL,
  `SCOPE_TYPE_` varchar(255) CHARACTER SET utf8 COLLATE utf8_general_ci DEFAULT NULL,
  `SCOPE_DEFINITION_ID_` varchar(255) CHARACTER SET utf8 COLLATE utf8_general_ci DEFAULT NULL,
  PRIMARY KEY (`ID_`) USING BTREE
) ENGINE = InnoDB CHARACTER SET = utf8 COLLATE = utf8_general_ci ROW_FORMAT = Compact;

-- ----------------------------
-- Records of ACT_FO_FORM_INSTANCE
-- ----------------------------
INSERT INTO `ACT_FO_FORM_INSTANCE` VALUES ('226d6f37-4af9-11e9-a8a6-144f8ac1fca1', 'e068306e-4af8-11e9-a8a6-144f8ac1fca1', NULL, '226cfa01-4af9-11e9-a8a6-144f8ac1fca1', '官方流程pgg:1:e0593c47-4af8-11e9-a8a6-144f8ac1fca1', '2019-03-20 18:15:49.642', 'admin', '226d6f36-4af9-11e9-a8a6-144f8ac1fca1', '', NULL, NULL, NULL);

-- ----------------------------
-- Table structure for ACT_FO_FORM_RESOURCE
-- ----------------------------
DROP TABLE IF EXISTS `ACT_FO_FORM_RESOURCE`;
CREATE TABLE `ACT_FO_FORM_RESOURCE`  (
  `ID_` varchar(255) CHARACTER SET utf8 COLLATE utf8_general_ci NOT NULL,
  `NAME_` varchar(255) CHARACTER SET utf8 COLLATE utf8_general_ci DEFAULT NULL,
  `DEPLOYMENT_ID_` varchar(255) CHARACTER SET utf8 COLLATE utf8_general_ci DEFAULT NULL,
  `RESOURCE_BYTES_` longblob,
  PRIMARY KEY (`ID_`) USING BTREE
) ENGINE = InnoDB CHARACTER SET = utf8 COLLATE = utf8_general_ci ROW_FORMAT = Compact;

-- ----------------------------
-- Records of ACT_FO_FORM_RESOURCE
-- ----------------------------
INSERT INTO `ACT_FO_FORM_RESOURCE` VALUES ('226d6f36-4af9-11e9-a8a6-144f8ac1fca1', 'form-e068306e-4af8-11e9-a8a6-144f8ac1fca1', NULL, 0x7B2276616C756573223A7B22636F6E74696E656E74223A22E4B8ADE585B1227D7D);
INSERT INTO `ACT_FO_FORM_RESOURCE` VALUES ('e059ff99-4af8-11e9-a8a6-144f8ac1fca1', 'form-bos-ref.form', 'e059ff98-4af8-11e9-a8a6-144f8ac1fca1', 0x7B226E616D65223A22626F7373732D726566222C226B6579223A22626F732D726566222C2276657273696F6E223A302C226669656C6473223A5B7B226669656C6454797065223A2245787072657373696F6E466F726D4669656C64222C226964223A226C6162656C222C226E616D65223A224C6162656C222C2274797065223A2265787072657373696F6E222C2276616C7565223A6E756C6C2C227265717569726564223A66616C73652C22726561644F6E6C79223A66616C73652C226F766572726964654964223A66616C73652C22706C616365686F6C646572223A6E756C6C2C226C61796F7574223A6E756C6C2C2265787072657373696F6E223A22E98791E9A29DE5A4A7E4BA8E313030E38082E5BC80E5A78BE68F90E4BAA4E79A84E695B0E68DAEEFBC8C20247B636F6E74696E656E747DEFBC8CE7ACACE4BA8CE4B8AAE6B581E7A88BE68F90E4BAA4E79A84E695B0E68DAE247B6D6F6E65797D20247BE5908DE5AD977D227D2C7B226669656C6454797065223A22466F726D4669656C64222C226964223A2273697A65222C226E616D65223A2273697A65222C2274797065223A2274657874222C2276616C7565223A6E756C6C2C227265717569726564223A66616C73652C22726561644F6E6C79223A66616C73652C226F766572726964654964223A66616C73652C22706C616365686F6C646572223A6E756C6C2C226C61796F7574223A6E756C6C7D5D2C226F7574636F6D6573223A5B5D7D);
INSERT INTO `ACT_FO_FORM_RESOURCE` VALUES ('e059ff9a-4af8-11e9-a8a6-144f8ac1fca1', 'form-test.form', 'e059ff98-4af8-11e9-a8a6-144f8ac1fca1', 0x7B226E616D65223A2274657374222C226B6579223A2274657374222C2276657273696F6E223A302C226669656C6473223A5B7B226669656C6454797065223A224F7074696F6E466F726D4669656C64222C226964223A22636F6E74696E656E74222C226E616D65223A22436F6E74696E656E74222C2274797065223A2264726F70646F776E222C2276616C7565223A22506C656173652063686F6F7365206F6E652E2E2E222C227265717569726564223A66616C73652C22726561644F6E6C79223A66616C73652C226F766572726964654964223A66616C73652C22706C616365686F6C646572223A6E756C6C2C226C61796F7574223A6E756C6C2C226F7074696F6E54797065223A6E756C6C2C22686173456D70747956616C7565223A747275652C226F7074696F6E73223A5B7B226964223A6E756C6C2C226E616D65223A22506C656173652063686F6F7365206F6E652E2E2E227D2C7B226964223A6E756C6C2C226E616D65223A22E4B8ADE585B1227D2C7B226964223A6E756C6C2C226E616D65223A22E7BE8EE59BBD227D5D2C226F7074696F6E7345787072657373696F6E223A6E756C6C7D5D2C226F7574636F6D6573223A5B5D7D);
INSERT INTO `ACT_FO_FORM_RESOURCE` VALUES ('e059ff9b-4af8-11e9-a8a6-144f8ac1fca1', 'form-btfb-ref.form', 'e059ff98-4af8-11e9-a8a6-144f8ac1fca1', 0x7B226E616D65223A22627466622D726566222C226B6579223A22627466622D726566222C2276657273696F6E223A302C226669656C6473223A5B7B226669656C6454797065223A2245787072657373696F6E466F726D4669656C64222C226964223A226C6162656C222C226E616D65223A224C6162656C222C2274797065223A2265787072657373696F6E222C2276616C7565223A6E756C6C2C227265717569726564223A66616C73652C22726561644F6E6C79223A66616C73652C226F766572726964654964223A66616C73652C22706C616365686F6C646572223A6E756C6C2C226C61796F7574223A6E756C6C2C2265787072657373696F6E223A22E98791E9A29DE5B08FE4BA8E313030EFBC8C20E58FA6E4B880E7A78DE5A484E79086247B6D6F6E65797D227D2C7B226669656C6454797065223A22466F726D4669656C64222C226964223A2273697A6532222C226E616D65223A2273697A6532222C2274797065223A2274657874222C2276616C7565223A6E756C6C2C227265717569726564223A66616C73652C22726561644F6E6C79223A66616C73652C226F766572726964654964223A66616C73652C22706C616365686F6C646572223A6E756C6C2C226C61796F7574223A6E756C6C7D5D2C226F7574636F6D6573223A5B5D7D);
INSERT INTO `ACT_FO_FORM_RESOURCE` VALUES ('e059ff9c-4af8-11e9-a8a6-144f8ac1fca1', 'form-基本信息.form', 'e059ff98-4af8-11e9-a8a6-144f8ac1fca1', 0x7B226E616D65223A22E59FBAE69CACE4BFA1E681AF222C226B6579223A22E59FBAE69CACE4BFA1E681AF222C2276657273696F6E223A302C226669656C6473223A5B7B226669656C6454797065223A22466F726D4669656C64222C226964223A226C6162656C6C6C6C6C6C6C6C6C6C6C6C6C6C6C6C6C6C6C6C6C6C6C222C226E616D65223A224C6162656C6C6C6C6C6C6C6C6C6C6C6C6C6C6C6C6C6C6C6C6C6C6C222C2274797065223A22686561646C696E652D776974682D6C696E65222C2276616C7565223A6E756C6C2C227265717569726564223A66616C73652C22726561644F6E6C79223A66616C73652C226F766572726964654964223A66616C73652C22706C616365686F6C646572223A6E756C6C2C226C61796F7574223A6E756C6C7D2C7B226669656C6454797065223A22466F726D4669656C64222C226964223A22E5908DE5AD97222C226E616D65223A22E5908DE5AD97222C2274797065223A2274657874222C2276616C7565223A6E756C6C2C227265717569726564223A66616C73652C22726561644F6E6C79223A66616C73652C226F766572726964654964223A66616C73652C22706C616365686F6C646572223A22E8BE93E585A5E5908DE5AD97222C226C61796F7574223A6E756C6C7D2C7B226669656C6454797065223A22466F726D4669656C64222C226964223A226D6F6E6579222C226E616D65223A226D6F6E6579222C2274797065223A22696E7465676572222C2276616C7565223A6E756C6C2C227265717569726564223A66616C73652C22726561644F6E6C79223A66616C73652C226F766572726964654964223A66616C73652C22706C616365686F6C646572223A6E756C6C2C22706172616D73223A7B226D696E4C656E677468223A22227D2C226C61796F7574223A6E756C6C7D5D2C226F7574636F6D6573223A5B5D7D);

-- ----------------------------
-- Table structure for ACT_GE_BYTEARRAY
-- ----------------------------
DROP TABLE IF EXISTS `ACT_GE_BYTEARRAY`;
CREATE TABLE `ACT_GE_BYTEARRAY`  (
  `ID_` varchar(64) CHARACTER SET utf8 COLLATE utf8_bin NOT NULL DEFAULT '',
  `REV_` int(11) DEFAULT NULL,
  `NAME_` varchar(255) CHARACTER SET utf8 COLLATE utf8_bin DEFAULT NULL,
  `DEPLOYMENT_ID_` varchar(64) CHARACTER SET utf8 COLLATE utf8_bin DEFAULT NULL,
  `BYTES_` longblob,
  `GENERATED_` tinyint(4) DEFAULT NULL,
  PRIMARY KEY (`ID_`) USING BTREE,
  INDEX `ACT_FK_BYTEARR_DEPL`(`DEPLOYMENT_ID_`) USING BTREE,
  CONSTRAINT `ACT_FK_BYTEARR_DEPL` FOREIGN KEY (`DEPLOYMENT_ID_`) REFERENCES `ACT_RE_DEPLOYMENT` (`ID_`) ON DELETE RESTRICT ON UPDATE RESTRICT
) ENGINE = InnoDB CHARACTER SET = utf8 COLLATE = utf8_bin ROW_FORMAT = Compact;

-- ----------------------------
-- Records of ACT_GE_BYTEARRAY
-- ----------------------------
INSERT INTO `ACT_GE_BYTEARRAY` VALUES ('b3c7bd42-4af7-11e9-a8a6-144f8ac1fca1', 1, '测试.bpmn', 'b3c7bd41-4af7-11e9-a8a6-144f8ac1fca1', 0x3C3F786D6C2076657273696F6E3D22312E302220656E636F64696E673D225554462D38223F3E0A3C646566696E6974696F6E7320786D6C6E733D22687474703A2F2F7777772E6F6D672E6F72672F737065632F42504D4E2F32303130303532342F4D4F44454C2220786D6C6E733A7873693D22687474703A2F2F7777772E77332E6F72672F323030312F584D4C536368656D612D696E7374616E63652220786D6C6E733A7873643D22687474703A2F2F7777772E77332E6F72672F323030312F584D4C536368656D612220786D6C6E733A666C6F7761626C653D22687474703A2F2F666C6F7761626C652E6F72672F62706D6E2220786D6C6E733A62706D6E64693D22687474703A2F2F7777772E6F6D672E6F72672F737065632F42504D4E2F32303130303532342F44492220786D6C6E733A6F6D6764633D22687474703A2F2F7777772E6F6D672E6F72672F737065632F44442F32303130303532342F44432220786D6C6E733A6F6D6764693D22687474703A2F2F7777772E6F6D672E6F72672F737065632F44442F32303130303532342F44492220747970654C616E67756167653D22687474703A2F2F7777772E77332E6F72672F323030312F584D4C536368656D61222065787072657373696F6E4C616E67756167653D22687474703A2F2F7777772E77332E6F72672F313939392F585061746822207461726765744E616D6573706163653D22687474703A2F2F7777772E666C6F7761626C652E6F72672F70726F63657373646566223E0A20203C70726F636573732069643D22E6B58BE8AF9522206E616D653D22E6B58BE8AF95632220697345786563757461626C653D2274727565223E0A202020203C73746172744576656E742069643D2273746172744576656E74312220666C6F7761626C653A696E69746961746F723D22696E69746961746F72223E3C2F73746172744576656E743E0A202020203C757365725461736B2069643D227369642D30314236354333462D383535462D343033352D423134322D453641463937464532393838223E3C2F757365725461736B3E0A202020203C73657175656E6365466C6F772069643D227369642D30343837334230442D333042372D344141422D413036332D3331443544364135323744332220736F757263655265663D2273746172744576656E743122207461726765745265663D227369642D30314236354333462D383535462D343033352D423134322D453641463937464532393838223E3C2F73657175656E6365466C6F773E0A202020203C757365725461736B2069643D227369642D33413846344133342D463933342D343944432D383231382D413836443843374136394339223E3C2F757365725461736B3E0A202020203C73657175656E6365466C6F772069643D227369642D39344646333937452D383646312D343745322D423737422D3339313244463938423332322220736F757263655265663D227369642D30314236354333462D383535462D343033352D423134322D45364146393746453239383822207461726765745265663D227369642D33413846344133342D463933342D343944432D383231382D413836443843374136394339223E3C2F73657175656E6365466C6F773E0A202020203C656E644576656E742069643D227369642D33364130463445382D343537312D343644332D384237332D314446393039323241464436223E3C2F656E644576656E743E0A202020203C73657175656E6365466C6F772069643D227369642D45353630464146462D424536382D344333442D414638422D3133323044433337384231432220736F757263655265663D227369642D33413846344133342D463933342D343944432D383231382D41383644384337413639433922207461726765745265663D227369642D33364130463445382D343537312D343644332D384237332D314446393039323241464436223E3C2F73657175656E6365466C6F773E0A20203C2F70726F636573733E0A20203C62706D6E64693A42504D4E4469616772616D2069643D2242504D4E4469616772616D5FE6B58BE8AF95223E0A202020203C62706D6E64693A42504D4E506C616E652062706D6E456C656D656E743D22E6B58BE8AF95222069643D2242504D4E506C616E655FE6B58BE8AF95223E0A2020202020203C62706D6E64693A42504D4E53686170652062706D6E456C656D656E743D2273746172744576656E7431222069643D2242504D4E53686170655F73746172744576656E7431223E0A20202020202020203C6F6D6764633A426F756E6473206865696768743D2233302E30222077696474683D2233302E302220783D223330302E302220793D223136352E30223E3C2F6F6D6764633A426F756E64733E0A2020202020203C2F62706D6E64693A42504D4E53686170653E0A2020202020203C62706D6E64693A42504D4E53686170652062706D6E456C656D656E743D227369642D30314236354333462D383535462D343033352D423134322D453641463937464532393838222069643D2242504D4E53686170655F7369642D30314236354333462D383535462D343033352D423134322D453641463937464532393838223E0A20202020202020203C6F6D6764633A426F756E6473206865696768743D2238302E30222077696474683D223130302E302220783D223337352E302220793D223134302E30223E3C2F6F6D6764633A426F756E64733E0A2020202020203C2F62706D6E64693A42504D4E53686170653E0A2020202020203C62706D6E64693A42504D4E53686170652062706D6E456C656D656E743D227369642D33413846344133342D463933342D343944432D383231382D413836443843374136394339222069643D2242504D4E53686170655F7369642D33413846344133342D463933342D343944432D383231382D413836443843374136394339223E0A20202020202020203C6F6D6764633A426F756E6473206865696768743D2238302E30222077696474683D223130302E302220783D223532302E302220793D223134302E30223E3C2F6F6D6764633A426F756E64733E0A2020202020203C2F62706D6E64693A42504D4E53686170653E0A2020202020203C62706D6E64693A42504D4E53686170652062706D6E456C656D656E743D227369642D33364130463445382D343537312D343644332D384237332D314446393039323241464436222069643D2242504D4E53686170655F7369642D33364130463445382D343537312D343644332D384237332D314446393039323241464436223E0A20202020202020203C6F6D6764633A426F756E6473206865696768743D2232382E30222077696474683D2232382E302220783D223636352E302220793D223136362E30223E3C2F6F6D6764633A426F756E64733E0A2020202020203C2F62706D6E64693A42504D4E53686170653E0A2020202020203C62706D6E64693A42504D4E456467652062706D6E456C656D656E743D227369642D39344646333937452D383646312D343745322D423737422D333931324446393842333232222069643D2242504D4E456467655F7369642D39344646333937452D383646312D343745322D423737422D333931324446393842333232223E0A20202020202020203C6F6D6764693A776179706F696E7420783D223437342E39353030303030303030303030352220793D223138302E30223E3C2F6F6D6764693A776179706F696E743E0A20202020202020203C6F6D6764693A776179706F696E7420783D223532302E302220793D223138302E30223E3C2F6F6D6764693A776179706F696E743E0A2020202020203C2F62706D6E64693A42504D4E456467653E0A2020202020203C62706D6E64693A42504D4E456467652062706D6E456C656D656E743D227369642D45353630464146462D424536382D344333442D414638422D313332304443333738423143222069643D2242504D4E456467655F7369642D45353630464146462D424536382D344333442D414638422D313332304443333738423143223E0A20202020202020203C6F6D6764693A776179706F696E7420783D223631392E393439393939393939393939392220793D223138302E30223E3C2F6F6D6764693A776179706F696E743E0A20202020202020203C6F6D6764693A776179706F696E7420783D223636352E302220793D223138302E30223E3C2F6F6D6764693A776179706F696E743E0A2020202020203C2F62706D6E64693A42504D4E456467653E0A2020202020203C62706D6E64693A42504D4E456467652062706D6E456C656D656E743D227369642D30343837334230442D333042372D344141422D413036332D333144354436413532374433222069643D2242504D4E456467655F7369642D30343837334230442D333042372D344141422D413036332D333144354436413532374433223E0A20202020202020203C6F6D6764693A776179706F696E7420783D223332392E393439393938343839393537362220793D223138302E30223E3C2F6F6D6764693A776179706F696E743E0A20202020202020203C6F6D6764693A776179706F696E7420783D223337352E302220793D223138302E30223E3C2F6F6D6764693A776179706F696E743E0A2020202020203C2F62706D6E64693A42504D4E456467653E0A202020203C2F62706D6E64693A42504D4E506C616E653E0A20203C2F62706D6E64693A42504D4E4469616772616D3E0A3C2F646566696E6974696F6E733E, 0);
INSERT INTO `ACT_GE_BYTEARRAY` VALUES ('b44551b3-4af7-11e9-a8a6-144f8ac1fca1', 1, '测试.测试.png', 'b3c7bd41-4af7-11e9-a8a6-144f8ac1fca1', 0x89504E470D0A1A0A0000000D49484452000002BF000000E60806000000DC07EDF800000C1A4944415478DAEDDD5F6F54651E07702FBCD817B11724BBC9FA12F6622F7C0126EB8564606694A6928EBA80582421ABA40425168D21D14D36262446D34D373106D92E2B306D2D14902C0B81AE8458761185D23A2C5B1199A116397B9E2E63C642B57FA767CE7C3EC92F68A780A9DF3CE79B679E39E78107000000000000000000000000000000000000000000000000000000000000000000000000000000000000000000000000000000000000000000000000000000000000000000000000000000000000000000000000000000000000000000000000000000000000000000000000000000000000000000000000000000000000000000000000000000000000000000000000000000000000000000000000000000000000000000000000000000000000000000000000000000000000000000000000000000000000000000000000000000000000000000000000000000000000000000000000000000000000000000000000000000000000000000000000000000000000000000000000000000000000000000000000000000000000000000000000000000000000000000000000000000000000000000000000000000000000000000000000000000000000000000000000000000000000000000000000000000000000000000000000000000000000000000000000000000000000000000000016288AA2072F5CB8F0DEF1E3C7BFEBEBEB8B8AC5A2A9F3F4F6F646870F1FFE4F3C791932CD982100A89B505A060707A352A9144D4C4C98659AAB57AF46870E1DBA1E9798C764C8345B8600A06EC26E9DD29298F232512C16CFC99069B60C0140DD84B7A99586E44C5C5C2665C8345B8600A06EC27941852151C5259221D36C190280C415976FBE1A8D2E9C783B3ADBBB7D6AC23F87AF291B8A8B0CC91000A4AAB8DC181F893E39B0353AB36FF30F267C2DBCA67028BF32244300909AE272E9EC5FEE292DD5B97CB647E1507E65488600203DC5E5DC473B672C2EE1358543F99521190280D414974F8ADB662C2EE1358543F99521190200C5C528BF32244300D068C5257C327FA6E2125E5338945F19922100484D71397FF40F331697F09AC2A1FCCA900C01406A8ACBB591A1E893831DF7BE5D1D7F2DBCA67028BF32244300909AE212E6B37FBC7B4F71095F5336141719922100485771B9752B3A7FEC8FF7BE5D1D7F2DBCA67028BF32244300908AE2129EBE357CF4CD19CF6B86D73CA14BF99521190280C62E2EB76E45A3E7FBA37FEEFFFD8CA5A53AE17BC2F7DAC1537E65488600A0E18ACB4FEDD4D9C1535C644886002035E577363B753FB683A78028BF32244300D030C565BEA5A53A0A88F22B433204000D535C8CE22243320400CAAF515C6448860040F935CAAFFF773204008A8B517E8D0C0190045114FD6C6868A8F0CE3BEF1CEAECECBCBE61C386C996969668D5AA55513E9FBFF3F4D34F4FBCF0C20B1776EEDCD915CFAF945FA3B8C8900C2D9F5C2EF7F34C26B32E5EA3DF8BE77C3C37C27A1D4F259ECFE2D7F6C4BF3E1FBECF150E605AE97DFFFDF7DF7DE9A59726376EDC18BDF5D65BD1F1E3C7A3919191A852A94441F8B5542A45274F9E8CE2721C3DFBECB3779E7BEEB98B6D6D6D6B955FA3B8C8900CD5CFEAD5AB1F8DA718CFC4DDB23B9BF928FEFEBC2B1ED0F4E292DBFAF2CB2FDFDABC79F354B1BD7DFB76345BA74F9F8EB66CD972BB50289C5BB972E52F955FA3B8C8900C2D9DB8C0AE880BECFE3914DEFBCD609AD66B80B9ECF63EB877EFDEFEA79E7A2AEAE9E99953E99D6EFFFEFD516B6B6B392DBBC08A8BE22243329434994C6655369BFD6F6D91CDE572D12BAFBC12F5F7F7475F7CF145F4F5D75F4FADC9376FDE9C7AE7EEE8D1A3D1AE5DBBA2C71F7F7C7A01BE61171868BAE23B3030F0F7F5EBD747C3C3C3D162B878F1621417E9F2DAB56B7FA7FC1AE557866468518BEF237159BD5D5B7ABBBABAA68EA2CDC6F8F8F8D4F787DF575B82E33F73AD2B22D014C28E6F28BEB35D38672BFC796D6D6D0DBFA3A0B8282E32244349DAF1AD2DBEEDEDED53BBBCF3117E5F38E236AD00DB0106D22D9CF10D471D166BC7F77E3BC04F3CF1C478BCA03EA4FC1AE5D7C8D0FC8533BEB5471D3A3A3ABE3FDA305FE148C48E1D3BA61F8178C8D51148A5705787EDDBB74F8433BE4B69DFBE7DE55C2EF7B1F26B945F2343F31717DFDEDA1DDF8516DFDA023C6D0778D0151248A53D7BF6FC292C78DF7EFB6DB4D49E79E699B1467D3B4D71515C644886965BB89D59ED19DFF91E75F8B12310B567801D7F0052B9EB1BEEE31B6E67560F67CE9C9968D4DD5FC545719121194A40F92D568B69F8B0DA52E8EEEEB6FB0BA45778725BF890DB426E693657ADADAD63E1CC5A922E26F1FC4671515C644886929CA1F044B6EA87DCC2EEECB56BD796648D0E778198761BB415AE96406A844716EFDEBD3BAAA75DBB769D0E8FD64CCACFA0E6EDBD622693F9B5E2A2B8C8900C253143771F593CF57DAFBEFAEA52AFD3B5E5F779574B20353A3B3BAF874716D7D3B163C72EC68B694FD22E3A35F3E1FD76601417C5458664683933147FEDBDEAEB0303034BBA4E870761D4FCB7F4B85A02A9B161C386C9D1D1D1BA96DFB1B1B152BC985E4AF045E7FB1D98DA8B8FE2A2B8C8900C2D6786E27F3F5FFDFA627FD06DBAF024B89AFF8E4BAE96406AB4B4B444954AA5AEE537FC7DF1625A49FA45A7760726BC0DA9B8282E322443CB99A178CAD57F5FACDB9BFDD86DCF6AFEEE8AAB25901A61615B0EB358E813378A4BB246864C3366A83AF55EA75D2D81D458B366CD9D7AEFFC96CBE5B106D9F93D91C9641E79F8E1871F0CDFA7B8D8B59321195ACE0C85A7AED9F90558A0F5EBD74FD4FBCCEF952B573E4DF899DF1F14962AC545719121195ACE0C39F30BB008B66EDD7ABEDE777B3870E0C0DF127AB7878FC3D393A61716C545719121194A4286DCED016011BCF6DA6BBBEB7D9FDF8E8E8E7D09BBCFEF7D77E91417C5458664284919729F5F8045F0E28B2FFE62DDBA75DFD5F1096F956C36FBEF467C6290E2A2B8C8900C2DA7F084B778ED9CACC713DEF2F9FC1D4F780352ABBDBDFD5F274F9EACD79187AE467D56BCE2A2B8C8900C2DB770DFDF6A29EDEAEA5A9275BABBBBBB76D777D05512489D279F7C72E5A64D9B26EBB0FB3B9ECD664FC58B775EF935CAAF91A17995DF47ABC534ECFE2EF607DFC29F17AFD3776A1EB29177950452A950280CF5F4F42C69F30DE78BC32EC24F9D8B545C8CF26B646866F13AFA51B59CB6B7B72FDA6DCFC2EDCD366DDA74BB76D7B751D76B80D92CA62B5A5B5BCBC3C3C34B527C878686F6C67FC7E8EAD5AB1F6AD49F91E2A2B8C8900C2565BD8EE76AB5A47674742CB80087E2BB63C78EDA73BE371A79BD0698957C3E9F2B140A374BA5D2A216DFCB972F1FC966B39F37FADB678A8BE22243329414994C6655F5C36FD51DE0F91E8108BF6FDA8EAFE30E40F3C8E572AD6D6D6D37166B0738ECF886E21B2FD45B1AFD67A3B8282E32244309DB016EA92DC0E10C70F8105CB85BC36CEFEA103EDC567BC6374C1AD66B8039EF28E4F3F9EB1F7CF0C1370BF810DCF8EBAFBFFE7638EA1016E834FC5C1417C54586642889EB753CE3B5E53594E0701FE0F0208CB0AB5B3D12118E368427B7850758BCF1C61BD19A356BBE9BF654B91B6959AF01E6B3A3B0229BCDF6150A85B153A74E95E7721FDF83070F76C7E5F944F8B0449ACE8C292E8A8B0CC95052D7EBDA5BA0CD73069DF105F8FFA2FA5828C12D2D2DA5CECECEB3478E1CF97C646464B452A94C35DD72B93C76E5CA954F7B7B7BFFBA6DDBB60F73B9DC85B08886DD83B47D4A5871515C64488692BE5EDF2DC1937329BD695CAF01162C3C59285E5437DE7DB6FC67F154EE2E9CE1D74BE1D9EFE11198697E1290E2A2B8C8900C59AF01681A8A8BE22243320400CAAF515C6448860040F9358A8B0CC9100028BF46F9353204008A8B517E8D0C0180E262945F234300A0B8282E3264945F00505C14171932CA2F00282E8A8B0C19E517001417C54586640800505C141719922100507E8DE22243320400CAAF515C6448860040F935CAAFFF773204008A8B517E8D0C0180E262945F234300A0B818E5D728BF00A0B8282E3264945F00505C14171932CA2F00282E8A8B0CC91000A0B8282E32244300D0B4FAFAFA1486E44C252E2E9332649A2D43005037870F1F1E2D954A4A4302666464E4CF7171392743A6D932040075D3DFDFFFDB818181AFBEFCF2CBB2F2B07CBB75A1B4F4F6F67E1ECF6332649A2D43005057F1C5F29162B17822BC5D1ACE0B9ABA4FF8B99F6BE4D2224332040000000000000000000000000000000000000000000000004DE97F0A6B5DEAFD0B32600000000049454E44AE426082, 1);
INSERT INTO `ACT_GE_BYTEARRAY` VALUES ('b759487a-4af7-11e9-a8a6-144f8ac1fca1', 1, '测试.bpmn', 'b7594879-4af7-11e9-a8a6-144f8ac1fca1', 0x3C3F786D6C2076657273696F6E3D22312E302220656E636F64696E673D225554462D38223F3E0A3C646566696E6974696F6E7320786D6C6E733D22687474703A2F2F7777772E6F6D672E6F72672F737065632F42504D4E2F32303130303532342F4D4F44454C2220786D6C6E733A7873693D22687474703A2F2F7777772E77332E6F72672F323030312F584D4C536368656D612D696E7374616E63652220786D6C6E733A7873643D22687474703A2F2F7777772E77332E6F72672F323030312F584D4C536368656D612220786D6C6E733A666C6F7761626C653D22687474703A2F2F666C6F7761626C652E6F72672F62706D6E2220786D6C6E733A62706D6E64693D22687474703A2F2F7777772E6F6D672E6F72672F737065632F42504D4E2F32303130303532342F44492220786D6C6E733A6F6D6764633D22687474703A2F2F7777772E6F6D672E6F72672F737065632F44442F32303130303532342F44432220786D6C6E733A6F6D6764693D22687474703A2F2F7777772E6F6D672E6F72672F737065632F44442F32303130303532342F44492220747970654C616E67756167653D22687474703A2F2F7777772E77332E6F72672F323030312F584D4C536368656D61222065787072657373696F6E4C616E67756167653D22687474703A2F2F7777772E77332E6F72672F313939392F585061746822207461726765744E616D6573706163653D22687474703A2F2F7777772E666C6F7761626C652E6F72672F70726F63657373646566223E0A20203C70726F636573732069643D22E6B58BE8AF9522206E616D653D22E6B58BE8AF95632220697345786563757461626C653D2274727565223E0A202020203C73746172744576656E742069643D2273746172744576656E74312220666C6F7761626C653A696E69746961746F723D22696E69746961746F72223E3C2F73746172744576656E743E0A202020203C757365725461736B2069643D227369642D30314236354333462D383535462D343033352D423134322D453641463937464532393838223E3C2F757365725461736B3E0A202020203C73657175656E6365466C6F772069643D227369642D30343837334230442D333042372D344141422D413036332D3331443544364135323744332220736F757263655265663D2273746172744576656E743122207461726765745265663D227369642D30314236354333462D383535462D343033352D423134322D453641463937464532393838223E3C2F73657175656E6365466C6F773E0A202020203C757365725461736B2069643D227369642D33413846344133342D463933342D343944432D383231382D413836443843374136394339223E3C2F757365725461736B3E0A202020203C73657175656E6365466C6F772069643D227369642D39344646333937452D383646312D343745322D423737422D3339313244463938423332322220736F757263655265663D227369642D30314236354333462D383535462D343033352D423134322D45364146393746453239383822207461726765745265663D227369642D33413846344133342D463933342D343944432D383231382D413836443843374136394339223E3C2F73657175656E6365466C6F773E0A202020203C656E644576656E742069643D227369642D33364130463445382D343537312D343644332D384237332D314446393039323241464436223E3C2F656E644576656E743E0A202020203C73657175656E6365466C6F772069643D227369642D45353630464146462D424536382D344333442D414638422D3133323044433337384231432220736F757263655265663D227369642D33413846344133342D463933342D343944432D383231382D41383644384337413639433922207461726765745265663D227369642D33364130463445382D343537312D343644332D384237332D314446393039323241464436223E3C2F73657175656E6365466C6F773E0A20203C2F70726F636573733E0A20203C62706D6E64693A42504D4E4469616772616D2069643D2242504D4E4469616772616D5FE6B58BE8AF95223E0A202020203C62706D6E64693A42504D4E506C616E652062706D6E456C656D656E743D22E6B58BE8AF95222069643D2242504D4E506C616E655FE6B58BE8AF95223E0A2020202020203C62706D6E64693A42504D4E53686170652062706D6E456C656D656E743D2273746172744576656E7431222069643D2242504D4E53686170655F73746172744576656E7431223E0A20202020202020203C6F6D6764633A426F756E6473206865696768743D2233302E30222077696474683D2233302E302220783D223330302E302220793D223136352E30223E3C2F6F6D6764633A426F756E64733E0A2020202020203C2F62706D6E64693A42504D4E53686170653E0A2020202020203C62706D6E64693A42504D4E53686170652062706D6E456C656D656E743D227369642D30314236354333462D383535462D343033352D423134322D453641463937464532393838222069643D2242504D4E53686170655F7369642D30314236354333462D383535462D343033352D423134322D453641463937464532393838223E0A20202020202020203C6F6D6764633A426F756E6473206865696768743D2238302E30222077696474683D223130302E302220783D223337352E302220793D223134302E30223E3C2F6F6D6764633A426F756E64733E0A2020202020203C2F62706D6E64693A42504D4E53686170653E0A2020202020203C62706D6E64693A42504D4E53686170652062706D6E456C656D656E743D227369642D33413846344133342D463933342D343944432D383231382D413836443843374136394339222069643D2242504D4E53686170655F7369642D33413846344133342D463933342D343944432D383231382D413836443843374136394339223E0A20202020202020203C6F6D6764633A426F756E6473206865696768743D2238302E30222077696474683D223130302E302220783D223532302E302220793D223134302E30223E3C2F6F6D6764633A426F756E64733E0A2020202020203C2F62706D6E64693A42504D4E53686170653E0A2020202020203C62706D6E64693A42504D4E53686170652062706D6E456C656D656E743D227369642D33364130463445382D343537312D343644332D384237332D314446393039323241464436222069643D2242504D4E53686170655F7369642D33364130463445382D343537312D343644332D384237332D314446393039323241464436223E0A20202020202020203C6F6D6764633A426F756E6473206865696768743D2232382E30222077696474683D2232382E302220783D223636352E302220793D223136362E30223E3C2F6F6D6764633A426F756E64733E0A2020202020203C2F62706D6E64693A42504D4E53686170653E0A2020202020203C62706D6E64693A42504D4E456467652062706D6E456C656D656E743D227369642D39344646333937452D383646312D343745322D423737422D333931324446393842333232222069643D2242504D4E456467655F7369642D39344646333937452D383646312D343745322D423737422D333931324446393842333232223E0A20202020202020203C6F6D6764693A776179706F696E7420783D223437342E39353030303030303030303030352220793D223138302E30223E3C2F6F6D6764693A776179706F696E743E0A20202020202020203C6F6D6764693A776179706F696E7420783D223532302E302220793D223138302E30223E3C2F6F6D6764693A776179706F696E743E0A2020202020203C2F62706D6E64693A42504D4E456467653E0A2020202020203C62706D6E64693A42504D4E456467652062706D6E456C656D656E743D227369642D45353630464146462D424536382D344333442D414638422D313332304443333738423143222069643D2242504D4E456467655F7369642D45353630464146462D424536382D344333442D414638422D313332304443333738423143223E0A20202020202020203C6F6D6764693A776179706F696E7420783D223631392E393439393939393939393939392220793D223138302E30223E3C2F6F6D6764693A776179706F696E743E0A20202020202020203C6F6D6764693A776179706F696E7420783D223636352E302220793D223138302E30223E3C2F6F6D6764693A776179706F696E743E0A2020202020203C2F62706D6E64693A42504D4E456467653E0A2020202020203C62706D6E64693A42504D4E456467652062706D6E456C656D656E743D227369642D30343837334230442D333042372D344141422D413036332D333144354436413532374433222069643D2242504D4E456467655F7369642D30343837334230442D333042372D344141422D413036332D333144354436413532374433223E0A20202020202020203C6F6D6764693A776179706F696E7420783D223332392E393439393938343839393537362220793D223138302E30223E3C2F6F6D6764693A776179706F696E743E0A20202020202020203C6F6D6764693A776179706F696E7420783D223337352E302220793D223138302E30223E3C2F6F6D6764693A776179706F696E743E0A2020202020203C2F62706D6E64693A42504D4E456467653E0A202020203C2F62706D6E64693A42504D4E506C616E653E0A20203C2F62706D6E64693A42504D4E4469616772616D3E0A3C2F646566696E6974696F6E733E, 0);
INSERT INTO `ACT_GE_BYTEARRAY` VALUES ('b7792c8b-4af7-11e9-a8a6-144f8ac1fca1', 1, '测试.测试.png', 'b7594879-4af7-11e9-a8a6-144f8ac1fca1', 0x89504E470D0A1A0A0000000D49484452000002BF000000E60806000000DC07EDF800000C1A4944415478DAEDDD5F6F54651E07702FBCD817B11724BBC9FA12F6622F7C0126EB8564606694A6928EBA80582421ABA40425168D21D14D36262446D34D373106D92E2B306D2D14902C0B81AE8458761185D23A2C5B1199A116397B9E2E63C642B57FA767CE7C3EC92F68A780A9DF3CE79B679E39E78107000000000000000000000000000000000000000000000000000000000000000000000000000000000000000000000000000000000000000000000000000000000000000000000000000000000000000000000000000000000000000000000000000000000000000000000000000000000000000000000000000000000000000000000000000000000000000000000000000000000000000000000000000000000000000000000000000000000000000000000000000000000000000000000000000000000000000000000000000000000000000000000000000000000000000000000000000000000000000000000000000000000000000000000000000000000000000000000000000000000000000000000000000000000000000000000000000000000000000000000000000000000000000000000000000000000000000000000000000000000000000000000000000000000000000000000000000000000000000000000000000000000000000000000000000000000000000000000016288AA2072F5CB8F0DEF1E3C7BFEBEBEB8B8AC5A2A9F3F4F6F646870F1FFE4F3C791932CD982100A89B505A060707A352A9144D4C4C98659AAB57AF46870E1DBA1E9798C764C8345B8600A06EC26E9DD29298F232512C16CFC99069B60C0140DD84B7A99586E44C5C5C2665C8345B8600A06EC27941852151C5259221D36C190280C415976FBE1A8D2E9C783B3ADBBB7D6AC23F87AF291B8A8B0CC91000A4AAB8DC181F893E39B0353AB36FF30F267C2DBCA67028BF32244300909AE272E9EC5FEE292DD5B97CB647E1507E65488600203DC5E5DC473B672C2EE1358543F99521190280D414974F8ADB662C2EE1358543F99521190200C5C528BF32244300D068C5257C327FA6E2125E5338945F19922100484D71397FF40F331697F09AC2A1FCCA900C01406A8ACBB591A1E893831DF7BE5D1D7F2DBCA67028BF32244300909AE212E6B37FBC7B4F71095F5336141719922100485771B9752B3A7FEC8FF7BE5D1D7F2DBCA67028BF32244300908AE2129EBE357CF4CD19CF6B86D73CA14BF99521190280C62E2EB76E45A3E7FBA37FEEFFFD8CA5A53AE17BC2F7DAC1537E65488600A0E18ACB4FEDD4D9C1535C644886002035E577363B753FB683A78028BF32244300D030C565BEA5A53A0A88F22B433204000D535C8CE22243320400CAAF515C6448860040F935CAAFFF773204008A8B517E8D0C0190045114FD6C6868A8F0CE3BEF1CEAECECBCBE61C386C996969668D5AA55513E9FBFF3F4D34F4FBCF0C20B1776EEDCD915CFAF945FA3B8C8900C2D9F5C2EF7F34C26B32E5EA3DF8BE77C3C37C27A1D4F259ECFE2D7F6C4BF3E1FBECF150E605AE97DFFFDF7DF7DE9A59726376EDC18BDF5D65BD1F1E3C7A3919191A852A94441F8B5542A45274F9E8CE2721C3DFBECB3779E7BEEB98B6D6D6D6B955FA3B8C8900CD5CFEAD5AB1F8DA718CFC4DDB23B9BF928FEFEBC2B1ED0F4E292DBFAF2CB2FDFDABC79F354B1BD7DFB76345BA74F9F8EB66CD972BB50289C5BB972E52F955FA3B8C8900C2D9DB8C0AE880BECFE3914DEFBCD609AD66B80B9ECF63EB877EFDEFEA79E7A2AEAE9E99953E99D6EFFFEFD516B6B6B392DBBC08A8BE22243329434994C6655369BFD6F6D91CDE572D12BAFBC12F5F7F7475F7CF145F4F5D75F4FADC9376FDE9C7AE7EEE8D1A3D1AE5DBBA2C71F7F7C7A01BE61171868BAE23B3030F0F7F5EBD747C3C3C3D162B878F1621417E9F2DAB56B7FA7FC1AE557866468518BEF237159BD5D5B7ABBBABAA68EA2CDC6F8F8F8D4F787DF575B82E33F73AD2B22D014C28E6F28BEB35D38672BFC796D6D6D0DBFA3A0B8282E32244349DAF1AD2DBEEDEDED53BBBCF3117E5F38E236AD00DB0106D22D9CF10D471D166BC7F77E3BC04F3CF1C478BCA03EA4FC1AE5D7C8D0FC8533BEB5471D3A3A3ABE3FDA305FE148C48E1D3BA61F8178C8D51148A5705787EDDBB74F8433BE4B69DFBE7DE55C2EF7B1F26B945F2343F31717DFDEDA1DDF8516DFDA023C6D0778D0151248A53D7BF6FC292C78DF7EFB6DB4D49E79E699B1467D3B4D71515C644886965BB89D59ED19DFF91E75F8B12310B567801D7F0052B9EB1BEEE31B6E67560F67CE9C9968D4DD5FC545719121194A40F92D568B69F8B0DA52E8EEEEB6FB0BA45778725BF890DB426E693657ADADAD63E1CC5A922E26F1FC4671515C644886929CA1F044B6EA87DCC2EEECB56BD796648D0E778198761BB415AE96406A844716EFDEBD3BAAA75DBB769D0E8FD64CCACFA0E6EDBD622693F9B5E2A2B8C8900C253143771F593CF57DAFBEFAEA52AFD3B5E5F779574B20353A3B3BAF874716D7D3B163C72EC68B694FD22E3A35F3E1FD76601417C5458664683933147FEDBDEAEB0303034BBA4E870761D4FCB7F4B85A02A9B161C386C9D1D1D1BA96DFB1B1B152BC985E4AF045E7FB1D98DA8B8FE2A2B8C8900C2D6786E27F3F5FFDFA627FD06DBAF024B89AFF8E4BAE96406AB4B4B444954AA5AEE537FC7DF1625A49FA45A7760726BC0DA9B8282E322443CB99A178CAD57F5FACDB9BFDD86DCF6AFEEE8AAB25901A61615B0EB358E813378A4BB246864C3366A83AF55EA75D2D81D458B366CD9D7AEFFC96CBE5B106D9F93D91C9641E79F8E1871F0CDFA7B8D8B59321195ACE0C85A7AED9F90558A0F5EBD74FD4FBCCEF952B573E4DF899DF1F14962AC545719121195ACE0C39F30BB008B66EDD7ABEDE777B3870E0C0DF127AB7878FC3D393A61716C545719121194A4286DCED016011BCF6DA6BBBEB7D9FDF8E8E8E7D09BBCFEF7D77E91417C5458664284919729F5F8045F0E28B2FFE62DDBA75DFD5F1096F956C36FBEF467C6290E2A2B8C8900C2DA7F084B778ED9CACC713DEF2F9FC1D4F780352ABBDBDFD5F274F9EACD79187AE467D56BCE2A2B8C8900C2DB770DFDF6A29EDEAEA5A9275BABBBBBB76D777D05512489D279F7C72E5A64D9B26EBB0FB3B9ECD664FC58B775EF935CAAF91A17995DF47ABC534ECFE2EF607DFC29F17AFD3776A1EB29177950452A950280CF5F4F42C69F30DE78BC32EC24F9D8B545C8CF26B646866F13AFA51B59CB6B7B72FDA6DCFC2EDCD366DDA74BB76D7B751D76B80D92CA62B5A5B5BCBC3C3C34B527C878686F6C67FC7E8EAD5AB1F6AD49F91E2A2B8C8900C2565BD8EE76AB5A47674742CB80087E2BB63C78EDA73BE371A79BD0698957C3E9F2B140A374BA5D2A216DFCB972F1FC966B39F37FADB678A8BE22243329414994C6655F5C36FD51DE0F91E8108BF6FDA8EAFE30E40F3C8E572AD6D6D6D37166B0738ECF886E21B2FD45B1AFD67A3B8282E32244309DB016EA92DC0E10C70F8105CB85BC36CEFEA103EDC567BC6374C1AD66B8039EF28E4F3F9EB1F7CF0C1370BF810DCF8EBAFBFFE7638EA1016E834FC5C1417C54586642889EB753CE3B5E53594E0701FE0F0208CB0AB5B3D12118E368427B7850758BCF1C61BD19A356BBE9BF654B91B6959AF01E6B3A3B0229BCDF6150A85B153A74E95E7721FDF83070F76C7E5F944F8B0449ACE8C292E8A8B0CC95052D7EBDA5BA0CD73069DF105F8FFA2FA5828C12D2D2DA5CECECEB3478E1CF97C646464B452A94C35DD72B93C76E5CA954F7B7B7BFFBA6DDBB60F73B9DC85B08886DD83B47D4A5871515C64488692BE5EDF2DC1937329BD695CAF01162C3C59285E5437DE7DB6FC67F154EE2E9CE1D74BE1D9EFE11198697E1290E2A2B8C8900C59AF01681A8A8BE22243320400CAAF515C6448860040F9358A8B0CC9100028BF46F9353204008A8B517E8D0C0180E262945F234300A0B8282E3264945F00505C14171932CA2F00282E8A8B0C19E517001417C54586640800505C141719922100507E8DE22243320400CAAF515C6448860040F935CAAFFF773204008A8B517E8D0C0180E262945F234300A0B818E5D728BF00A0B8282E3264945F00505C14171932CA2F00282E8A8B0CC91000A0B8282E32244300D0B4FAFAFA1486E44C252E2E9332649A2D43005037870F1F1E2D954A4A4302666464E4CF7171392743A6D932040075D3DFDFFFDB818181AFBEFCF2CBB2F2B07CBB75A1B4F4F6F67E1ECF6332649A2D43005057F1C5F29162B17822BC5D1ACE0B9ABA4FF8B99F6BE4D2224332040000000000000000000000000000000000000000000000004DE97F0A6B5DEAFD0B32600000000049454E44AE426082, 1);
INSERT INTO `ACT_GE_BYTEARRAY` VALUES ('e02cae05-4af8-11e9-a8a6-144f8ac1fca1', 1, '官方流程pgg.bpmn', 'e02cae04-4af8-11e9-a8a6-144f8ac1fca1', 0x3C3F786D6C2076657273696F6E3D22312E302220656E636F64696E673D225554462D38223F3E0A3C646566696E6974696F6E7320786D6C6E733D22687474703A2F2F7777772E6F6D672E6F72672F737065632F42504D4E2F32303130303532342F4D4F44454C2220786D6C6E733A7873693D22687474703A2F2F7777772E77332E6F72672F323030312F584D4C536368656D612D696E7374616E63652220786D6C6E733A7873643D22687474703A2F2F7777772E77332E6F72672F323030312F584D4C536368656D612220786D6C6E733A666C6F7761626C653D22687474703A2F2F666C6F7761626C652E6F72672F62706D6E2220786D6C6E733A62706D6E64693D22687474703A2F2F7777772E6F6D672E6F72672F737065632F42504D4E2F32303130303532342F44492220786D6C6E733A6F6D6764633D22687474703A2F2F7777772E6F6D672E6F72672F737065632F44442F32303130303532342F44432220786D6C6E733A6F6D6764693D22687474703A2F2F7777772E6F6D672E6F72672F737065632F44442F32303130303532342F44492220747970654C616E67756167653D22687474703A2F2F7777772E77332E6F72672F323030312F584D4C536368656D61222065787072657373696F6E4C616E67756167653D22687474703A2F2F7777772E77332E6F72672F313939392F585061746822207461726765744E616D6573706163653D22687474703A2F2F7777772E666C6F7761626C652E6F72672F70726F63657373646566223E0A20203C70726F636573732069643D22E5AE98E696B9E6B581E7A88B70676722206E616D653D22E5AE98E696B9E6B581E7A88B2220697345786563757461626C653D2274727565223E0A202020203C73746172744576656E742069643D2273746172744576656E74312220666C6F7761626C653A696E69746961746F723D22696E69746961746F722220666C6F7761626C653A666F726D4B65793D2274657374223E3C2F73746172744576656E743E0A202020203C757365725461736B2069643D227369642D45423135394341362D303044322D343439382D413439462D36443742383842363734463922206E616D653D2263676C2220666C6F7761626C653A61737369676E65653D22247B696E69746961746F727D2220666C6F7761626C653A666F726D4B65793D22E59FBAE69CACE4BFA1E681AF2220666C6F7761626C653A736B697045787072657373696F6E3D22E88EB7E58F96E588B0E5BC80E5A78BE697B6E58F82E695B02020247B636F6E74696E656E747D223E0A2020202020203C657874656E73696F6E456C656D656E74733E0A20202020202020203C6D6F64656C65723A696E69746961746F722D63616E2D636F6D706C65746520786D6C6E733A6D6F64656C65723D22687474703A2F2F666C6F7761626C652E6F72672F6D6F64656C6572223E3C215B43444154415B747275655D5D3E3C2F6D6F64656C65723A696E69746961746F722D63616E2D636F6D706C6574653E0A2020202020203C2F657874656E73696F6E456C656D656E74733E0A202020203C2F757365725461736B3E0A202020203C73657175656E6365466C6F772069643D227369642D36434330334630332D313230322D344636452D393841312D4146303641363344463030462220736F757263655265663D2273746172744576656E743122207461726765745265663D227369642D45423135394341362D303044322D343439382D413439462D364437423838423637344639223E3C2F73657175656E6365466C6F773E0A202020203C6578636C7573697665476174657761792069643D227369642D34394545374139352D323737312D343135342D394441332D324446354333393537304246223E3C2F6578636C7573697665476174657761793E0A202020203C73657175656E6365466C6F772069643D227369642D32433234364337392D383235332D343937462D394433422D4146363831373233423231352220736F757263655265663D227369642D45423135394341362D303044322D343439382D413439462D36443742383842363734463922207461726765745265663D227369642D34394545374139352D323737312D343135342D394441332D324446354333393537304246223E3C2F73657175656E6365466C6F773E0A202020203C757365725461736B2069643D227369642D31433245344530352D363341422D343339312D413841422D45303731423942313846423122206E616D653D22627373732220666C6F7761626C653A61737369676E65653D22247B696E69746961746F727D2220666C6F7761626C653A666F726D4B65793D22626F732D726566223E0A2020202020203C657874656E73696F6E456C656D656E74733E0A20202020202020203C6D6F64656C65723A696E69746961746F722D63616E2D636F6D706C65746520786D6C6E733A6D6F64656C65723D22687474703A2F2F666C6F7761626C652E6F72672F6D6F64656C6572223E3C215B43444154415B747275655D5D3E3C2F6D6F64656C65723A696E69746961746F722D63616E2D636F6D706C6574653E0A2020202020203C2F657874656E73696F6E456C656D656E74733E0A202020203C2F757365725461736B3E0A202020203C757365725461736B2069643D227369642D42333236333743432D364136302D343539312D383041362D31413941454646333438303222206E616D653D22627466622220666C6F7761626C653A61737369676E65653D22247B696E69746961746F727D2220666C6F7761626C653A666F726D4B65793D22627466622D726566223E0A2020202020203C657874656E73696F6E456C656D656E74733E0A20202020202020203C6D6F64656C65723A696E69746961746F722D63616E2D636F6D706C65746520786D6C6E733A6D6F64656C65723D22687474703A2F2F666C6F7761626C652E6F72672F6D6F64656C6572223E3C215B43444154415B747275655D5D3E3C2F6D6F64656C65723A696E69746961746F722D63616E2D636F6D706C6574653E0A2020202020203C2F657874656E73696F6E456C656D656E74733E0A202020203C2F757365725461736B3E0A202020203C6578636C7573697665476174657761792069643D227369642D30424235323444352D354343322D343435462D393245412D303733444644373932364432223E3C2F6578636C7573697665476174657761793E0A202020203C73657175656E6365466C6F772069643D227369642D30453242313444372D363834362D343330322D384134362D4339343936423941383232412220736F757263655265663D227369642D31433245344530352D363341422D343339312D413841422D45303731423942313846423122207461726765745265663D227369642D30424235323444352D354343322D343435462D393245412D303733444644373932364432223E3C2F73657175656E6365466C6F773E0A202020203C73657175656E6365466C6F772069643D227369642D30443435383736392D303030302D344638362D393732452D4531453237463731383841322220736F757263655265663D227369642D42333236333743432D364136302D343539312D383041362D31413941454646333438303222207461726765745265663D227369642D30424235323444352D354343322D343435462D393245412D303733444644373932364432223E3C2F73657175656E6365466C6F773E0A202020203C656E644576656E742069643D227369642D38453341373737392D393733362D343041442D413435322D444238463333323546354237223E3C2F656E644576656E743E0A202020203C73657175656E6365466C6F772069643D227369642D39384630314534422D423242462D343446362D383432462D3846384444344243414539332220736F757263655265663D227369642D30424235323444352D354343322D343435462D393245412D30373344464437393236443222207461726765745265663D227369642D38453341373737392D393733362D343041442D413435322D444238463333323546354237223E3C2F73657175656E6365466C6F773E0A202020203C73657175656E6365466C6F772069643D227369642D41444336453337322D443933362D343144332D384131322D4630443135324230393736392220736F757263655265663D227369642D34394545374139352D323737312D343135342D394441332D32444635433339353730424622207461726765745265663D227369642D42333236333743432D364136302D343539312D383041362D314139414546463334383032223E0A2020202020203C636F6E646974696F6E45787072657373696F6E207873693A747970653D2274466F726D616C45787072657373696F6E223E3C215B43444154415B247B6D6F6E65793C3130307D5D5D3E3C2F636F6E646974696F6E45787072657373696F6E3E0A202020203C2F73657175656E6365466C6F773E0A202020203C73657175656E6365466C6F772069643D227369642D44413243433931442D454633452D344330352D383445442D36434232464334443036323022206E616D653D226F76657220326B2220736F757263655265663D227369642D34394545374139352D323737312D343135342D394441332D32444635433339353730424622207461726765745265663D227369642D31433245344530352D363341422D343339312D413841422D453037314239423138464231223E0A2020202020203C636F6E646974696F6E45787072657373696F6E207873693A747970653D2274466F726D616C45787072657373696F6E223E3C215B43444154415B247B6D6F6E65793E3130307D5D5D3E3C2F636F6E646974696F6E45787072657373696F6E3E0A202020203C2F73657175656E6365466C6F773E0A20203C2F70726F636573733E0A20203C62706D6E64693A42504D4E4469616772616D2069643D2242504D4E4469616772616D5FE5AE98E696B9E6B581E7A88B706767223E0A202020203C62706D6E64693A42504D4E506C616E652062706D6E456C656D656E743D22E5AE98E696B9E6B581E7A88B706767222069643D2242504D4E506C616E655FE5AE98E696B9E6B581E7A88B706767223E0A2020202020203C62706D6E64693A42504D4E53686170652062706D6E456C656D656E743D2273746172744576656E7431222069643D2242504D4E53686170655F73746172744576656E7431223E0A20202020202020203C6F6D6764633A426F756E6473206865696768743D2233302E30222077696474683D2233302E302220783D223130302E302220793D223136332E30223E3C2F6F6D6764633A426F756E64733E0A2020202020203C2F62706D6E64693A42504D4E53686170653E0A2020202020203C62706D6E64693A42504D4E53686170652062706D6E456C656D656E743D227369642D45423135394341362D303044322D343439382D413439462D364437423838423637344639222069643D2242504D4E53686170655F7369642D45423135394341362D303044322D343439382D413439462D364437423838423637344639223E0A20202020202020203C6F6D6764633A426F756E6473206865696768743D2238302E30222077696474683D223130302E302220783D223138302E302220793D223133382E30223E3C2F6F6D6764633A426F756E64733E0A2020202020203C2F62706D6E64693A42504D4E53686170653E0A2020202020203C62706D6E64693A42504D4E53686170652062706D6E456C656D656E743D227369642D34394545374139352D323737312D343135342D394441332D324446354333393537304246222069643D2242504D4E53686170655F7369642D34394545374139352D323737312D343135342D394441332D324446354333393537304246223E0A20202020202020203C6F6D6764633A426F756E6473206865696768743D2234302E30222077696474683D2234302E302220783D223332302E302220793D223135382E30223E3C2F6F6D6764633A426F756E64733E0A2020202020203C2F62706D6E64693A42504D4E53686170653E0A2020202020203C62706D6E64693A42504D4E53686170652062706D6E456C656D656E743D227369642D31433245344530352D363341422D343339312D413841422D453037314239423138464231222069643D2242504D4E53686170655F7369642D31433245344530352D363341422D343339312D413841422D453037314239423138464231223E0A20202020202020203C6F6D6764633A426F756E6473206865696768743D2238302E30222077696474683D223130302E302220783D223433352E302220793D2231352E30223E3C2F6F6D6764633A426F756E64733E0A2020202020203C2F62706D6E64693A42504D4E53686170653E0A2020202020203C62706D6E64693A42504D4E53686170652062706D6E456C656D656E743D227369642D42333236333743432D364136302D343539312D383041362D314139414546463334383032222069643D2242504D4E53686170655F7369642D42333236333743432D364136302D343539312D383041362D314139414546463334383032223E0A20202020202020203C6F6D6764633A426F756E6473206865696768743D2238302E30222077696474683D223130302E302220783D223433352E302220793D223232352E30223E3C2F6F6D6764633A426F756E64733E0A2020202020203C2F62706D6E64693A42504D4E53686170653E0A2020202020203C62706D6E64693A42504D4E53686170652062706D6E456C656D656E743D227369642D30424235323444352D354343322D343435462D393245412D303733444644373932364432222069643D2242504D4E53686170655F7369642D30424235323444352D354343322D343435462D393245412D303733444644373932364432223E0A20202020202020203C6F6D6764633A426F756E6473206865696768743D2234302E30222077696474683D2234302E302220783D223631352E302220793D223135382E30223E3C2F6F6D6764633A426F756E64733E0A2020202020203C2F62706D6E64693A42504D4E53686170653E0A2020202020203C62706D6E64693A42504D4E53686170652062706D6E456C656D656E743D227369642D38453341373737392D393733362D343041442D413435322D444238463333323546354237222069643D2242504D4E53686170655F7369642D38453341373737392D393733362D343041442D413435322D444238463333323546354237223E0A20202020202020203C6F6D6764633A426F756E6473206865696768743D2232382E30222077696474683D2232382E302220783D223730302E302220793D223136342E30223E3C2F6F6D6764633A426F756E64733E0A2020202020203C2F62706D6E64693A42504D4E53686170653E0A2020202020203C62706D6E64693A42504D4E456467652062706D6E456C656D656E743D227369642D39384630314534422D423242462D343446362D383432462D384638444434424341453933222069643D2242504D4E456467655F7369642D39384630314534422D423242462D343446362D383432462D384638444434424341453933223E0A20202020202020203C6F6D6764693A776179706F696E7420783D223635342E393337333839333830353330392220793D223137382E30223E3C2F6F6D6764693A776179706F696E743E0A20202020202020203C6F6D6764693A776179706F696E7420783D223730302E302220793D223137382E30223E3C2F6F6D6764693A776179706F696E743E0A2020202020203C2F62706D6E64693A42504D4E456467653E0A2020202020203C62706D6E64693A42504D4E456467652062706D6E456C656D656E743D227369642D30443435383736392D303030302D344638362D393732452D453145323746373138384132222069643D2242504D4E456467655F7369642D30443435383736392D303030302D344638362D393732452D453145323746373138384132223E0A20202020202020203C6F6D6764693A776179706F696E7420783D223533342E393439393939393939383632312220793D223236352E30223E3C2F6F6D6764693A776179706F696E743E0A20202020202020203C6F6D6764693A776179706F696E7420783D223633352E352220793D223236352E30223E3C2F6F6D6764693A776179706F696E743E0A20202020202020203C6F6D6764693A776179706F696E7420783D223633352E3131342220793D223139372E37393737393734383238333736223E3C2F6F6D6764693A776179706F696E743E0A2020202020203C2F62706D6E64693A42504D4E456467653E0A2020202020203C62706D6E64693A42504D4E456467652062706D6E456C656D656E743D227369642D41444336453337322D443933362D343144332D384131322D463044313532423039373639222069643D2242504D4E456467655F7369642D41444336453337322D443933362D343144332D384131322D463044313532423039373639223E0A20202020202020203C6F6D6764693A776179706F696E7420783D223334302E3131342220793D223139372E3832343734333135303638343935223E3C2F6F6D6764693A776179706F696E743E0A20202020202020203C6F6D6764693A776179706F696E7420783D223334302E352220793D223236352E30223E3C2F6F6D6764693A776179706F696E743E0A20202020202020203C6F6D6764693A776179706F696E7420783D223433352E302220793D223236352E30223E3C2F6F6D6764693A776179706F696E743E0A2020202020203C2F62706D6E64693A42504D4E456467653E0A2020202020203C62706D6E64693A42504D4E456467652062706D6E456C656D656E743D227369642D36434330334630332D313230322D344636452D393841312D414630364136334446303046222069643D2242504D4E456467655F7369642D36434330334630332D313230322D344636452D393841312D414630364136334446303046223E0A20202020202020203C6F6D6764693A776179706F696E7420783D223132392E393439393938363138333535342220793D223137382E30223E3C2F6F6D6764693A776179706F696E743E0A20202020202020203C6F6D6764693A776179706F696E7420783D223138302E302220793D223137382E30223E3C2F6F6D6764693A776179706F696E743E0A2020202020203C2F62706D6E64693A42504D4E456467653E0A2020202020203C62706D6E64693A42504D4E456467652062706D6E456C656D656E743D227369642D32433234364337392D383235332D343937462D394433422D414636383137323342323135222069643D2242504D4E456467655F7369642D32433234364337392D383235332D343937462D394433422D414636383137323342323135223E0A20202020202020203C6F6D6764693A776179706F696E7420783D223237392E39353030303030303030303030352220793D223137382E30223E3C2F6F6D6764693A776179706F696E743E0A20202020202020203C6F6D6764693A776179706F696E7420783D223332302E302220793D223137382E30223E3C2F6F6D6764693A776179706F696E743E0A2020202020203C2F62706D6E64693A42504D4E456467653E0A2020202020203C62706D6E64693A42504D4E456467652062706D6E456C656D656E743D227369642D44413243433931442D454633452D344330352D383445442D364342324643344430363230222069643D2242504D4E456467655F7369642D44413243433931442D454633452D344330352D383445442D364342324643344430363230223E0A20202020202020203C6F6D6764693A776179706F696E7420783D223334302E30383037363932333037363932352220793D223135382E3038303937313635393931393032223E3C2F6F6D6764693A776179706F696E743E0A20202020202020203C6F6D6764693A776179706F696E7420783D223334302E352220793D2235352E30223E3C2F6F6D6764693A776179706F696E743E0A20202020202020203C6F6D6764693A776179706F696E7420783D223433352E302220793D2235352E30223E3C2F6F6D6764693A776179706F696E743E0A2020202020203C2F62706D6E64693A42504D4E456467653E0A2020202020203C62706D6E64693A42504D4E456467652062706D6E456C656D656E743D227369642D30453242313444372D363834362D343330322D384134362D433934393642394138323241222069643D2242504D4E456467655F7369642D30453242313444372D363834362D343330322D384134362D433934393642394138323241223E0A20202020202020203C6F6D6764693A776179706F696E7420783D223533342E393439393939393939393933362220793D2235352E30223E3C2F6F6D6764693A776179706F696E743E0A20202020202020203C6F6D6764693A776179706F696E7420783D223633352E302220793D2235352E30223E3C2F6F6D6764693A776179706F696E743E0A20202020202020203C6F6D6764693A776179706F696E7420783D223633352E302220793D223135382E30223E3C2F6F6D6764693A776179706F696E743E0A2020202020203C2F62706D6E64693A42504D4E456467653E0A202020203C2F62706D6E64693A42504D4E506C616E653E0A20203C2F62706D6E64693A42504D4E4469616772616D3E0A3C2F646566696E6974696F6E733E, 0);
INSERT INTO `ACT_GE_BYTEARRAY` VALUES ('e058ee26-4af8-11e9-a8a6-144f8ac1fca1', 1, '官方流程pgg.官方流程pgg.png', 'e02cae04-4af8-11e9-a8a6-144f8ac1fca1', 0x89504E470D0A1A0A0000000D49484452000002E20000013B0806000000983AE445000019894944415478DAEDDD7F6C95F5BD07F06E42B86459B6FDB53F76B72CB937BBFE61087F68347131FCB1649090E888EE58E884B086EE8730873331DB0CC6CD0CB72C24FB9165897766A6376C210B63BD5CD1D3D6B688103A8D32084A2F45A6A5D0CE8B0C6DE950BFF7F99EDBC33DB63D6D4F7B7E9FD72BF984F63CA780C787CFE7DD6FBFE7799A9A0000000000000000000000000000000000000000000000000000000000000000000000000000000000000000A0BC42084B060707F71C3972E4BDAEAEAE904EA75599ABB3B333F4F5F5FD2DA91667240040838821FCE0C183616464244C4C4CA80AD5E8E868E8EDEDBD9484F23B9D9500000D20AE840BE15513C627D2E9F449672500400388DB5184E0EAA924885F755602003480B8475900AEAA201E9C95000082F8B57AFBADE130D8FF4438D1F948A6E2C7F131E159100700A04441FCF2C5A170FCE987C2CBFB1FF840C5C7E231015A100700A00441FCF5137F9A16C2B3F5C6890E015A100700A01441FCE4B38FE50DE2F198002D8803005082207E3CFD70DE201E8F09D08238000082B8200E00407D04F17895947C413C1E13A0057100004A10C4070EFD226F108FC70468411C00801204F137878E85E3CFEC98BE2D25792C1E13A0057100004A10C4639DF9F393D382787C4C7816C40100285510BF72250C3CFFABE9DB5292C7E231015A100700A0C8413CDE39F3D4A19FE7DD231E8FB9BBA6200E0040B182F8952B6178A03BFCE5C077F386F06CC5E7C4E75A1D17C401005844109F6B15DCEAB8200E00400982F87C56C1675B1D17A8057100001610C4171AC2B325500BE200002C20882B411C0000415C1007004010578238000082B8200E008020AE047100000471411C0000415C09E2000008E28238000082B812C4010004712588030020880BE2000008E24A100700401017C4010010C495200E004053537373733AA9CF0BE2823800006574F7DD7787583190A752A95B0471411C00803206F19C7A6AA61572415C100700A0B441FCDA0A796E2017C405710000CA10C47357C8E39615415C1007008446558112C4ABAB9C93D5573A3400751FC4BD0A65FBE6A63F954AAD5DB56AD592F83C41DC8A387A1300861DA50DE21F08E059D518C493BF56A60471F4260030EC6A39881F6E6E6EBE636A0017C40571F4260030EC4AF39ACEB8025E4B41BCB5B5352C5FBE3CAC5CB932BCF2CA2B9963FBF6ED0B37DC704358BA7469E6D86DB7DD164E9F3EBDA86382387A1300861D6557CD413C86E758F1E3189CE3B18F7DEC6399CFCF9C39138E1E3D9AF9F8A69B6E5AD431411CBD0900C30E413C27888F8F8F672A7EBC6CD9B2CCB15B6FBD35F3795CD95EB3664DF8E52F7F1946474717754C10476F02C0B04310CF13C4E37692782C7E1EFFCEDBB66D0B9FFEF4A733C73EF7B9CF2DEA98208EDE04806187209E13C4DBDBDB43474747E6E3B88A1D8FDD7CF3CD99CF0F1F3E1CCE9D3B97F9F8539FFAD4A28E09E2E84D00187608E23941BCADAD2DB39564C58A156160602073ECECD9B3E14B5FFA5266853C1E8BFBBC7B7B7B17754C10476F02C0B0431077431FFF16F4260030EC04712588EB4D5E05000C3B0471411CBD09000C3B415C09E27A1300187608E282387A1300187682B812C4F5260030EC10C40571F4260030EC04712588EB4D0060D821880BE2E84D00187608E24A10D79B00C0B013C49520AE37E94D00187608E282387A1300187682B812C4F5260030EC10C40571F4260030EC04712588EB4D0060D821880BE2E84D0060D809E24A10D79B00C0B0431017C4D19B0030EC0C3B415C09E27A1300187682B812C4D19B0030EC10C40571F4260030EC04712588EB4D0060D821880BE2E84D0060D809E24A10D79B00C0B0431017C4D19B00C0B013C49520AE3701806187202E88A33701806157395D5D5D0270F5D47812C4AF3A2BF5260030EC1A405F5FDFF0C8C888105C05353434F4BB24889F7456EA4D0060D83580EEEEEEDB7B7A7ADEBA70E1C298305CB995F018C23B3B3BCF2675A7B3526F0200C3AE4124E16F6D3A9DEE8FDB22E21E6555F68AAFFB49215C6F0200C30E406F02C0B003D09B00C0B003F4260030EC00F4260030EC00BD09000C3B00BD09000C3B406F0200C30E406F0200C30ED09B00C0B003D09B0030EC00F4260030EC00BD09000C3B00BD09000C3B406F0200C30E406F0200C30ED09B00C0B003D09B00C0B003F4260030EC00F426000C3B00BD09000C3B406F0200C30E406F0200C30ED09B00C0B003D09B00C0B003F4260030EC00F4260030EC00BD09000C3B00BD0900C30E406F0200C30ED09B00C0B003D09B00C0B003F4260030EC00F4260030EC00BD09000C3B00BD09000C3B406F0200C30E406F02C0B003D09B00C0B003F4260030EC00F4260030EC00BD09000C3B00BD09A8312184258383837B8E1C39F25E57575748A7D3AACCD5D9D919FAFAFAFE96548B6107A037010D2286F083070F86919191303131A12A54A3A3A3A1B7B7F75212CAEF34EC00F426A001C4957021BC6AC2F8443A9D3E69D801E84D400388DB5184E0EAA924885F35EC00F426A001C43DCA02705505F1866AFE861DA0370182F81CF5F65BC361B0FF8970A2F3914CC58FE363C2B3206ED8017A13408982F8E58B43E1F8D30F8597F73FF0818A8FC56302B4206ED8017A13400982F8EB27FE342D8467EB8D131D02B4206ED8017A13402982F8C9671FCB1BC4E331015A1037EC00BD09A00441FC78FAE1BC413C1E13A00571C30ED09B00047141DCB00328A40F75C45E3447F57BA5808A04F17895947C413C1E13A00571411CA8E13E74635257670BE2A9546AAD570AA848101F38F48BBC413C1E13A00571411CA8F15EF4D42C41FCF0AA55AB967895808A04F137878E85E3CFEC98BE2D25792C1E13A00571411CA8F15E7463BE20DEDCDC7C875708A858108F75E6CF4F4E0BE2F131E1591017C4813AE94733ED15EFB71A0E5436885FB912069EFFD5F46D29C963F198002D880BE2401DF4A3697BC5ED0D072A1AC4E39D334F1DFA79DE3DE2F198BB6B0AE28238500F92E0BDD76A3850F9207EE54A181EE80E7F39F0DDBC213C5BF139F1B956C70571411CA8F1207E4BCEDEF0D55E11A0EC417CAE5570ABE382B8200ED4715FCAEC15B71A0E542488CF67157CB6D571815A1017C4811AEE4B37AE5BB74E6F022A13C4171AC2B325500BE2F3B47A3288FBF12F5055BD2929BD09A84C10578278197C21A98B49ED9AFCD5950900BD0910C495205EA641B73667F569D4C003F4264010578278F906DD5C8F03E84D8020AE04F1455A3DC740CB1EB72F13D09BA05E8410FEE9D8B1636DBFFDED6F7B77EEDC7969DBB66D57376DDA94B94E684B4BCBFB5FFFFAD727BEF7BDEF0D3EF6D863ED49FD9B20AE04F1920DBAB90699D527406FAA111B366CF8E7542A756F92A7F6243590D4E5C9EBB08F277566F20649DF89CFF36A356800FFC31FFEF0E40F7EF083ABF7DD775FF8F5AF7F1D8E1C3912868686C2F8F87888E2AF232323E185175E0849500FDFFAD6B7DEFFF6B7BFFDDA962D5B5A0571258817C5170A5C4D2AF4F9007A5319353737DF91543AA9899C3B91CE55CF26CF6F71DA358824706FFEE10F7F78E581071EC884EC77DF7D37CCD74B2FBD141E7CF0C177DBDADA4EDE75D75DFF2A882B417CD1836EED02BEEEB28107E84DD52309D39F4DC2F48102C2F74C75B0DEB355434B72F4927DFBF6757FED6B5F0B1D1D1D0505F0A90E1C3810366FDE3C56CFABE382B8205E8583AE585F0FA03715492A95BA7BFDFAF5FF931BAA376CD8107EF4A31F85EEEEEEF0D7BFFE35FCFDEF7FCFE4A777DE7927B3FBE0D0A14361D7AE5DE12B5FF9CAD4307ED9EA789D86F09E9E9EA35BB76E0DA74E9D0AC5F0DA6BAF8524D48FB5B6B67E53105782F8BCCDF5E6A772FF3E007AD3C243F8DA2438BF9B1BC0DBDBDB335B7BE7E3E2C58B99E7C7AFCB0DE4C9EFD9EA94AC2371253C86F0F99E18F3157FBF2D5BB6D4E5776F82B8205EC24157AC1FDD5A1907F4A6CA85F0BB7343F8F6EDDB33ABDF0B11BF2E6E199E12C6AD8CD783B8273C6E4729D64AF84C2BE3F7DC73CFC5E484B95E105782F89C83293BE83E94D4C6C95F0B31F5EBBC490AD09BCA2CEE09CFDD8EB263C78E6BDB4F162A6E5B79F4D147A76E53B9DE295AC3E2D5511E79E49189B827BC94F6EFDF3FB661C386C382B812C4E7B53A1407D5BFC77FA293BFCE77E0E5FB3A611CD09BCA2809E19DB92BE18B0DE1B9617CCACAF841A7690DDBBB77EF7FC4FFA1FFF8C73F42A97DE31BDF385F4F3F4611C405F1120DBAA6C955A39053F31978B9832E5BF7E41CB7671CD09BCA205EA230774FF842B7A3CCB64D2577CFB82D2A352AAE86C7EB84C74B1496C3CB2FBF3C514FABE282B8205E04F906D04C836BB68137D3F31F9FE1F9F68C037A53E983783A1B92E31B2D4B61F7EEDD56C56B5DBC63667C83E6622E5358A8CD9B379F8FFBA6AAFD1F50529F17C405F1629E2FB30CBAD5050CB09906DE7C07DDD481679B0AA03715B9DFC73B6166DFA01957ADDF7CF3CD92E4A9783595299736FCAC53B7C6C4DBD63FFEF8E3A19C76EDDAF552BC656B35BF2E393FEA49A752A95B047141BC18E7CB0207CE5C03AFD04197FBE78F36591907F4A6A2F6FBC9DBD6679EF7E31FFFB8D4992A37887FC7E95B6376EEDC7929DEB6BE9C9E7FFEF9D79293A5A31682784E3D35D377C082B8205EC8F932C3A09BEFA0C937F03EBCC0413775D54B1807F4A622F5FBE4B13DD9E33D3D3D25CD54F1A63F397F970EA7708DD9B66DDBD5E1E1E1B206F1F3E7CF8F2427CBEB3516C4AF7D079CFB0F4E1017C40B395F1638E8661B78AF2E62D02DF6EF033476086FC8DE349F7E9F7C3E907DBCD86FD29C2ADE8133E7EFF1BAD3B8C66CDAB4298C8F8F973588C73F2F3959C66B3188E77E071C7F2425880BE2859C2F4558E59969E02D66D04D1D78F68C4363D29B8AD8EF931ACB7E5EAC4B16CE7629C39C3F7BDCA95C63E2FFB84A98C7895C132588575755F3B9B26EDDBAEC50DAB5C87FB61F9E61B5E9D5C9C71763D7E4EFF5719D111ACAC7ABBD37D5724E2877A6723AD7988D1B37BE5FEE15F1B1B1B1F335BC22DE9F4AA5D6AE5AB56A497C9E206E45BC90F3A569F1B7889E6DD5A9901B6B581107665A11D79B8AD0EFE3DD2EAD88332F5BB76E9D28F71EF173E7CEBD5A837BC4A706AAA64608E2D9462A8817E77CC9192C979B4AB30F732103CF1E71406F2A62BFB7479C797BE8A18706CA7DD594A79F7EFABF6AE8AA2987E3DDB1F2042A415C102FE87C59C42A4FBECB80CD74658242069EABA6007A5391FBBDABA6306F3FF9C94F1E2FF775C477ECD8B1BF06AE233EDB8A664D06F1B367CF86E4BF272C5DBA345C7FFDF5E1F0E1C399C74F9F3E1D6EBAE9A6CCE35FFEF2973F10BE05F1E29E2F0B5CED99EB5ABC1F5AE0C0BBB1C975C401BDA9E8FDDE75C499B7EF7FFFFBFF72EFBDF7BE57C63B6B8EAF5FBFFE74BDDCFDA99682F89A356B328D3006F0F8EB8A152B328F7FF18B5FCC7CBE77EFDEB067CF1E41BCBCE65AF599EF0D310A1D78D91F41DFA10B027A5371C53B6B2639E76A39EEACD9D2D2F2BE3B6BD6B8EDDBB7FFF70B2FBC50AE6D29EDC98972B05E5EBB5A0AE2CB962D9B3154671F8F6FDA8D258857CDEA53A177A59BEFC0CBFE794238A0379548BCAE783620B7B7B7972453EDDEBD3B7735FCA053B6467DF5AB5FBDEBFEFBEFBF5A8655F18BEBD7AF7F3139395B0471415C109FB6FA34F547B11B9B0ABF16EF4C03EF9E0256B900F4A6E204F13BB22139AE8A17FB4D9BF1F74B32D5FB3937146A71BAD6B0B6B6B6631D1D1D254DE1713F7AFC8EADC07DB4827891B7A6C4377634E56C4DB9FDF6DBAF6D4DF9FDEF7F2F885776E0E5BE492A77701572438C7C5FE7128580DE544649E679361B94B76FDF5EB44B19C64B16DE7FFFFDEFE6AE86D753B66A48715FD1E6CD9BC74E9D3A5592107EECD8B17DC99F319C7CC7767D3DBD6EB514C4CF9C39136EBEF9E6CC9B326FB8E18670F4E8D16B8FAF5CB9325C77DD75A1B5B53513BCE37304F18A98FAA3E00F4DAE1A157AD9AFA95FB7D86B04038D4D6F5A60B64A6A341B9877ECD8B1E8301E43F8A38F3E9ABB2FFC72BD65AB86D5D2D2B2A1ADADED9D919191A286F037DE78E3B9F5EBD79FADC71F9BD4C3E50B3FFAD18F869D3B7766FE71C72BA834E5AC96BBA14F550CBC62AC66B93A0AA03755402A95BA3BFBC6CDECCAF842B7A9C4AF9BB2126E4B4ABDD9B061C3E62D5BB65C2ED6CA785C098F213C39111FACC7D7AB1E8278DC92128377DC2BBE7CF9F270EBADB75EBBB4A1205EF303CFCD7A00BDA9C292C0BC29378CC73DE3F10D9CF1AA27F3BD3A4A7C6366EE9EF058F59AAD1A5EFCEEADA5A5E5D21FFFF8C7B717F106CE8B3FFDE94F9F88DB51E20958AFAF955BDC0BE225B4D81FD9DA8E02E84D5594AD92BA981BA463208FD7198F37FD89ABDDD96D2BF127D4F18E99F13D5D3FFBD9CFC2C68D1BDF9B7237CFCBF59CADF8BFEFDE3E9B7CE7D5D5D6D676FEC5175F1C2BE43AE1CF3CF3CCEE24C8F7C7370FD4FBBE25415C102FD3C02B74D5C81B3301BDA90AB355EE650D175807ED096FAC93E6CE18C8376DDA34B273E7CE13CF3DF7DCD9E4BBB4E17899BB686C6CECFCB973E75EEDECECFCCF871F7EF8A9E4BBBBC17892C4EFD41AE11DBC82B8205E0685FE08D77614406FAAF26C3519C8AF1612C01B255B31837897A8E4A4B92F3909F6247526A9F1C91323FEFA7A521DF1D6AA8D765727415C10AFB281176F0DED8E9980DE245B8120AE04F1225A3D39C856CF727CD4A003F4264010578278F9569FFCC817D09B00415C09E2651E78061DA0370182B812C4CB3CF076197480DE0408E24A102FAFD5F14D3D4D2E51085491CF7CE6335B935FF426401017C4EBDB641007A8A6BED4B16EDDBAE0327B80202E880BE20065924AA56EC95E1BBBB9B9D98A3820880BE28238409982F8DE9C1BD0F47B4500415C1017C4014ADF8F6E9C7AA7C824987BB32620880BE282384089FB51C70CB765EFB7571C10C40571411CA074BD68DA6A78B69A9B9BDD511310C40571411CA044BDE8A99942F8641DF60A0182B8202E880314BF0FE55D0DB7571C10C40571411CA0747DA863B610EE0A2A80202E880BE2007A1320882B41DCB003F42600415C1037EC00F42640105782B86107E84D0082B8206ED801E84D8020AE0471C30ED09B00047141DCB003D09B804AE9EAEA1280ABA7C693207ED5B003D09B8006D0D7D7373C3232220457410D0D0DFD2E09E2270D3B00BD096800DDDDDDB7F7F4F4BC75E1C2853161B8722BE131847776769E4DEA4EC30E406F021A4412FED6A6D3E9FEB82D22EE515665AFF8BA9F6CB4106ED8017A13001876007A1300861D80DE0400861DA03701806107A03701806107E84D0060D801E84D0060D855B510C292C1C1C13D478E1C792FDE61D76544CB5F9D9D9DA1AFAFEF6F49B53823F5260030EC1A440CE1070F1E0CEEAC5BD91A1D1D0DBDBDBD971AF13E027A130018760D29AE840BE15513C627E24DBD9C957A130018760D206E471182ABA7E21D769D957A130018760D20EE511680AB2A88FBB7A0370180612788FF7FBDFDD67018EC7F229CE87C2453F1E3F898F02C88EB4D0060D851A2207EF9E25038FEF443E1E5FD0F7CA0E263F198002D88EB4D0060D8518220FEFA893F4D0BE1D97AE34487002D88EB4D0060D8518A207EF2D9C7F206F1784C8016C4F5260030EC2841103F9E7E386F108FC70468415C6F0200C30E415C10476F0200C3AE3E8278BC4A4ABE201E8F09D082B8DE0400861D2508E203877E913788C76302B420AE37018061470982F89B43C7C2F167764CDF96923C168F09D082B8DE0400861D2508E2B1CEFCF9C969413C3E263C0BE27A13001876942A885FB912069EFFD5F46D29C963F198002D88EB4D0060D851E4201EEF9C79EAD0CFF3EE118FC7DC5D5310D79B00C0B0A35841FCCA95303CD01DFE72E0BB794378B6E273E273AD8E0BE27A130018762C2288CFB50A6E755C10D79B00C0B0A304417C3EABE0B3AD8E0BD482B8DE0400861D0B08E20B0DE1D912A80571BD09000C3B1610C495208EDE04806187202E88A33701806127882B415C6F0200C30E415C10476F0200C34E105782B8DE0400861D82B8208EDE0400869D20AE0471BD09000C3B0471411CBD09000C3B415C09E27A1300187682B812C4D19B0030EC10C40571F4260030EC04712588EB4D0060D821880BE2E84D0060D809E24A10D79B00C0B0A3A9A9B9B9399DD4E70571411CBD09000CBB32BFA6B162204FA552B708E282387A13001876650CE239F5D44C2BE482B8208EDE048061476983F8B515F2DC402E880BE2E84D001876942188E7AE90C72D2B82B8208EDE0480D0A82A508278759573B2FA4A8706008AF5CD4D7F2A955ABB6AD5AA25F17982B8157100004A1BC43F10C0B3AA3D88277FC54CCD74ACB7B737DC76DB6DD73E6F6F6F0F9FFCE427C375D75D97797CB6AF15C401002875103FDCDCDC7CC7D4005E0F417CEAB1A54B97663EBF74E952181F1F17C40100A848109F7105BC5683786B6B6B58BE7C7958B9726578E59557C2B265CBAE1D8B35F5F3D9BE56100700A0E26A2588EFDBB72F53F1E3EC7694A6292BDEF93E9FE96B0571000004F17904F1B8D524BBDD24AE7E1712C467FA5A411C000041BCC0201EB7992C348867BF5610070040109F47108F5744E9E8E8C87CBC66CD9ACCB18F7CE423B3BE3973B6AF15C4010010C4E711C4DBDADA32574559B16245181818C81CFBCD6F7E133EF1894F642E5718C376BE203ED3D70AE2000008E24A10070010C495200E0080202E88030020882B411C0000415C1007004010578238000082B8200E008020AE047100000471411C0000415C09E2000082B812C4010010C40571000004712588030020880BE2000008E24A100700401017C4010010C495200E0080202E88030020882B411C004010578238000082B8200E008020AE047100000471411C0000415C09E2000008E28238000082B812C4010010C405710000AA43575797005C3D359E04F1ABCE4A008006D0D7D7373C3232220457410D0D0DFD2E09E2279D9500000DA0BBBBFBF69E9E9EB72E5CB830260C576E253C86F0CECECEB349DDE9AC0400681049F85B9B4EA7FBE3B688B8475995BDE2EB7E52080700000000000000000000000000000000000000000000000000A020FF0B34EC13C8A694E8810000000049454E44AE426082, 1);
INSERT INTO `ACT_GE_BYTEARRAY` VALUES ('f46a85e2-4af7-11e9-a8a6-144f8ac1fca1', 1, '测试.bpmn', 'f46a85e1-4af7-11e9-a8a6-144f8ac1fca1', 0x3C3F786D6C2076657273696F6E3D22312E302220656E636F64696E673D225554462D38223F3E0A3C646566696E6974696F6E7320786D6C6E733D22687474703A2F2F7777772E6F6D672E6F72672F737065632F42504D4E2F32303130303532342F4D4F44454C2220786D6C6E733A7873693D22687474703A2F2F7777772E77332E6F72672F323030312F584D4C536368656D612D696E7374616E63652220786D6C6E733A7873643D22687474703A2F2F7777772E77332E6F72672F323030312F584D4C536368656D612220786D6C6E733A666C6F7761626C653D22687474703A2F2F666C6F7761626C652E6F72672F62706D6E2220786D6C6E733A62706D6E64693D22687474703A2F2F7777772E6F6D672E6F72672F737065632F42504D4E2F32303130303532342F44492220786D6C6E733A6F6D6764633D22687474703A2F2F7777772E6F6D672E6F72672F737065632F44442F32303130303532342F44432220786D6C6E733A6F6D6764693D22687474703A2F2F7777772E6F6D672E6F72672F737065632F44442F32303130303532342F44492220747970654C616E67756167653D22687474703A2F2F7777772E77332E6F72672F323030312F584D4C536368656D61222065787072657373696F6E4C616E67756167653D22687474703A2F2F7777772E77332E6F72672F313939392F585061746822207461726765744E616D6573706163653D22687474703A2F2F7777772E666C6F7761626C652E6F72672F70726F63657373646566223E0A20203C70726F636573732069643D22E6B58BE8AF9522206E616D653D22E6B58BE8AF95632220697345786563757461626C653D2274727565223E0A202020203C73746172744576656E742069643D2273746172744576656E74312220666C6F7761626C653A696E69746961746F723D22696E69746961746F72223E3C2F73746172744576656E743E0A202020203C757365725461736B2069643D227369642D30314236354333462D383535462D343033352D423134322D453641463937464532393838223E3C2F757365725461736B3E0A202020203C73657175656E6365466C6F772069643D227369642D30343837334230442D333042372D344141422D413036332D3331443544364135323744332220736F757263655265663D2273746172744576656E743122207461726765745265663D227369642D30314236354333462D383535462D343033352D423134322D453641463937464532393838223E3C2F73657175656E6365466C6F773E0A202020203C757365725461736B2069643D227369642D33413846344133342D463933342D343944432D383231382D413836443843374136394339223E3C2F757365725461736B3E0A202020203C73657175656E6365466C6F772069643D227369642D39344646333937452D383646312D343745322D423737422D3339313244463938423332322220736F757263655265663D227369642D30314236354333462D383535462D343033352D423134322D45364146393746453239383822207461726765745265663D227369642D33413846344133342D463933342D343944432D383231382D413836443843374136394339223E3C2F73657175656E6365466C6F773E0A202020203C656E644576656E742069643D227369642D33364130463445382D343537312D343644332D384237332D314446393039323241464436223E3C2F656E644576656E743E0A202020203C73657175656E6365466C6F772069643D227369642D45353630464146462D424536382D344333442D414638422D3133323044433337384231432220736F757263655265663D227369642D33413846344133342D463933342D343944432D383231382D41383644384337413639433922207461726765745265663D227369642D33364130463445382D343537312D343644332D384237332D314446393039323241464436223E3C2F73657175656E6365466C6F773E0A20203C2F70726F636573733E0A20203C62706D6E64693A42504D4E4469616772616D2069643D2242504D4E4469616772616D5FE6B58BE8AF95223E0A202020203C62706D6E64693A42504D4E506C616E652062706D6E456C656D656E743D22E6B58BE8AF95222069643D2242504D4E506C616E655FE6B58BE8AF95223E0A2020202020203C62706D6E64693A42504D4E53686170652062706D6E456C656D656E743D2273746172744576656E7431222069643D2242504D4E53686170655F73746172744576656E7431223E0A20202020202020203C6F6D6764633A426F756E6473206865696768743D2233302E30222077696474683D2233302E302220783D223330302E302220793D223136352E30223E3C2F6F6D6764633A426F756E64733E0A2020202020203C2F62706D6E64693A42504D4E53686170653E0A2020202020203C62706D6E64693A42504D4E53686170652062706D6E456C656D656E743D227369642D30314236354333462D383535462D343033352D423134322D453641463937464532393838222069643D2242504D4E53686170655F7369642D30314236354333462D383535462D343033352D423134322D453641463937464532393838223E0A20202020202020203C6F6D6764633A426F756E6473206865696768743D2238302E30222077696474683D223130302E302220783D223337352E302220793D223134302E30223E3C2F6F6D6764633A426F756E64733E0A2020202020203C2F62706D6E64693A42504D4E53686170653E0A2020202020203C62706D6E64693A42504D4E53686170652062706D6E456C656D656E743D227369642D33413846344133342D463933342D343944432D383231382D413836443843374136394339222069643D2242504D4E53686170655F7369642D33413846344133342D463933342D343944432D383231382D413836443843374136394339223E0A20202020202020203C6F6D6764633A426F756E6473206865696768743D2238302E30222077696474683D223130302E302220783D223532302E302220793D223134302E30223E3C2F6F6D6764633A426F756E64733E0A2020202020203C2F62706D6E64693A42504D4E53686170653E0A2020202020203C62706D6E64693A42504D4E53686170652062706D6E456C656D656E743D227369642D33364130463445382D343537312D343644332D384237332D314446393039323241464436222069643D2242504D4E53686170655F7369642D33364130463445382D343537312D343644332D384237332D314446393039323241464436223E0A20202020202020203C6F6D6764633A426F756E6473206865696768743D2232382E30222077696474683D2232382E302220783D223636352E302220793D223136362E30223E3C2F6F6D6764633A426F756E64733E0A2020202020203C2F62706D6E64693A42504D4E53686170653E0A2020202020203C62706D6E64693A42504D4E456467652062706D6E456C656D656E743D227369642D39344646333937452D383646312D343745322D423737422D333931324446393842333232222069643D2242504D4E456467655F7369642D39344646333937452D383646312D343745322D423737422D333931324446393842333232223E0A20202020202020203C6F6D6764693A776179706F696E7420783D223437342E39353030303030303030303030352220793D223138302E30223E3C2F6F6D6764693A776179706F696E743E0A20202020202020203C6F6D6764693A776179706F696E7420783D223532302E302220793D223138302E30223E3C2F6F6D6764693A776179706F696E743E0A2020202020203C2F62706D6E64693A42504D4E456467653E0A2020202020203C62706D6E64693A42504D4E456467652062706D6E456C656D656E743D227369642D45353630464146462D424536382D344333442D414638422D313332304443333738423143222069643D2242504D4E456467655F7369642D45353630464146462D424536382D344333442D414638422D313332304443333738423143223E0A20202020202020203C6F6D6764693A776179706F696E7420783D223631392E393439393939393939393939392220793D223138302E30223E3C2F6F6D6764693A776179706F696E743E0A20202020202020203C6F6D6764693A776179706F696E7420783D223636352E302220793D223138302E30223E3C2F6F6D6764693A776179706F696E743E0A2020202020203C2F62706D6E64693A42504D4E456467653E0A2020202020203C62706D6E64693A42504D4E456467652062706D6E456C656D656E743D227369642D30343837334230442D333042372D344141422D413036332D333144354436413532374433222069643D2242504D4E456467655F7369642D30343837334230442D333042372D344141422D413036332D333144354436413532374433223E0A20202020202020203C6F6D6764693A776179706F696E7420783D223332392E393439393938343839393537362220793D223138302E30223E3C2F6F6D6764693A776179706F696E743E0A20202020202020203C6F6D6764693A776179706F696E7420783D223337352E302220793D223138302E30223E3C2F6F6D6764693A776179706F696E743E0A2020202020203C2F62706D6E64693A42504D4E456467653E0A202020203C2F62706D6E64693A42504D4E506C616E653E0A20203C2F62706D6E64693A42504D4E4469616772616D3E0A3C2F646566696E6974696F6E733E, 0);
INSERT INTO `ACT_GE_BYTEARRAY` VALUES ('f48d9e43-4af7-11e9-a8a6-144f8ac1fca1', 1, '测试.测试.png', 'f46a85e1-4af7-11e9-a8a6-144f8ac1fca1', 0x89504E470D0A1A0A0000000D49484452000002BF000000E60806000000DC07EDF800000C1A4944415478DAEDDD5F6F54651E07702FBCD817B11724BBC9FA12F6622F7C0126EB8564606694A6928EBA80582421ABA40425168D21D14D36262446D34D373106D92E2B306D2D14902C0B81AE8458761185D23A2C5B1199A116397B9E2E63C642B57FA767CE7C3EC92F68A780A9DF3CE79B679E39E78107000000000000000000000000000000000000000000000000000000000000000000000000000000000000000000000000000000000000000000000000000000000000000000000000000000000000000000000000000000000000000000000000000000000000000000000000000000000000000000000000000000000000000000000000000000000000000000000000000000000000000000000000000000000000000000000000000000000000000000000000000000000000000000000000000000000000000000000000000000000000000000000000000000000000000000000000000000000000000000000000000000000000000000000000000000000000000000000000000000000000000000000000000000000000000000000000000000000000000000000000000000000000000000000000000000000000000000000000000000000000000000000000000000000000000000000000000000000000000000000000000000000000000000000000000000000000000000000016288AA2072F5CB8F0DEF1E3C7BFEBEBEB8B8AC5A2A9F3F4F6F646870F1FFE4F3C791932CD982100A89B505A060707A352A9144D4C4C98659AAB57AF46870E1DBA1E9798C764C8345B8600A06EC26E9DD29298F232512C16CFC99069B60C0140DD84B7A99586E44C5C5C2665C8345B8600A06EC27941852151C5259221D36C190280C415976FBE1A8D2E9C783B3ADBBB7D6AC23F87AF291B8A8B0CC91000A4AAB8DC181F893E39B0353AB36FF30F267C2DBCA67028BF32244300909AE272E9EC5FEE292DD5B97CB647E1507E65488600203DC5E5DC473B672C2EE1358543F99521190280D414974F8ADB662C2EE1358543F99521190200C5C528BF32244300D068C5257C327FA6E2125E5338945F19922100484D71397FF40F331697F09AC2A1FCCA900C01406A8ACBB591A1E893831DF7BE5D1D7F2DBCA67028BF32244300909AE212E6B37FBC7B4F71095F5336141719922100485771B9752B3A7FEC8FF7BE5D1D7F2DBCA67028BF32244300908AE2129EBE357CF4CD19CF6B86D73CA14BF99521190280C62E2EB76E45A3E7FBA37FEEFFFD8CA5A53AE17BC2F7DAC1537E65488600A0E18ACB4FEDD4D9C1535C644886002035E577363B753FB683A78028BF32244300D030C565BEA5A53A0A88F22B433204000D535C8CE22243320400CAAF515C6448860040F935CAAFFF773204008A8B517E8D0C0190045114FD6C6868A8F0CE3BEF1CEAECECBCBE61C386C996969668D5AA55513E9FBFF3F4D34F4FBCF0C20B1776EEDCD915CFAF945FA3B8C8900C2D9F5C2EF7F34C26B32E5EA3DF8BE77C3C37C27A1D4F259ECFE2D7F6C4BF3E1FBECF150E605AE97DFFFDF7DF7DE9A59726376EDC18BDF5D65BD1F1E3C7A3919191A852A94441F8B5542A45274F9E8CE2721C3DFBECB3779E7BEEB98B6D6D6D6B955FA3B8C8900CD5CFEAD5AB1F8DA718CFC4DDB23B9BF928FEFEBC2B1ED0F4E292DBFAF2CB2FDFDABC79F354B1BD7DFB76345BA74F9F8EB66CD972BB50289C5BB972E52F955FA3B8C8900C2D9DB8C0AE880BECFE3914DEFBCD609AD66B80B9ECF63EB877EFDEFEA79E7A2AEAE9E99953E99D6EFFFEFD516B6B6B392DBBC08A8BE22243329434994C6655369BFD6F6D91CDE572D12BAFBC12F5F7F7475F7CF145F4F5D75F4FADC9376FDE9C7AE7EEE8D1A3D1AE5DBBA2C71F7F7C7A01BE61171868BAE23B3030F0F7F5EBD747C3C3C3D162B878F1621417E9F2DAB56B7FA7FC1AE557866468518BEF237159BD5D5B7ABBBABAA68EA2CDC6F8F8F8D4F787DF575B82E33F73AD2B22D014C28E6F28BEB35D38672BFC796D6D6D0DBFA3A0B8282E32244349DAF1AD2DBEEDEDED53BBBCF3117E5F38E236AD00DB0106D22D9CF10D471D166BC7F77E3BC04F3CF1C478BCA03EA4FC1AE5D7C8D0FC8533BEB5471D3A3A3ABE3FDA305FE148C48E1D3BA61F8178C8D51148A5705787EDDBB74F8433BE4B69DFBE7DE55C2EF7B1F26B945F2343F31717DFDEDA1DDF8516DFDA023C6D0778D0151248A53D7BF6FC292C78DF7EFB6DB4D49E79E699B1467D3B4D71515C644886965BB89D59ED19DFF91E75F8B12310B567801D7F0052B9EB1BEEE31B6E67560F67CE9C9968D4DD5FC545719121194A40F92D568B69F8B0DA52E8EEEEB6FB0BA45778725BF890DB426E693657ADADAD63E1CC5A922E26F1FC4671515C644886929CA1F044B6EA87DCC2EEECB56BD796648D0E778198761BB415AE96406A844716EFDEBD3BAAA75DBB769D0E8FD64CCACFA0E6EDBD622693F9B5E2A2B8C8900C253143771F593CF57DAFBEFAEA52AFD3B5E5F779574B20353A3B3BAF874716D7D3B163C72EC68B694FD22E3A35F3E1FD76601417C5458664683933147FEDBDEAEB0303034BBA4E870761D4FCB7F4B85A02A9B161C386C9D1D1D1BA96DFB1B1B152BC985E4AF045E7FB1D98DA8B8FE2A2B8C8900C2D6786E27F3F5FFDFA627FD06DBAF024B89AFF8E4BAE96406AB4B4B444954AA5AEE537FC7DF1625A49FA45A7760726BC0DA9B8282E322443CB99A178CAD57F5FACDB9BFDD86DCF6AFEEE8AAB25901A61615B0EB358E813378A4BB246864C3366A83AF55EA75D2D81D458B366CD9D7AEFFC96CBE5B106D9F93D91C9641E79F8E1871F0CDFA7B8D8B59321195ACE0C85A7AED9F90558A0F5EBD74FD4FBCCEF952B573E4DF899DF1F14962AC545719121195ACE0C39F30BB008B66EDD7ABEDE777B3870E0C0DF127AB7878FC3D393A61716C545719121194A4286DCED016011BCF6DA6BBBEB7D9FDF8E8E8E7D09BBCFEF7D77E91417C5458664284919729F5F8045F0E28B2FFE62DDBA75DFD5F1096F956C36FBEF467C6290E2A2B8C8900C2DA7F084B778ED9CACC713DEF2F9FC1D4F780352ABBDBDFD5F274F9EACD79187AE467D56BCE2A2B8C8900C2DB770DFDF6A29EDEAEA5A9275BABBBBBB76D777D05512489D279F7C72E5A64D9B26EBB0FB3B9ECD664FC58B775EF935CAAF91A17995DF47ABC534ECFE2EF607DFC29F17AFD3776A1EB29177950452A950280CF5F4F42C69F30DE78BC32EC24F9D8B545C8CF26B646866F13AFA51B59CB6B7B72FDA6DCFC2EDCD366DDA74BB76D7B751D76B80D92CA62B5A5B5BCBC3C3C34B527C878686F6C67FC7E8EAD5AB1F6AD49F91E2A2B8C8900C2565BD8EE76AB5A47674742CB80087E2BB63C78EDA73BE371A79BD0698957C3E9F2B140A374BA5D2A216DFCB972F1FC966B39F37FADB678A8BE22243329414994C6655F5C36FD51DE0F91E8108BF6FDA8EAFE30E40F3C8E572AD6D6D6D37166B0738ECF886E21B2FD45B1AFD67A3B8282E32244309DB016EA92DC0E10C70F8105CB85BC36CEFEA103EDC567BC6374C1AD66B8039EF28E4F3F9EB1F7CF0C1370BF810DCF8EBAFBFFE7638EA1016E834FC5C1417C54586642889EB753CE3B5E53594E0701FE0F0208CB0AB5B3D12118E368427B7850758BCF1C61BD19A356BBE9BF654B91B6959AF01E6B3A3B0229BCDF6150A85B153A74E95E7721FDF83070F76C7E5F944F8B0449ACE8C292E8A8B0CC95052D7EBDA5BA0CD73069DF105F8FFA2FA5828C12D2D2DA5CECECEB3478E1CF97C646464B452A94C35DD72B93C76E5CA954F7B7B7BFFBA6DDBB60F73B9DC85B08886DD83B47D4A5871515C64488692BE5EDF2DC1937329BD695CAF01162C3C59285E5437DE7DB6FC67F154EE2E9CE1D74BE1D9EFE11198697E1290E2A2B8C8900C59AF01681A8A8BE22243320400CAAF515C6448860040F9358A8B0CC9100028BF46F9353204008A8B517E8D0C0180E262945F234300A0B8282E3264945F00505C14171932CA2F00282E8A8B0C19E517001417C54586640800505C141719922100507E8DE22243320400CAAF515C6448860040F935CAAFFF773204008A8B517E8D0C0180E262945F234300A0B818E5D728BF00A0B8282E3264945F00505C14171932CA2F00282E8A8B0CC91000A0B8282E32244300D0B4FAFAFA1486E44C252E2E9332649A2D43005037870F1F1E2D954A4A4302666464E4CF7171392743A6D932040075D3DFDFFFDB818181AFBEFCF2CBB2F2B07CBB75A1B4F4F6F67E1ECF6332649A2D43005057F1C5F29162B17822BC5D1ACE0B9ABA4FF8B99F6BE4D2224332040000000000000000000000000000000000000000000000004DE97F0A6B5DEAFD0B32600000000049454E44AE426082, 1);

-- ----------------------------
-- Table structure for ACT_GE_PROPERTY
-- ----------------------------
DROP TABLE IF EXISTS `ACT_GE_PROPERTY`;
CREATE TABLE `ACT_GE_PROPERTY`  (
  `NAME_` varchar(64) CHARACTER SET utf8 COLLATE utf8_bin NOT NULL DEFAULT '',
  `VALUE_` varchar(300) CHARACTER SET utf8 COLLATE utf8_bin DEFAULT NULL,
  `REV_` int(11) DEFAULT NULL,
  PRIMARY KEY (`NAME_`) USING BTREE
) ENGINE = InnoDB CHARACTER SET = utf8 COLLATE = utf8_bin ROW_FORMAT = Compact;

-- ----------------------------
-- Records of ACT_GE_PROPERTY
-- ----------------------------
INSERT INTO `ACT_GE_PROPERTY` VALUES ('cfg.execution-related-entities-count', 'true', 1);
INSERT INTO `ACT_GE_PROPERTY` VALUES ('cfg.task-related-entities-count', 'true', 1);
INSERT INTO `ACT_GE_PROPERTY` VALUES ('common.schema.version', '6.4.0.0', 1);
INSERT INTO `ACT_GE_PROPERTY` VALUES ('identitylink.schema.version', '6.4.0.0', 1);
INSERT INTO `ACT_GE_PROPERTY` VALUES ('job.schema.version', '6.4.0.0', 1);
INSERT INTO `ACT_GE_PROPERTY` VALUES ('next.dbid', '1', 1);
INSERT INTO `ACT_GE_PROPERTY` VALUES ('schema.history', 'create(6.3.2.0)', 1);
INSERT INTO `ACT_GE_PROPERTY` VALUES ('schema.version', '6.4.0.0', 1);
INSERT INTO `ACT_GE_PROPERTY` VALUES ('task.schema.version', '6.4.0.0', 1);
INSERT INTO `ACT_GE_PROPERTY` VALUES ('variable.schema.version', '6.4.0.0', 1);

-- ----------------------------
-- Table structure for ACT_HI_ACTINST
-- ----------------------------
DROP TABLE IF EXISTS `ACT_HI_ACTINST`;
CREATE TABLE `ACT_HI_ACTINST`  (
  `ID_` varchar(64) CHARACTER SET utf8 COLLATE utf8_bin NOT NULL,
  `REV_` int(11) DEFAULT 1,
  `PROC_DEF_ID_` varchar(64) CHARACTER SET utf8 COLLATE utf8_bin NOT NULL,
  `PROC_INST_ID_` varchar(64) CHARACTER SET utf8 COLLATE utf8_bin NOT NULL,
  `EXECUTION_ID_` varchar(64) CHARACTER SET utf8 COLLATE utf8_bin NOT NULL,
  `ACT_ID_` varchar(255) CHARACTER SET utf8 COLLATE utf8_bin NOT NULL,
  `TASK_ID_` varchar(64) CHARACTER SET utf8 COLLATE utf8_bin DEFAULT NULL,
  `CALL_PROC_INST_ID_` varchar(64) CHARACTER SET utf8 COLLATE utf8_bin DEFAULT NULL,
  `ACT_NAME_` varchar(255) CHARACTER SET utf8 COLLATE utf8_bin DEFAULT NULL,
  `ACT_TYPE_` varchar(255) CHARACTER SET utf8 COLLATE utf8_bin NOT NULL,
  `ASSIGNEE_` varchar(255) CHARACTER SET utf8 COLLATE utf8_bin DEFAULT NULL,
  `START_TIME_` datetime(3) NOT NULL,
  `END_TIME_` datetime(3) DEFAULT NULL,
  `DURATION_` bigint(20) DEFAULT NULL,
  `DELETE_REASON_` varchar(4000) CHARACTER SET utf8 COLLATE utf8_bin DEFAULT NULL,
  `TENANT_ID_` varchar(255) CHARACTER SET utf8 COLLATE utf8_bin DEFAULT '',
  PRIMARY KEY (`ID_`) USING BTREE,
  INDEX `ACT_IDX_HI_ACT_INST_START`(`START_TIME_`) USING BTREE,
  INDEX `ACT_IDX_HI_ACT_INST_END`(`END_TIME_`) USING BTREE,
  INDEX `ACT_IDX_HI_ACT_INST_PROCINST`(`PROC_INST_ID_`, `ACT_ID_`) USING BTREE,
  INDEX `ACT_IDX_HI_ACT_INST_EXEC`(`EXECUTION_ID_`, `ACT_ID_`) USING BTREE
) ENGINE = InnoDB CHARACTER SET = utf8 COLLATE = utf8_bin ROW_FORMAT = Compact;

-- ----------------------------
-- Records of ACT_HI_ACTINST
-- ----------------------------
INSERT INTO `ACT_HI_ACTINST` VALUES ('226d6f38-4af9-11e9-a8a6-144f8ac1fca1', 1, '官方流程pgg:1:e0593c47-4af8-11e9-a8a6-144f8ac1fca1', '226cfa01-4af9-11e9-a8a6-144f8ac1fca1', '226cfa05-4af9-11e9-a8a6-144f8ac1fca1', 'startEvent1', NULL, NULL, NULL, 'startEvent', NULL, '2019-03-20 18:15:49.642', '2019-03-20 18:15:49.642', 0, NULL, '');
INSERT INTO `ACT_HI_ACTINST` VALUES ('226d6f39-4af9-11e9-a8a6-144f8ac1fca1', 1, '官方流程pgg:1:e0593c47-4af8-11e9-a8a6-144f8ac1fca1', '226cfa01-4af9-11e9-a8a6-144f8ac1fca1', '226cfa05-4af9-11e9-a8a6-144f8ac1fca1', 'sid-EB159CA6-00D2-4498-A49F-6D7B88B674F9', '22775a4a-4af9-11e9-a8a6-144f8ac1fca1', NULL, 'cgl', 'userTask', 'admin', '2019-03-20 18:15:49.642', NULL, NULL, NULL, '');
INSERT INTO `ACT_HI_ACTINST` VALUES ('a0d85e69-4af8-11e9-a8a6-144f8ac1fca1', 1, '测试:3:f48e1374-4af7-11e9-a8a6-144f8ac1fca1', 'a0d5ed65-4af8-11e9-a8a6-144f8ac1fca1', 'a0d6fed8-4af8-11e9-a8a6-144f8ac1fca1', 'startEvent1', NULL, NULL, NULL, 'startEvent', NULL, '2019-03-20 18:12:12.240', '2019-03-20 18:12:12.246', 6, NULL, '');
INSERT INTO `ACT_HI_ACTINST` VALUES ('a0d9e50a-4af8-11e9-a8a6-144f8ac1fca1', 1, '测试:3:f48e1374-4af7-11e9-a8a6-144f8ac1fca1', 'a0d5ed65-4af8-11e9-a8a6-144f8ac1fca1', 'a0d6fed8-4af8-11e9-a8a6-144f8ac1fca1', 'sid-01B65C3F-855F-4035-B142-E6AF97FE2988', 'a0da332b-4af8-11e9-a8a6-144f8ac1fca1', NULL, NULL, 'userTask', NULL, '2019-03-20 18:12:12.249', NULL, NULL, NULL, '');

-- ----------------------------
-- Table structure for ACT_HI_ATTACHMENT
-- ----------------------------
DROP TABLE IF EXISTS `ACT_HI_ATTACHMENT`;
CREATE TABLE `ACT_HI_ATTACHMENT`  (
  `ID_` varchar(64) CHARACTER SET utf8 COLLATE utf8_bin NOT NULL,
  `REV_` int(11) DEFAULT NULL,
  `USER_ID_` varchar(255) CHARACTER SET utf8 COLLATE utf8_bin DEFAULT NULL,
  `NAME_` varchar(255) CHARACTER SET utf8 COLLATE utf8_bin DEFAULT NULL,
  `DESCRIPTION_` varchar(4000) CHARACTER SET utf8 COLLATE utf8_bin DEFAULT NULL,
  `TYPE_` varchar(255) CHARACTER SET utf8 COLLATE utf8_bin DEFAULT NULL,
  `TASK_ID_` varchar(64) CHARACTER SET utf8 COLLATE utf8_bin DEFAULT NULL,
  `PROC_INST_ID_` varchar(64) CHARACTER SET utf8 COLLATE utf8_bin DEFAULT NULL,
  `URL_` varchar(4000) CHARACTER SET utf8 COLLATE utf8_bin DEFAULT NULL,
  `CONTENT_ID_` varchar(64) CHARACTER SET utf8 COLLATE utf8_bin DEFAULT NULL,
  `TIME_` datetime(3) DEFAULT NULL,
  PRIMARY KEY (`ID_`) USING BTREE
) ENGINE = InnoDB CHARACTER SET = utf8 COLLATE = utf8_bin ROW_FORMAT = Compact;

-- ----------------------------
-- Table structure for ACT_HI_COMMENT
-- ----------------------------
DROP TABLE IF EXISTS `ACT_HI_COMMENT`;
CREATE TABLE `ACT_HI_COMMENT`  (
  `ID_` varchar(64) CHARACTER SET utf8 COLLATE utf8_bin NOT NULL,
  `TYPE_` varchar(255) CHARACTER SET utf8 COLLATE utf8_bin DEFAULT NULL,
  `TIME_` datetime(3) NOT NULL,
  `USER_ID_` varchar(255) CHARACTER SET utf8 COLLATE utf8_bin DEFAULT NULL,
  `TASK_ID_` varchar(64) CHARACTER SET utf8 COLLATE utf8_bin DEFAULT NULL,
  `PROC_INST_ID_` varchar(64) CHARACTER SET utf8 COLLATE utf8_bin DEFAULT NULL,
  `ACTION_` varchar(255) CHARACTER SET utf8 COLLATE utf8_bin DEFAULT NULL,
  `MESSAGE_` varchar(4000) CHARACTER SET utf8 COLLATE utf8_bin DEFAULT NULL,
  `FULL_MSG_` longblob,
  PRIMARY KEY (`ID_`) USING BTREE
) ENGINE = InnoDB CHARACTER SET = utf8 COLLATE = utf8_bin ROW_FORMAT = Compact;

-- ----------------------------
-- Table structure for ACT_HI_DETAIL
-- ----------------------------
DROP TABLE IF EXISTS `ACT_HI_DETAIL`;
CREATE TABLE `ACT_HI_DETAIL`  (
  `ID_` varchar(64) CHARACTER SET utf8 COLLATE utf8_bin NOT NULL,
  `TYPE_` varchar(255) CHARACTER SET utf8 COLLATE utf8_bin NOT NULL,
  `PROC_INST_ID_` varchar(64) CHARACTER SET utf8 COLLATE utf8_bin DEFAULT NULL,
  `EXECUTION_ID_` varchar(64) CHARACTER SET utf8 COLLATE utf8_bin DEFAULT NULL,
  `TASK_ID_` varchar(64) CHARACTER SET utf8 COLLATE utf8_bin DEFAULT NULL,
  `ACT_INST_ID_` varchar(64) CHARACTER SET utf8 COLLATE utf8_bin DEFAULT NULL,
  `NAME_` varchar(255) CHARACTER SET utf8 COLLATE utf8_bin NOT NULL,
  `VAR_TYPE_` varchar(255) CHARACTER SET utf8 COLLATE utf8_bin DEFAULT NULL,
  `REV_` int(11) DEFAULT NULL,
  `TIME_` datetime(3) NOT NULL,
  `BYTEARRAY_ID_` varchar(64) CHARACTER SET utf8 COLLATE utf8_bin DEFAULT NULL,
  `DOUBLE_` double DEFAULT NULL,
  `LONG_` bigint(20) DEFAULT NULL,
  `TEXT_` varchar(4000) CHARACTER SET utf8 COLLATE utf8_bin DEFAULT NULL,
  `TEXT2_` varchar(4000) CHARACTER SET utf8 COLLATE utf8_bin DEFAULT NULL,
  PRIMARY KEY (`ID_`) USING BTREE,
  INDEX `ACT_IDX_HI_DETAIL_PROC_INST`(`PROC_INST_ID_`) USING BTREE,
  INDEX `ACT_IDX_HI_DETAIL_ACT_INST`(`ACT_INST_ID_`) USING BTREE,
  INDEX `ACT_IDX_HI_DETAIL_TIME`(`TIME_`) USING BTREE,
  INDEX `ACT_IDX_HI_DETAIL_NAME`(`NAME_`) USING BTREE,
  INDEX `ACT_IDX_HI_DETAIL_TASK_ID`(`TASK_ID_`) USING BTREE
) ENGINE = InnoDB CHARACTER SET = utf8 COLLATE = utf8_bin ROW_FORMAT = Compact;

-- ----------------------------
-- Table structure for ACT_HI_IDENTITYLINK
-- ----------------------------
DROP TABLE IF EXISTS `ACT_HI_IDENTITYLINK`;
CREATE TABLE `ACT_HI_IDENTITYLINK`  (
  `ID_` varchar(64) CHARACTER SET utf8 COLLATE utf8_bin NOT NULL DEFAULT '',
  `GROUP_ID_` varchar(255) CHARACTER SET utf8 COLLATE utf8_bin DEFAULT NULL,
  `TYPE_` varchar(255) CHARACTER SET utf8 COLLATE utf8_bin DEFAULT NULL,
  `USER_ID_` varchar(255) CHARACTER SET utf8 COLLATE utf8_bin DEFAULT NULL,
  `TASK_ID_` varchar(64) CHARACTER SET utf8 COLLATE utf8_bin DEFAULT NULL,
  `CREATE_TIME_` datetime(3) DEFAULT NULL,
  `PROC_INST_ID_` varchar(64) CHARACTER SET utf8 COLLATE utf8_bin DEFAULT NULL,
  `SCOPE_ID_` varchar(255) CHARACTER SET utf8 COLLATE utf8_bin DEFAULT NULL,
  `SCOPE_TYPE_` varchar(255) CHARACTER SET utf8 COLLATE utf8_bin DEFAULT NULL,
  `SCOPE_DEFINITION_ID_` varchar(255) CHARACTER SET utf8 COLLATE utf8_bin DEFAULT NULL,
  PRIMARY KEY (`ID_`) USING BTREE,
  INDEX `ACT_IDX_HI_IDENT_LNK_USER`(`USER_ID_`) USING BTREE,
  INDEX `ACT_IDX_HI_IDENT_LNK_SCOPE`(`SCOPE_ID_`, `SCOPE_TYPE_`) USING BTREE,
  INDEX `ACT_IDX_HI_IDENT_LNK_SCOPE_DEF`(`SCOPE_DEFINITION_ID_`, `SCOPE_TYPE_`) USING BTREE,
  INDEX `ACT_IDX_HI_IDENT_LNK_TASK`(`TASK_ID_`) USING BTREE,
  INDEX `ACT_IDX_HI_IDENT_LNK_PROCINST`(`PROC_INST_ID_`) USING BTREE
) ENGINE = InnoDB CHARACTER SET = utf8 COLLATE = utf8_bin ROW_FORMAT = Compact;

-- ----------------------------
-- Records of ACT_HI_IDENTITYLINK
-- ----------------------------
INSERT INTO `ACT_HI_IDENTITYLINK` VALUES ('226cfa03-4af9-11e9-a8a6-144f8ac1fca1', NULL, 'starter', 'admin', NULL, '2019-03-20 18:15:49.639', '226cfa01-4af9-11e9-a8a6-144f8ac1fca1', NULL, NULL, NULL);
INSERT INTO `ACT_HI_IDENTITYLINK` VALUES ('2277815b-4af9-11e9-a8a6-144f8ac1fca1', NULL, 'assignee', 'admin', '22775a4a-4af9-11e9-a8a6-144f8ac1fca1', '2019-03-20 18:15:49.708', NULL, NULL, NULL, NULL);
INSERT INTO `ACT_HI_IDENTITYLINK` VALUES ('2277815c-4af9-11e9-a8a6-144f8ac1fca1', NULL, 'participant', 'admin', NULL, '2019-03-20 18:15:49.708', '226cfa01-4af9-11e9-a8a6-144f8ac1fca1', NULL, NULL, NULL);
INSERT INTO `ACT_HI_IDENTITYLINK` VALUES ('a0d6d7c7-4af8-11e9-a8a6-144f8ac1fca1', NULL, 'starter', 'admin', NULL, '2019-03-20 18:12:12.230', 'a0d5ed65-4af8-11e9-a8a6-144f8ac1fca1', NULL, NULL, NULL);

-- ----------------------------
-- Table structure for ACT_HI_PROCINST
-- ----------------------------
DROP TABLE IF EXISTS `ACT_HI_PROCINST`;
CREATE TABLE `ACT_HI_PROCINST`  (
  `ID_` varchar(64) CHARACTER SET utf8 COLLATE utf8_bin NOT NULL,
  `REV_` int(11) DEFAULT 1,
  `PROC_INST_ID_` varchar(64) CHARACTER SET utf8 COLLATE utf8_bin NOT NULL,
  `BUSINESS_KEY_` varchar(255) CHARACTER SET utf8 COLLATE utf8_bin DEFAULT NULL,
  `PROC_DEF_ID_` varchar(64) CHARACTER SET utf8 COLLATE utf8_bin NOT NULL,
  `START_TIME_` datetime(3) NOT NULL,
  `END_TIME_` datetime(3) DEFAULT NULL,
  `DURATION_` bigint(20) DEFAULT NULL,
  `START_USER_ID_` varchar(255) CHARACTER SET utf8 COLLATE utf8_bin DEFAULT NULL,
  `START_ACT_ID_` varchar(255) CHARACTER SET utf8 COLLATE utf8_bin DEFAULT NULL,
  `END_ACT_ID_` varchar(255) CHARACTER SET utf8 COLLATE utf8_bin DEFAULT NULL,
  `SUPER_PROCESS_INSTANCE_ID_` varchar(64) CHARACTER SET utf8 COLLATE utf8_bin DEFAULT NULL,
  `DELETE_REASON_` varchar(4000) CHARACTER SET utf8 COLLATE utf8_bin DEFAULT NULL,
  `TENANT_ID_` varchar(255) CHARACTER SET utf8 COLLATE utf8_bin DEFAULT '',
  `NAME_` varchar(255) CHARACTER SET utf8 COLLATE utf8_bin DEFAULT NULL,
  `CALLBACK_ID_` varchar(255) CHARACTER SET utf8 COLLATE utf8_bin DEFAULT NULL,
  `CALLBACK_TYPE_` varchar(255) CHARACTER SET utf8 COLLATE utf8_bin DEFAULT NULL,
  PRIMARY KEY (`ID_`) USING BTREE,
  UNIQUE INDEX `PROC_INST_ID_`(`PROC_INST_ID_`) USING BTREE,
  INDEX `ACT_IDX_HI_PRO_INST_END`(`END_TIME_`) USING BTREE,
  INDEX `ACT_IDX_HI_PRO_I_BUSKEY`(`BUSINESS_KEY_`) USING BTREE
) ENGINE = InnoDB CHARACTER SET = utf8 COLLATE = utf8_bin ROW_FORMAT = Compact;

-- ----------------------------
-- Records of ACT_HI_PROCINST
-- ----------------------------
INSERT INTO `ACT_HI_PROCINST` VALUES ('226cfa01-4af9-11e9-a8a6-144f8ac1fca1', 1, '226cfa01-4af9-11e9-a8a6-144f8ac1fca1', NULL, '官方流程pgg:1:e0593c47-4af8-11e9-a8a6-144f8ac1fca1', '2019-03-20 18:15:49.639', NULL, NULL, 'admin', 'startEvent1', NULL, NULL, NULL, '', '官方流程 - March 20th 2019', NULL, NULL);
INSERT INTO `ACT_HI_PROCINST` VALUES ('a0d5ed65-4af8-11e9-a8a6-144f8ac1fca1', 1, 'a0d5ed65-4af8-11e9-a8a6-144f8ac1fca1', NULL, '测试:3:f48e1374-4af7-11e9-a8a6-144f8ac1fca1', '2019-03-20 18:12:12.223', NULL, NULL, 'admin', 'startEvent1', NULL, NULL, NULL, '', '测试c - March 20th 2019', NULL, NULL);

-- ----------------------------
-- Table structure for ACT_HI_TASKINST
-- ----------------------------
DROP TABLE IF EXISTS `ACT_HI_TASKINST`;
CREATE TABLE `ACT_HI_TASKINST`  (
  `ID_` varchar(64) CHARACTER SET utf8 COLLATE utf8_bin NOT NULL,
  `REV_` int(11) DEFAULT 1,
  `PROC_DEF_ID_` varchar(64) CHARACTER SET utf8 COLLATE utf8_bin DEFAULT NULL,
  `TASK_DEF_ID_` varchar(64) CHARACTER SET utf8 COLLATE utf8_bin DEFAULT NULL,
  `TASK_DEF_KEY_` varchar(255) CHARACTER SET utf8 COLLATE utf8_bin DEFAULT NULL,
  `PROC_INST_ID_` varchar(64) CHARACTER SET utf8 COLLATE utf8_bin DEFAULT NULL,
  `EXECUTION_ID_` varchar(64) CHARACTER SET utf8 COLLATE utf8_bin DEFAULT NULL,
  `SCOPE_ID_` varchar(255) CHARACTER SET utf8 COLLATE utf8_bin DEFAULT NULL,
  `SUB_SCOPE_ID_` varchar(255) CHARACTER SET utf8 COLLATE utf8_bin DEFAULT NULL,
  `SCOPE_TYPE_` varchar(255) CHARACTER SET utf8 COLLATE utf8_bin DEFAULT NULL,
  `SCOPE_DEFINITION_ID_` varchar(255) CHARACTER SET utf8 COLLATE utf8_bin DEFAULT NULL,
  `NAME_` varchar(255) CHARACTER SET utf8 COLLATE utf8_bin DEFAULT NULL,
  `PARENT_TASK_ID_` varchar(64) CHARACTER SET utf8 COLLATE utf8_bin DEFAULT NULL,
  `DESCRIPTION_` varchar(4000) CHARACTER SET utf8 COLLATE utf8_bin DEFAULT NULL,
  `OWNER_` varchar(255) CHARACTER SET utf8 COLLATE utf8_bin DEFAULT NULL,
  `ASSIGNEE_` varchar(255) CHARACTER SET utf8 COLLATE utf8_bin DEFAULT NULL,
  `START_TIME_` datetime(3) NOT NULL,
  `CLAIM_TIME_` datetime(3) DEFAULT NULL,
  `END_TIME_` datetime(3) DEFAULT NULL,
  `DURATION_` bigint(20) DEFAULT NULL,
  `DELETE_REASON_` varchar(4000) CHARACTER SET utf8 COLLATE utf8_bin DEFAULT NULL,
  `PRIORITY_` int(11) DEFAULT NULL,
  `DUE_DATE_` datetime(3) DEFAULT NULL,
  `FORM_KEY_` varchar(255) CHARACTER SET utf8 COLLATE utf8_bin DEFAULT NULL,
  `CATEGORY_` varchar(255) CHARACTER SET utf8 COLLATE utf8_bin DEFAULT NULL,
  `TENANT_ID_` varchar(255) CHARACTER SET utf8 COLLATE utf8_bin DEFAULT '',
  `LAST_UPDATED_TIME_` datetime(3) DEFAULT NULL,
  PRIMARY KEY (`ID_`) USING BTREE,
  INDEX `ACT_IDX_HI_TASK_SCOPE`(`SCOPE_ID_`, `SCOPE_TYPE_`) USING BTREE,
  INDEX `ACT_IDX_HI_TASK_SUB_SCOPE`(`SUB_SCOPE_ID_`, `SCOPE_TYPE_`) USING BTREE,
  INDEX `ACT_IDX_HI_TASK_SCOPE_DEF`(`SCOPE_DEFINITION_ID_`, `SCOPE_TYPE_`) USING BTREE,
  INDEX `ACT_IDX_HI_TASK_INST_PROCINST`(`PROC_INST_ID_`) USING BTREE
) ENGINE = InnoDB CHARACTER SET = utf8 COLLATE = utf8_bin ROW_FORMAT = Compact;

-- ----------------------------
-- Records of ACT_HI_TASKINST
-- ----------------------------
INSERT INTO `ACT_HI_TASKINST` VALUES ('22775a4a-4af9-11e9-a8a6-144f8ac1fca1', 1, '官方流程pgg:1:e0593c47-4af8-11e9-a8a6-144f8ac1fca1', NULL, 'sid-EB159CA6-00D2-4498-A49F-6D7B88B674F9', '226cfa01-4af9-11e9-a8a6-144f8ac1fca1', '226cfa05-4af9-11e9-a8a6-144f8ac1fca1', NULL, NULL, NULL, NULL, 'cgl', NULL, NULL, NULL, 'admin', '2019-03-20 18:15:49.707', NULL, NULL, NULL, NULL, 50, NULL, '基本信息', NULL, '', '2019-03-20 18:15:49.708');
INSERT INTO `ACT_HI_TASKINST` VALUES ('a0da332b-4af8-11e9-a8a6-144f8ac1fca1', 1, '测试:3:f48e1374-4af7-11e9-a8a6-144f8ac1fca1', NULL, 'sid-01B65C3F-855F-4035-B142-E6AF97FE2988', 'a0d5ed65-4af8-11e9-a8a6-144f8ac1fca1', 'a0d6fed8-4af8-11e9-a8a6-144f8ac1fca1', NULL, NULL, NULL, NULL, NULL, NULL, NULL, NULL, NULL, '2019-03-20 18:12:12.252', NULL, NULL, NULL, NULL, 50, NULL, NULL, NULL, '', '2019-03-20 18:12:12.252');

-- ----------------------------
-- Table structure for ACT_HI_VARINST
-- ----------------------------
DROP TABLE IF EXISTS `ACT_HI_VARINST`;
CREATE TABLE `ACT_HI_VARINST`  (
  `ID_` varchar(64) CHARACTER SET utf8 COLLATE utf8_bin NOT NULL,
  `REV_` int(11) DEFAULT 1,
  `PROC_INST_ID_` varchar(64) CHARACTER SET utf8 COLLATE utf8_bin DEFAULT NULL,
  `EXECUTION_ID_` varchar(64) CHARACTER SET utf8 COLLATE utf8_bin DEFAULT NULL,
  `TASK_ID_` varchar(64) CHARACTER SET utf8 COLLATE utf8_bin DEFAULT NULL,
  `NAME_` varchar(255) CHARACTER SET utf8 COLLATE utf8_bin NOT NULL,
  `VAR_TYPE_` varchar(100) CHARACTER SET utf8 COLLATE utf8_bin DEFAULT NULL,
  `SCOPE_ID_` varchar(255) CHARACTER SET utf8 COLLATE utf8_bin DEFAULT NULL,
  `SUB_SCOPE_ID_` varchar(255) CHARACTER SET utf8 COLLATE utf8_bin DEFAULT NULL,
  `SCOPE_TYPE_` varchar(255) CHARACTER SET utf8 COLLATE utf8_bin DEFAULT NULL,
  `BYTEARRAY_ID_` varchar(64) CHARACTER SET utf8 COLLATE utf8_bin DEFAULT NULL,
  `DOUBLE_` double DEFAULT NULL,
  `LONG_` bigint(20) DEFAULT NULL,
  `TEXT_` varchar(4000) CHARACTER SET utf8 COLLATE utf8_bin DEFAULT NULL,
  `TEXT2_` varchar(4000) CHARACTER SET utf8 COLLATE utf8_bin DEFAULT NULL,
  `CREATE_TIME_` datetime(3) DEFAULT NULL,
  `LAST_UPDATED_TIME_` datetime(3) DEFAULT NULL,
  PRIMARY KEY (`ID_`) USING BTREE,
  INDEX `ACT_IDX_HI_PROCVAR_NAME_TYPE`(`NAME_`, `VAR_TYPE_`) USING BTREE,
  INDEX `ACT_IDX_HI_VAR_SCOPE_ID_TYPE`(`SCOPE_ID_`, `SCOPE_TYPE_`) USING BTREE,
  INDEX `ACT_IDX_HI_VAR_SUB_ID_TYPE`(`SUB_SCOPE_ID_`, `SCOPE_TYPE_`) USING BTREE,
  INDEX `ACT_IDX_HI_PROCVAR_PROC_INST`(`PROC_INST_ID_`) USING BTREE,
  INDEX `ACT_IDX_HI_PROCVAR_TASK_ID`(`TASK_ID_`) USING BTREE,
  INDEX `ACT_IDX_HI_PROCVAR_EXE`(`EXECUTION_ID_`) USING BTREE
) ENGINE = InnoDB CHARACTER SET = utf8 COLLATE = utf8_bin ROW_FORMAT = Compact;

-- ----------------------------
-- Records of ACT_HI_VARINST
-- ----------------------------
INSERT INTO `ACT_HI_VARINST` VALUES ('226cfa02-4af9-11e9-a8a6-144f8ac1fca1', 0, '226cfa01-4af9-11e9-a8a6-144f8ac1fca1', '226cfa01-4af9-11e9-a8a6-144f8ac1fca1', NULL, 'initiator', 'string', NULL, NULL, NULL, NULL, NULL, NULL, 'admin', NULL, '2019-03-20 18:15:49.639', '2019-03-20 18:15:49.639');
INSERT INTO `ACT_HI_VARINST` VALUES ('226cfa04-4af9-11e9-a8a6-144f8ac1fca1', 0, '226cfa01-4af9-11e9-a8a6-144f8ac1fca1', '226cfa01-4af9-11e9-a8a6-144f8ac1fca1', NULL, 'continent', 'string', NULL, NULL, NULL, NULL, NULL, NULL, '中共', NULL, '2019-03-20 18:15:49.639', '2019-03-20 18:15:49.639');
INSERT INTO `ACT_HI_VARINST` VALUES ('a0d61476-4af8-11e9-a8a6-144f8ac1fca1', 0, 'a0d5ed65-4af8-11e9-a8a6-144f8ac1fca1', 'a0d5ed65-4af8-11e9-a8a6-144f8ac1fca1', NULL, 'initiator', 'string', NULL, NULL, NULL, NULL, NULL, NULL, 'admin', NULL, '2019-03-20 18:12:12.227', '2019-03-20 18:12:12.227');

-- ----------------------------
-- Table structure for ACT_ID_BYTEARRAY
-- ----------------------------
DROP TABLE IF EXISTS `ACT_ID_BYTEARRAY`;
CREATE TABLE `ACT_ID_BYTEARRAY`  (
  `ID_` varchar(64) CHARACTER SET utf8 COLLATE utf8_bin NOT NULL DEFAULT '',
  `REV_` int(11) DEFAULT NULL,
  `NAME_` varchar(255) CHARACTER SET utf8 COLLATE utf8_bin DEFAULT NULL,
  `BYTES_` longblob,
  PRIMARY KEY (`ID_`) USING BTREE
) ENGINE = InnoDB CHARACTER SET = utf8 COLLATE = utf8_bin ROW_FORMAT = Compact;

-- ----------------------------
-- Table structure for ACT_ID_GROUP
-- ----------------------------
DROP TABLE IF EXISTS `ACT_ID_GROUP`;
CREATE TABLE `ACT_ID_GROUP`  (
  `ID_` varchar(64) CHARACTER SET utf8 COLLATE utf8_bin NOT NULL DEFAULT '',
  `REV_` int(11) DEFAULT NULL,
  `NAME_` varchar(255) CHARACTER SET utf8 COLLATE utf8_bin DEFAULT NULL,
  `TYPE_` varchar(255) CHARACTER SET utf8 COLLATE utf8_bin DEFAULT NULL,
  PRIMARY KEY (`ID_`) USING BTREE
) ENGINE = InnoDB CHARACTER SET = utf8 COLLATE = utf8_bin ROW_FORMAT = Compact;

-- ----------------------------
-- Table structure for ACT_ID_INFO
-- ----------------------------
DROP TABLE IF EXISTS `ACT_ID_INFO`;
CREATE TABLE `ACT_ID_INFO`  (
  `ID_` varchar(64) CHARACTER SET utf8 COLLATE utf8_bin NOT NULL DEFAULT '',
  `REV_` int(11) DEFAULT NULL,
  `USER_ID_` varchar(64) CHARACTER SET utf8 COLLATE utf8_bin DEFAULT NULL,
  `TYPE_` varchar(64) CHARACTER SET utf8 COLLATE utf8_bin DEFAULT NULL,
  `KEY_` varchar(255) CHARACTER SET utf8 COLLATE utf8_bin DEFAULT NULL,
  `VALUE_` varchar(255) CHARACTER SET utf8 COLLATE utf8_bin DEFAULT NULL,
  `PASSWORD_` longblob,
  `PARENT_ID_` varchar(255) CHARACTER SET utf8 COLLATE utf8_bin DEFAULT NULL,
  PRIMARY KEY (`ID_`) USING BTREE
) ENGINE = InnoDB CHARACTER SET = utf8 COLLATE = utf8_bin ROW_FORMAT = Compact;

-- ----------------------------
-- Table structure for ACT_ID_MEMBERSHIP
-- ----------------------------
DROP TABLE IF EXISTS `ACT_ID_MEMBERSHIP`;
CREATE TABLE `ACT_ID_MEMBERSHIP`  (
  `USER_ID_` varchar(64) CHARACTER SET utf8 COLLATE utf8_bin NOT NULL DEFAULT '',
  `GROUP_ID_` varchar(64) CHARACTER SET utf8 COLLATE utf8_bin NOT NULL DEFAULT '',
  PRIMARY KEY (`USER_ID_`, `GROUP_ID_`) USING BTREE,
  INDEX `ACT_FK_MEMB_GROUP`(`GROUP_ID_`) USING BTREE,
  CONSTRAINT `ACT_FK_MEMB_GROUP` FOREIGN KEY (`GROUP_ID_`) REFERENCES `ACT_ID_GROUP` (`ID_`) ON DELETE RESTRICT ON UPDATE RESTRICT,
  CONSTRAINT `ACT_FK_MEMB_USER` FOREIGN KEY (`USER_ID_`) REFERENCES `ACT_ID_USER` (`ID_`) ON DELETE RESTRICT ON UPDATE RESTRICT
) ENGINE = InnoDB CHARACTER SET = utf8 COLLATE = utf8_bin ROW_FORMAT = Compact;

-- ----------------------------
-- Table structure for ACT_ID_PRIV
-- ----------------------------
DROP TABLE IF EXISTS `ACT_ID_PRIV`;
CREATE TABLE `ACT_ID_PRIV`  (
  `ID_` varchar(64) CHARACTER SET utf8 COLLATE utf8_bin NOT NULL,
  `NAME_` varchar(255) CHARACTER SET utf8 COLLATE utf8_bin NOT NULL,
  PRIMARY KEY (`ID_`) USING BTREE,
  UNIQUE INDEX `ACT_UNIQ_PRIV_NAME`(`NAME_`) USING BTREE
) ENGINE = InnoDB CHARACTER SET = utf8 COLLATE = utf8_bin ROW_FORMAT = Compact;

-- ----------------------------
-- Table structure for ACT_ID_PRIV_MAPPING
-- ----------------------------
DROP TABLE IF EXISTS `ACT_ID_PRIV_MAPPING`;
CREATE TABLE `ACT_ID_PRIV_MAPPING`  (
  `ID_` varchar(64) CHARACTER SET utf8 COLLATE utf8_bin NOT NULL,
  `PRIV_ID_` varchar(64) CHARACTER SET utf8 COLLATE utf8_bin NOT NULL,
  `USER_ID_` varchar(255) CHARACTER SET utf8 COLLATE utf8_bin DEFAULT NULL,
  `GROUP_ID_` varchar(255) CHARACTER SET utf8 COLLATE utf8_bin DEFAULT NULL,
  PRIMARY KEY (`ID_`) USING BTREE,
  INDEX `ACT_FK_PRIV_MAPPING`(`PRIV_ID_`) USING BTREE,
  INDEX `ACT_IDX_PRIV_USER`(`USER_ID_`) USING BTREE,
  INDEX `ACT_IDX_PRIV_GROUP`(`GROUP_ID_`) USING BTREE,
  CONSTRAINT `ACT_FK_PRIV_MAPPING` FOREIGN KEY (`PRIV_ID_`) REFERENCES `ACT_ID_PRIV` (`ID_`) ON DELETE RESTRICT ON UPDATE RESTRICT
) ENGINE = InnoDB CHARACTER SET = utf8 COLLATE = utf8_bin ROW_FORMAT = Compact;

-- ----------------------------
-- Table structure for ACT_ID_PROPERTY
-- ----------------------------
DROP TABLE IF EXISTS `ACT_ID_PROPERTY`;
CREATE TABLE `ACT_ID_PROPERTY`  (
  `NAME_` varchar(64) CHARACTER SET utf8 COLLATE utf8_bin NOT NULL DEFAULT '',
  `VALUE_` varchar(300) CHARACTER SET utf8 COLLATE utf8_bin DEFAULT NULL,
  `REV_` int(11) DEFAULT NULL,
  PRIMARY KEY (`NAME_`) USING BTREE
) ENGINE = InnoDB CHARACTER SET = utf8 COLLATE = utf8_bin ROW_FORMAT = Compact;

-- ----------------------------
-- Records of ACT_ID_PROPERTY
-- ----------------------------
INSERT INTO `ACT_ID_PROPERTY` VALUES ('schema.version', '6.4.0.0', 1);

-- ----------------------------
-- Table structure for ACT_ID_TOKEN
-- ----------------------------
DROP TABLE IF EXISTS `ACT_ID_TOKEN`;
CREATE TABLE `ACT_ID_TOKEN`  (
  `ID_` varchar(64) CHARACTER SET utf8 COLLATE utf8_bin NOT NULL,
  `REV_` int(11) DEFAULT NULL,
  `TOKEN_VALUE_` varchar(255) CHARACTER SET utf8 COLLATE utf8_bin DEFAULT NULL,
  `TOKEN_DATE_` timestamp(3) NOT NULL DEFAULT CURRENT_TIMESTAMP(3) ON UPDATE CURRENT_TIMESTAMP(3),
  `IP_ADDRESS_` varchar(255) CHARACTER SET utf8 COLLATE utf8_bin DEFAULT NULL,
  `USER_AGENT_` varchar(255) CHARACTER SET utf8 COLLATE utf8_bin DEFAULT NULL,
  `USER_ID_` varchar(255) CHARACTER SET utf8 COLLATE utf8_bin DEFAULT NULL,
  `TOKEN_DATA_` varchar(2000) CHARACTER SET utf8 COLLATE utf8_bin DEFAULT NULL,
  PRIMARY KEY (`ID_`) USING BTREE
) ENGINE = InnoDB CHARACTER SET = utf8 COLLATE = utf8_bin ROW_FORMAT = Compact;

-- ----------------------------
-- Table structure for ACT_ID_USER
-- ----------------------------
DROP TABLE IF EXISTS `ACT_ID_USER`;
CREATE TABLE `ACT_ID_USER`  (
  `ID_` varchar(64) CHARACTER SET utf8 COLLATE utf8_bin NOT NULL DEFAULT '',
  `REV_` int(11) DEFAULT NULL,
  `FIRST_` varchar(255) CHARACTER SET utf8 COLLATE utf8_bin DEFAULT NULL,
  `LAST_` varchar(255) CHARACTER SET utf8 COLLATE utf8_bin DEFAULT NULL,
  `DISPLAY_NAME_` varchar(255) CHARACTER SET utf8 COLLATE utf8_bin DEFAULT NULL,
  `EMAIL_` varchar(255) CHARACTER SET utf8 COLLATE utf8_bin DEFAULT NULL,
  `PWD_` varchar(255) CHARACTER SET utf8 COLLATE utf8_bin DEFAULT NULL,
  `PICTURE_ID_` varchar(64) CHARACTER SET utf8 COLLATE utf8_bin DEFAULT NULL,
  `TENANT_ID_` varchar(255) CHARACTER SET utf8 COLLATE utf8_bin DEFAULT '',
  PRIMARY KEY (`ID_`) USING BTREE
) ENGINE = InnoDB CHARACTER SET = utf8 COLLATE = utf8_bin ROW_FORMAT = Compact;

-- ----------------------------
-- Table structure for ACT_PROCDEF_INFO
-- ----------------------------
DROP TABLE IF EXISTS `ACT_PROCDEF_INFO`;
CREATE TABLE `ACT_PROCDEF_INFO`  (
  `ID_` varchar(64) CHARACTER SET utf8 COLLATE utf8_bin NOT NULL,
  `PROC_DEF_ID_` varchar(64) CHARACTER SET utf8 COLLATE utf8_bin NOT NULL,
  `REV_` int(11) DEFAULT NULL,
  `INFO_JSON_ID_` varchar(64) CHARACTER SET utf8 COLLATE utf8_bin DEFAULT NULL,
  PRIMARY KEY (`ID_`) USING BTREE,
  UNIQUE INDEX `ACT_UNIQ_INFO_PROCDEF`(`PROC_DEF_ID_`) USING BTREE,
  INDEX `ACT_IDX_INFO_PROCDEF`(`PROC_DEF_ID_`) USING BTREE,
  INDEX `ACT_FK_INFO_JSON_BA`(`INFO_JSON_ID_`) USING BTREE,
  CONSTRAINT `ACT_FK_INFO_JSON_BA` FOREIGN KEY (`INFO_JSON_ID_`) REFERENCES `ACT_GE_BYTEARRAY` (`ID_`) ON DELETE RESTRICT ON UPDATE RESTRICT,
  CONSTRAINT `ACT_FK_INFO_PROCDEF` FOREIGN KEY (`PROC_DEF_ID_`) REFERENCES `ACT_RE_PROCDEF` (`ID_`) ON DELETE RESTRICT ON UPDATE RESTRICT
) ENGINE = InnoDB CHARACTER SET = utf8 COLLATE = utf8_bin ROW_FORMAT = Compact;

-- ----------------------------
-- Table structure for ACT_RE_DEPLOYMENT
-- ----------------------------
DROP TABLE IF EXISTS `ACT_RE_DEPLOYMENT`;
CREATE TABLE `ACT_RE_DEPLOYMENT`  (
  `ID_` varchar(64) CHARACTER SET utf8 COLLATE utf8_bin NOT NULL DEFAULT '',
  `NAME_` varchar(255) CHARACTER SET utf8 COLLATE utf8_bin DEFAULT NULL,
  `CATEGORY_` varchar(255) CHARACTER SET utf8 COLLATE utf8_bin DEFAULT NULL,
  `KEY_` varchar(255) CHARACTER SET utf8 COLLATE utf8_bin DEFAULT NULL,
  `TENANT_ID_` varchar(255) CHARACTER SET utf8 COLLATE utf8_bin DEFAULT '',
  `DEPLOY_TIME_` timestamp(3) DEFAULT NULL,
  `DERIVED_FROM_` varchar(64) CHARACTER SET utf8 COLLATE utf8_bin DEFAULT NULL,
  `DERIVED_FROM_ROOT_` varchar(64) CHARACTER SET utf8 COLLATE utf8_bin DEFAULT NULL,
  `PARENT_DEPLOYMENT_ID_` varchar(255) CHARACTER SET utf8 COLLATE utf8_bin DEFAULT NULL,
  `ENGINE_VERSION_` varchar(255) CHARACTER SET utf8 COLLATE utf8_bin DEFAULT NULL,
  PRIMARY KEY (`ID_`) USING BTREE
) ENGINE = InnoDB CHARACTER SET = utf8 COLLATE = utf8_bin ROW_FORMAT = Compact;

-- ----------------------------
-- Records of ACT_RE_DEPLOYMENT
-- ----------------------------
INSERT INTO `ACT_RE_DEPLOYMENT` VALUES ('b3c7bd41-4af7-11e9-a8a6-144f8ac1fca1', '??.zip', NULL, '测试', '', '2019-03-20 18:05:34.510', NULL, NULL, 'b3bd35ed-4af7-11e9-a8a6-144f8ac1fca1', NULL);
INSERT INTO `ACT_RE_DEPLOYMENT` VALUES ('b7594879-4af7-11e9-a8a6-144f8ac1fca1', '??.zip', NULL, '测试', '', '2019-03-20 18:05:40.497', NULL, NULL, 'b7583705-4af7-11e9-a8a6-144f8ac1fca1', NULL);
INSERT INTO `ACT_RE_DEPLOYMENT` VALUES ('e02cae04-4af8-11e9-a8a6-144f8ac1fca1', '?.zip', NULL, '官', '', '2019-03-20 18:13:58.488', NULL, NULL, 'e02c5fdc-4af8-11e9-a8a6-144f8ac1fca1', NULL);
INSERT INTO `ACT_RE_DEPLOYMENT` VALUES ('f46a85e1-4af7-11e9-a8a6-144f8ac1fca1', '??11.zip', NULL, '官方11', '', '2019-03-20 18:07:22.951', NULL, NULL, 'f46a10ad-4af7-11e9-a8a6-144f8ac1fca1', NULL);

-- ----------------------------
-- Table structure for ACT_RE_MODEL
-- ----------------------------
DROP TABLE IF EXISTS `ACT_RE_MODEL`;
CREATE TABLE `ACT_RE_MODEL`  (
  `ID_` varchar(64) CHARACTER SET utf8 COLLATE utf8_bin NOT NULL,
  `REV_` int(11) DEFAULT NULL,
  `NAME_` varchar(255) CHARACTER SET utf8 COLLATE utf8_bin DEFAULT NULL,
  `KEY_` varchar(255) CHARACTER SET utf8 COLLATE utf8_bin DEFAULT NULL,
  `CATEGORY_` varchar(255) CHARACTER SET utf8 COLLATE utf8_bin DEFAULT NULL,
  `CREATE_TIME_` timestamp(3) DEFAULT NULL,
  `LAST_UPDATE_TIME_` timestamp(3) DEFAULT NULL,
  `VERSION_` int(11) DEFAULT NULL,
  `META_INFO_` varchar(4000) CHARACTER SET utf8 COLLATE utf8_bin DEFAULT NULL,
  `DEPLOYMENT_ID_` varchar(64) CHARACTER SET utf8 COLLATE utf8_bin DEFAULT NULL,
  `EDITOR_SOURCE_VALUE_ID_` varchar(64) CHARACTER SET utf8 COLLATE utf8_bin DEFAULT NULL,
  `EDITOR_SOURCE_EXTRA_VALUE_ID_` varchar(64) CHARACTER SET utf8 COLLATE utf8_bin DEFAULT NULL,
  `TENANT_ID_` varchar(255) CHARACTER SET utf8 COLLATE utf8_bin DEFAULT '',
  PRIMARY KEY (`ID_`) USING BTREE,
  INDEX `ACT_FK_MODEL_SOURCE`(`EDITOR_SOURCE_VALUE_ID_`) USING BTREE,
  INDEX `ACT_FK_MODEL_SOURCE_EXTRA`(`EDITOR_SOURCE_EXTRA_VALUE_ID_`) USING BTREE,
  INDEX `ACT_FK_MODEL_DEPLOYMENT`(`DEPLOYMENT_ID_`) USING BTREE,
  CONSTRAINT `ACT_FK_MODEL_DEPLOYMENT` FOREIGN KEY (`DEPLOYMENT_ID_`) REFERENCES `ACT_RE_DEPLOYMENT` (`ID_`) ON DELETE RESTRICT ON UPDATE RESTRICT,
  CONSTRAINT `ACT_FK_MODEL_SOURCE` FOREIGN KEY (`EDITOR_SOURCE_VALUE_ID_`) REFERENCES `ACT_GE_BYTEARRAY` (`ID_`) ON DELETE RESTRICT ON UPDATE RESTRICT,
  CONSTRAINT `ACT_FK_MODEL_SOURCE_EXTRA` FOREIGN KEY (`EDITOR_SOURCE_EXTRA_VALUE_ID_`) REFERENCES `ACT_GE_BYTEARRAY` (`ID_`) ON DELETE RESTRICT ON UPDATE RESTRICT
) ENGINE = InnoDB CHARACTER SET = utf8 COLLATE = utf8_bin ROW_FORMAT = Compact;

-- ----------------------------
-- Table structure for ACT_RE_PROCDEF
-- ----------------------------
DROP TABLE IF EXISTS `ACT_RE_PROCDEF`;
CREATE TABLE `ACT_RE_PROCDEF`  (
  `ID_` varchar(64) CHARACTER SET utf8 COLLATE utf8_bin NOT NULL,
  `REV_` int(11) DEFAULT NULL,
  `CATEGORY_` varchar(255) CHARACTER SET utf8 COLLATE utf8_bin DEFAULT NULL,
  `NAME_` varchar(255) CHARACTER SET utf8 COLLATE utf8_bin DEFAULT NULL,
  `KEY_` varchar(255) CHARACTER SET utf8 COLLATE utf8_bin NOT NULL,
  `VERSION_` int(11) NOT NULL,
  `DEPLOYMENT_ID_` varchar(64) CHARACTER SET utf8 COLLATE utf8_bin DEFAULT NULL,
  `RESOURCE_NAME_` varchar(4000) CHARACTER SET utf8 COLLATE utf8_bin DEFAULT NULL,
  `DGRM_RESOURCE_NAME_` varchar(4000) CHARACTER SET utf8 COLLATE utf8_bin DEFAULT NULL,
  `DESCRIPTION_` varchar(4000) CHARACTER SET utf8 COLLATE utf8_bin DEFAULT NULL,
  `HAS_START_FORM_KEY_` tinyint(4) DEFAULT NULL,
  `HAS_GRAPHICAL_NOTATION_` tinyint(4) DEFAULT NULL,
  `SUSPENSION_STATE_` int(11) DEFAULT NULL,
  `TENANT_ID_` varchar(255) CHARACTER SET utf8 COLLATE utf8_bin DEFAULT '',
  `ENGINE_VERSION_` varchar(255) CHARACTER SET utf8 COLLATE utf8_bin DEFAULT NULL,
  `DERIVED_FROM_` varchar(64) CHARACTER SET utf8 COLLATE utf8_bin DEFAULT NULL,
  `DERIVED_FROM_ROOT_` varchar(64) CHARACTER SET utf8 COLLATE utf8_bin DEFAULT NULL,
  `DERIVED_VERSION_` int(11) NOT NULL DEFAULT 0,
  PRIMARY KEY (`ID_`) USING BTREE,
  UNIQUE INDEX `ACT_UNIQ_PROCDEF`(`KEY_`, `VERSION_`, `DERIVED_VERSION_`, `TENANT_ID_`) USING BTREE
) ENGINE = InnoDB CHARACTER SET = utf8 COLLATE = utf8_bin ROW_FORMAT = Compact;

-- ----------------------------
-- Records of ACT_RE_PROCDEF
-- ----------------------------
INSERT INTO `ACT_RE_PROCDEF` VALUES ('官方流程pgg:1:e0593c47-4af8-11e9-a8a6-144f8ac1fca1', 1, 'http://www.flowable.org/processdef', '官方流程', '官方流程pgg', 1, 'e02cae04-4af8-11e9-a8a6-144f8ac1fca1', '官方流程pgg.bpmn', '官方流程pgg.官方流程pgg.png', NULL, 1, 1, 1, '', NULL, NULL, NULL, 0);
INSERT INTO `ACT_RE_PROCDEF` VALUES ('测试:1:b445c6e4-4af7-11e9-a8a6-144f8ac1fca1', 1, 'http://www.flowable.org/processdef', '测试c', '测试', 1, 'b3c7bd41-4af7-11e9-a8a6-144f8ac1fca1', '测试.bpmn', '测试.测试.png', NULL, 0, 1, 1, '', NULL, NULL, NULL, 0);
INSERT INTO `ACT_RE_PROCDEF` VALUES ('测试:2:b779efdc-4af7-11e9-a8a6-144f8ac1fca1', 1, 'http://www.flowable.org/processdef', '测试c', '测试', 2, 'b7594879-4af7-11e9-a8a6-144f8ac1fca1', '测试.bpmn', '测试.测试.png', NULL, 0, 1, 1, '', NULL, NULL, NULL, 0);
INSERT INTO `ACT_RE_PROCDEF` VALUES ('测试:3:f48e1374-4af7-11e9-a8a6-144f8ac1fca1', 1, 'http://www.flowable.org/processdef', '测试c', '测试', 3, 'f46a85e1-4af7-11e9-a8a6-144f8ac1fca1', '测试.bpmn', '测试.测试.png', NULL, 0, 1, 1, '', NULL, NULL, NULL, 0);

-- ----------------------------
-- Table structure for ACT_RU_DEADLETTER_JOB
-- ----------------------------
DROP TABLE IF EXISTS `ACT_RU_DEADLETTER_JOB`;
CREATE TABLE `ACT_RU_DEADLETTER_JOB`  (
  `ID_` varchar(64) CHARACTER SET utf8 COLLATE utf8_bin NOT NULL,
  `REV_` int(11) DEFAULT NULL,
  `TYPE_` varchar(255) CHARACTER SET utf8 COLLATE utf8_bin NOT NULL,
  `EXCLUSIVE_` tinyint(1) DEFAULT NULL,
  `EXECUTION_ID_` varchar(64) CHARACTER SET utf8 COLLATE utf8_bin DEFAULT NULL,
  `PROCESS_INSTANCE_ID_` varchar(64) CHARACTER SET utf8 COLLATE utf8_bin DEFAULT NULL,
  `PROC_DEF_ID_` varchar(64) CHARACTER SET utf8 COLLATE utf8_bin DEFAULT NULL,
  `SCOPE_ID_` varchar(255) CHARACTER SET utf8 COLLATE utf8_bin DEFAULT NULL,
  `SUB_SCOPE_ID_` varchar(255) CHARACTER SET utf8 COLLATE utf8_bin DEFAULT NULL,
  `SCOPE_TYPE_` varchar(255) CHARACTER SET utf8 COLLATE utf8_bin DEFAULT NULL,
  `SCOPE_DEFINITION_ID_` varchar(255) CHARACTER SET utf8 COLLATE utf8_bin DEFAULT NULL,
  `EXCEPTION_STACK_ID_` varchar(64) CHARACTER SET utf8 COLLATE utf8_bin DEFAULT NULL,
  `EXCEPTION_MSG_` varchar(4000) CHARACTER SET utf8 COLLATE utf8_bin DEFAULT NULL,
  `DUEDATE_` timestamp(3) DEFAULT NULL,
  `REPEAT_` varchar(255) CHARACTER SET utf8 COLLATE utf8_bin DEFAULT NULL,
  `HANDLER_TYPE_` varchar(255) CHARACTER SET utf8 COLLATE utf8_bin DEFAULT NULL,
  `HANDLER_CFG_` varchar(4000) CHARACTER SET utf8 COLLATE utf8_bin DEFAULT NULL,
  `CUSTOM_VALUES_ID_` varchar(64) CHARACTER SET utf8 COLLATE utf8_bin DEFAULT NULL,
  `CREATE_TIME_` timestamp(3) DEFAULT NULL,
  `TENANT_ID_` varchar(255) CHARACTER SET utf8 COLLATE utf8_bin DEFAULT '',
  PRIMARY KEY (`ID_`) USING BTREE,
  INDEX `ACT_IDX_DEADLETTER_JOB_EXCEPTION_STACK_ID`(`EXCEPTION_STACK_ID_`) USING BTREE,
  INDEX `ACT_IDX_DEADLETTER_JOB_CUSTOM_VALUES_ID`(`CUSTOM_VALUES_ID_`) USING BTREE,
  INDEX `ACT_IDX_DJOB_SCOPE`(`SCOPE_ID_`, `SCOPE_TYPE_`) USING BTREE,
  INDEX `ACT_IDX_DJOB_SUB_SCOPE`(`SUB_SCOPE_ID_`, `SCOPE_TYPE_`) USING BTREE,
  INDEX `ACT_IDX_DJOB_SCOPE_DEF`(`SCOPE_DEFINITION_ID_`, `SCOPE_TYPE_`) USING BTREE,
  INDEX `ACT_FK_DEADLETTER_JOB_EXECUTION`(`EXECUTION_ID_`) USING BTREE,
  INDEX `ACT_FK_DEADLETTER_JOB_PROCESS_INSTANCE`(`PROCESS_INSTANCE_ID_`) USING BTREE,
  INDEX `ACT_FK_DEADLETTER_JOB_PROC_DEF`(`PROC_DEF_ID_`) USING BTREE,
  CONSTRAINT `ACT_FK_DEADLETTER_JOB_CUSTOM_VALUES` FOREIGN KEY (`CUSTOM_VALUES_ID_`) REFERENCES `ACT_GE_BYTEARRAY` (`ID_`) ON DELETE RESTRICT ON UPDATE RESTRICT,
  CONSTRAINT `ACT_FK_DEADLETTER_JOB_EXCEPTION` FOREIGN KEY (`EXCEPTION_STACK_ID_`) REFERENCES `ACT_GE_BYTEARRAY` (`ID_`) ON DELETE RESTRICT ON UPDATE RESTRICT,
  CONSTRAINT `ACT_FK_DEADLETTER_JOB_EXECUTION` FOREIGN KEY (`EXECUTION_ID_`) REFERENCES `ACT_RU_EXECUTION` (`ID_`) ON DELETE RESTRICT ON UPDATE RESTRICT,
  CONSTRAINT `ACT_FK_DEADLETTER_JOB_PROCESS_INSTANCE` FOREIGN KEY (`PROCESS_INSTANCE_ID_`) REFERENCES `ACT_RU_EXECUTION` (`ID_`) ON DELETE RESTRICT ON UPDATE RESTRICT,
  CONSTRAINT `ACT_FK_DEADLETTER_JOB_PROC_DEF` FOREIGN KEY (`PROC_DEF_ID_`) REFERENCES `ACT_RE_PROCDEF` (`ID_`) ON DELETE RESTRICT ON UPDATE RESTRICT
) ENGINE = InnoDB CHARACTER SET = utf8 COLLATE = utf8_bin ROW_FORMAT = Compact;

-- ----------------------------
-- Table structure for ACT_RU_EVENT_SUBSCR
-- ----------------------------
DROP TABLE IF EXISTS `ACT_RU_EVENT_SUBSCR`;
CREATE TABLE `ACT_RU_EVENT_SUBSCR`  (
  `ID_` varchar(64) CHARACTER SET utf8 COLLATE utf8_bin NOT NULL,
  `REV_` int(11) DEFAULT NULL,
  `EVENT_TYPE_` varchar(255) CHARACTER SET utf8 COLLATE utf8_bin NOT NULL,
  `EVENT_NAME_` varchar(255) CHARACTER SET utf8 COLLATE utf8_bin DEFAULT NULL,
  `EXECUTION_ID_` varchar(64) CHARACTER SET utf8 COLLATE utf8_bin DEFAULT NULL,
  `PROC_INST_ID_` varchar(64) CHARACTER SET utf8 COLLATE utf8_bin DEFAULT NULL,
  `ACTIVITY_ID_` varchar(64) CHARACTER SET utf8 COLLATE utf8_bin DEFAULT NULL,
  `CONFIGURATION_` varchar(255) CHARACTER SET utf8 COLLATE utf8_bin DEFAULT NULL,
  `CREATED_` timestamp(3) NOT NULL DEFAULT CURRENT_TIMESTAMP(3),
  `PROC_DEF_ID_` varchar(64) CHARACTER SET utf8 COLLATE utf8_bin DEFAULT NULL,
  `TENANT_ID_` varchar(255) CHARACTER SET utf8 COLLATE utf8_bin DEFAULT '',
  PRIMARY KEY (`ID_`) USING BTREE,
  INDEX `ACT_IDX_EVENT_SUBSCR_CONFIG_`(`CONFIGURATION_`) USING BTREE,
  INDEX `ACT_FK_EVENT_EXEC`(`EXECUTION_ID_`) USING BTREE,
  CONSTRAINT `ACT_FK_EVENT_EXEC` FOREIGN KEY (`EXECUTION_ID_`) REFERENCES `ACT_RU_EXECUTION` (`ID_`) ON DELETE RESTRICT ON UPDATE RESTRICT
) ENGINE = InnoDB CHARACTER SET = utf8 COLLATE = utf8_bin ROW_FORMAT = Compact;

-- ----------------------------
-- Table structure for ACT_RU_EXECUTION
-- ----------------------------
DROP TABLE IF EXISTS `ACT_RU_EXECUTION`;
CREATE TABLE `ACT_RU_EXECUTION`  (
  `ID_` varchar(64) CHARACTER SET utf8 COLLATE utf8_bin NOT NULL DEFAULT '',
  `REV_` int(11) DEFAULT NULL,
  `PROC_INST_ID_` varchar(64) CHARACTER SET utf8 COLLATE utf8_bin DEFAULT NULL,
  `BUSINESS_KEY_` varchar(255) CHARACTER SET utf8 COLLATE utf8_bin DEFAULT NULL,
  `PARENT_ID_` varchar(64) CHARACTER SET utf8 COLLATE utf8_bin DEFAULT NULL,
  `PROC_DEF_ID_` varchar(64) CHARACTER SET utf8 COLLATE utf8_bin DEFAULT NULL,
  `SUPER_EXEC_` varchar(64) CHARACTER SET utf8 COLLATE utf8_bin DEFAULT NULL,
  `ROOT_PROC_INST_ID_` varchar(64) CHARACTER SET utf8 COLLATE utf8_bin DEFAULT NULL,
  `ACT_ID_` varchar(255) CHARACTER SET utf8 COLLATE utf8_bin DEFAULT NULL,
  `IS_ACTIVE_` tinyint(4) DEFAULT NULL,
  `IS_CONCURRENT_` tinyint(4) DEFAULT NULL,
  `IS_SCOPE_` tinyint(4) DEFAULT NULL,
  `IS_EVENT_SCOPE_` tinyint(4) DEFAULT NULL,
  `IS_MI_ROOT_` tinyint(4) DEFAULT NULL,
  `SUSPENSION_STATE_` int(11) DEFAULT NULL,
  `CACHED_ENT_STATE_` int(11) DEFAULT NULL,
  `TENANT_ID_` varchar(255) CHARACTER SET utf8 COLLATE utf8_bin DEFAULT '',
  `NAME_` varchar(255) CHARACTER SET utf8 COLLATE utf8_bin DEFAULT NULL,
  `START_ACT_ID_` varchar(255) CHARACTER SET utf8 COLLATE utf8_bin DEFAULT NULL,
  `START_TIME_` datetime(3) DEFAULT NULL,
  `START_USER_ID_` varchar(255) CHARACTER SET utf8 COLLATE utf8_bin DEFAULT NULL,
  `LOCK_TIME_` timestamp(3) DEFAULT NULL,
  `IS_COUNT_ENABLED_` tinyint(4) DEFAULT NULL,
  `EVT_SUBSCR_COUNT_` int(11) DEFAULT NULL,
  `TASK_COUNT_` int(11) DEFAULT NULL,
  `JOB_COUNT_` int(11) DEFAULT NULL,
  `TIMER_JOB_COUNT_` int(11) DEFAULT NULL,
  `SUSP_JOB_COUNT_` int(11) DEFAULT NULL,
  `DEADLETTER_JOB_COUNT_` int(11) DEFAULT NULL,
  `VAR_COUNT_` int(11) DEFAULT NULL,
  `ID_LINK_COUNT_` int(11) DEFAULT NULL,
  `CALLBACK_ID_` varchar(255) CHARACTER SET utf8 COLLATE utf8_bin DEFAULT NULL,
  `CALLBACK_TYPE_` varchar(255) CHARACTER SET utf8 COLLATE utf8_bin DEFAULT NULL,
  PRIMARY KEY (`ID_`) USING BTREE,
  INDEX `ACT_IDX_EXEC_BUSKEY`(`BUSINESS_KEY_`) USING BTREE,
  INDEX `ACT_IDC_EXEC_ROOT`(`ROOT_PROC_INST_ID_`) USING BTREE,
  INDEX `ACT_FK_EXE_PROCINST`(`PROC_INST_ID_`) USING BTREE,
  INDEX `ACT_FK_EXE_PARENT`(`PARENT_ID_`) USING BTREE,
  INDEX `ACT_FK_EXE_SUPER`(`SUPER_EXEC_`) USING BTREE,
  INDEX `ACT_FK_EXE_PROCDEF`(`PROC_DEF_ID_`) USING BTREE,
  CONSTRAINT `ACT_FK_EXE_PARENT` FOREIGN KEY (`PARENT_ID_`) REFERENCES `ACT_RU_EXECUTION` (`ID_`) ON DELETE CASCADE ON UPDATE RESTRICT,
  CONSTRAINT `ACT_FK_EXE_PROCDEF` FOREIGN KEY (`PROC_DEF_ID_`) REFERENCES `ACT_RE_PROCDEF` (`ID_`) ON DELETE RESTRICT ON UPDATE RESTRICT,
  CONSTRAINT `ACT_FK_EXE_PROCINST` FOREIGN KEY (`PROC_INST_ID_`) REFERENCES `ACT_RU_EXECUTION` (`ID_`) ON DELETE CASCADE ON UPDATE CASCADE,
  CONSTRAINT `ACT_FK_EXE_SUPER` FOREIGN KEY (`SUPER_EXEC_`) REFERENCES `ACT_RU_EXECUTION` (`ID_`) ON DELETE CASCADE ON UPDATE RESTRICT
) ENGINE = InnoDB CHARACTER SET = utf8 COLLATE = utf8_bin ROW_FORMAT = Compact;

-- ----------------------------
-- Records of ACT_RU_EXECUTION
-- ----------------------------
INSERT INTO `ACT_RU_EXECUTION` VALUES ('226cfa01-4af9-11e9-a8a6-144f8ac1fca1', 1, '226cfa01-4af9-11e9-a8a6-144f8ac1fca1', NULL, NULL, '官方流程pgg:1:e0593c47-4af8-11e9-a8a6-144f8ac1fca1', NULL, '226cfa01-4af9-11e9-a8a6-144f8ac1fca1', NULL, 1, 0, 1, 0, 0, 1, NULL, '', '官方流程 - March 20th 2019', 'startEvent1', '2019-03-20 18:15:49.639', 'admin', NULL, 1, 0, 0, 0, 0, 0, 0, 0, 0, NULL, NULL);
INSERT INTO `ACT_RU_EXECUTION` VALUES ('226cfa05-4af9-11e9-a8a6-144f8ac1fca1', 1, '226cfa01-4af9-11e9-a8a6-144f8ac1fca1', NULL, '226cfa01-4af9-11e9-a8a6-144f8ac1fca1', '官方流程pgg:1:e0593c47-4af8-11e9-a8a6-144f8ac1fca1', NULL, '226cfa01-4af9-11e9-a8a6-144f8ac1fca1', 'sid-EB159CA6-00D2-4498-A49F-6D7B88B674F9', 1, 0, 0, 0, 0, 1, NULL, '', NULL, NULL, '2019-03-20 18:15:49.639', NULL, NULL, 1, 0, 1, 0, 0, 0, 0, 0, 0, NULL, NULL);
INSERT INTO `ACT_RU_EXECUTION` VALUES ('a0d5ed65-4af8-11e9-a8a6-144f8ac1fca1', 1, 'a0d5ed65-4af8-11e9-a8a6-144f8ac1fca1', NULL, NULL, '测试:3:f48e1374-4af7-11e9-a8a6-144f8ac1fca1', NULL, 'a0d5ed65-4af8-11e9-a8a6-144f8ac1fca1', NULL, 1, 0, 1, 0, 0, 1, NULL, '', '测试c - March 20th 2019', 'startEvent1', '2019-03-20 18:12:12.223', 'admin', NULL, 1, 0, 0, 0, 0, 0, 0, 0, 0, NULL, NULL);
INSERT INTO `ACT_RU_EXECUTION` VALUES ('a0d6fed8-4af8-11e9-a8a6-144f8ac1fca1', 1, 'a0d5ed65-4af8-11e9-a8a6-144f8ac1fca1', NULL, 'a0d5ed65-4af8-11e9-a8a6-144f8ac1fca1', '测试:3:f48e1374-4af7-11e9-a8a6-144f8ac1fca1', NULL, 'a0d5ed65-4af8-11e9-a8a6-144f8ac1fca1', 'sid-01B65C3F-855F-4035-B142-E6AF97FE2988', 1, 0, 0, 0, 0, 1, NULL, '', NULL, NULL, '2019-03-20 18:12:12.230', NULL, NULL, 1, 0, 1, 0, 0, 0, 0, 0, 0, NULL, NULL);

-- ----------------------------
-- Table structure for ACT_RU_HISTORY_JOB
-- ----------------------------
DROP TABLE IF EXISTS `ACT_RU_HISTORY_JOB`;
CREATE TABLE `ACT_RU_HISTORY_JOB`  (
  `ID_` varchar(64) CHARACTER SET utf8 COLLATE utf8_bin NOT NULL,
  `REV_` int(11) DEFAULT NULL,
  `LOCK_EXP_TIME_` timestamp(3) DEFAULT NULL,
  `LOCK_OWNER_` varchar(255) CHARACTER SET utf8 COLLATE utf8_bin DEFAULT NULL,
  `RETRIES_` int(11) DEFAULT NULL,
  `EXCEPTION_STACK_ID_` varchar(64) CHARACTER SET utf8 COLLATE utf8_bin DEFAULT NULL,
  `EXCEPTION_MSG_` varchar(4000) CHARACTER SET utf8 COLLATE utf8_bin DEFAULT NULL,
  `HANDLER_TYPE_` varchar(255) CHARACTER SET utf8 COLLATE utf8_bin DEFAULT NULL,
  `HANDLER_CFG_` varchar(4000) CHARACTER SET utf8 COLLATE utf8_bin DEFAULT NULL,
  `CUSTOM_VALUES_ID_` varchar(64) CHARACTER SET utf8 COLLATE utf8_bin DEFAULT NULL,
  `ADV_HANDLER_CFG_ID_` varchar(64) CHARACTER SET utf8 COLLATE utf8_bin DEFAULT NULL,
  `CREATE_TIME_` timestamp(3) DEFAULT NULL,
  `SCOPE_TYPE_` varchar(255) CHARACTER SET utf8 COLLATE utf8_bin DEFAULT NULL,
  `TENANT_ID_` varchar(255) CHARACTER SET utf8 COLLATE utf8_bin DEFAULT '',
  PRIMARY KEY (`ID_`) USING BTREE
) ENGINE = InnoDB CHARACTER SET = utf8 COLLATE = utf8_bin ROW_FORMAT = Compact;

-- ----------------------------
-- Table structure for ACT_RU_IDENTITYLINK
-- ----------------------------
DROP TABLE IF EXISTS `ACT_RU_IDENTITYLINK`;
CREATE TABLE `ACT_RU_IDENTITYLINK`  (
  `ID_` varchar(64) CHARACTER SET utf8 COLLATE utf8_bin NOT NULL DEFAULT '',
  `REV_` int(11) DEFAULT NULL,
  `GROUP_ID_` varchar(255) CHARACTER SET utf8 COLLATE utf8_bin DEFAULT NULL,
  `TYPE_` varchar(255) CHARACTER SET utf8 COLLATE utf8_bin DEFAULT NULL,
  `USER_ID_` varchar(255) CHARACTER SET utf8 COLLATE utf8_bin DEFAULT NULL,
  `TASK_ID_` varchar(64) CHARACTER SET utf8 COLLATE utf8_bin DEFAULT NULL,
  `PROC_INST_ID_` varchar(64) CHARACTER SET utf8 COLLATE utf8_bin DEFAULT NULL,
  `PROC_DEF_ID_` varchar(64) CHARACTER SET utf8 COLLATE utf8_bin DEFAULT NULL,
  `SCOPE_ID_` varchar(255) CHARACTER SET utf8 COLLATE utf8_bin DEFAULT NULL,
  `SCOPE_TYPE_` varchar(255) CHARACTER SET utf8 COLLATE utf8_bin DEFAULT NULL,
  `SCOPE_DEFINITION_ID_` varchar(255) CHARACTER SET utf8 COLLATE utf8_bin DEFAULT NULL,
  PRIMARY KEY (`ID_`) USING BTREE,
  INDEX `ACT_IDX_IDENT_LNK_USER`(`USER_ID_`) USING BTREE,
  INDEX `ACT_IDX_IDENT_LNK_GROUP`(`GROUP_ID_`) USING BTREE,
  INDEX `ACT_IDX_IDENT_LNK_SCOPE`(`SCOPE_ID_`, `SCOPE_TYPE_`) USING BTREE,
  INDEX `ACT_IDX_IDENT_LNK_SCOPE_DEF`(`SCOPE_DEFINITION_ID_`, `SCOPE_TYPE_`) USING BTREE,
  INDEX `ACT_IDX_ATHRZ_PROCEDEF`(`PROC_DEF_ID_`) USING BTREE,
  INDEX `ACT_FK_TSKASS_TASK`(`TASK_ID_`) USING BTREE,
  INDEX `ACT_FK_IDL_PROCINST`(`PROC_INST_ID_`) USING BTREE,
  CONSTRAINT `ACT_FK_ATHRZ_PROCEDEF` FOREIGN KEY (`PROC_DEF_ID_`) REFERENCES `ACT_RE_PROCDEF` (`ID_`) ON DELETE RESTRICT ON UPDATE RESTRICT,
  CONSTRAINT `ACT_FK_IDL_PROCINST` FOREIGN KEY (`PROC_INST_ID_`) REFERENCES `ACT_RU_EXECUTION` (`ID_`) ON DELETE RESTRICT ON UPDATE RESTRICT,
  CONSTRAINT `ACT_FK_TSKASS_TASK` FOREIGN KEY (`TASK_ID_`) REFERENCES `ACT_RU_TASK` (`ID_`) ON DELETE RESTRICT ON UPDATE RESTRICT
) ENGINE = InnoDB CHARACTER SET = utf8 COLLATE = utf8_bin ROW_FORMAT = Compact;

-- ----------------------------
-- Records of ACT_RU_IDENTITYLINK
-- ----------------------------
INSERT INTO `ACT_RU_IDENTITYLINK` VALUES ('226cfa03-4af9-11e9-a8a6-144f8ac1fca1', 1, NULL, 'starter', 'admin', NULL, '226cfa01-4af9-11e9-a8a6-144f8ac1fca1', NULL, NULL, NULL, NULL);
INSERT INTO `ACT_RU_IDENTITYLINK` VALUES ('2277815c-4af9-11e9-a8a6-144f8ac1fca1', 1, NULL, 'participant', 'admin', NULL, '226cfa01-4af9-11e9-a8a6-144f8ac1fca1', NULL, NULL, NULL, NULL);
INSERT INTO `ACT_RU_IDENTITYLINK` VALUES ('a0d6d7c7-4af8-11e9-a8a6-144f8ac1fca1', 1, NULL, 'starter', 'admin', NULL, 'a0d5ed65-4af8-11e9-a8a6-144f8ac1fca1', NULL, NULL, NULL, NULL);

-- ----------------------------
-- Table structure for ACT_RU_JOB
-- ----------------------------
DROP TABLE IF EXISTS `ACT_RU_JOB`;
CREATE TABLE `ACT_RU_JOB`  (
  `ID_` varchar(64) CHARACTER SET utf8 COLLATE utf8_bin NOT NULL,
  `REV_` int(11) DEFAULT NULL,
  `TYPE_` varchar(255) CHARACTER SET utf8 COLLATE utf8_bin NOT NULL,
  `LOCK_EXP_TIME_` timestamp(3) DEFAULT NULL,
  `LOCK_OWNER_` varchar(255) CHARACTER SET utf8 COLLATE utf8_bin DEFAULT NULL,
  `EXCLUSIVE_` tinyint(1) DEFAULT NULL,
  `EXECUTION_ID_` varchar(64) CHARACTER SET utf8 COLLATE utf8_bin DEFAULT NULL,
  `PROCESS_INSTANCE_ID_` varchar(64) CHARACTER SET utf8 COLLATE utf8_bin DEFAULT NULL,
  `PROC_DEF_ID_` varchar(64) CHARACTER SET utf8 COLLATE utf8_bin DEFAULT NULL,
  `SCOPE_ID_` varchar(255) CHARACTER SET utf8 COLLATE utf8_bin DEFAULT NULL,
  `SUB_SCOPE_ID_` varchar(255) CHARACTER SET utf8 COLLATE utf8_bin DEFAULT NULL,
  `SCOPE_TYPE_` varchar(255) CHARACTER SET utf8 COLLATE utf8_bin DEFAULT NULL,
  `SCOPE_DEFINITION_ID_` varchar(255) CHARACTER SET utf8 COLLATE utf8_bin DEFAULT NULL,
  `RETRIES_` int(11) DEFAULT NULL,
  `EXCEPTION_STACK_ID_` varchar(64) CHARACTER SET utf8 COLLATE utf8_bin DEFAULT NULL,
  `EXCEPTION_MSG_` varchar(4000) CHARACTER SET utf8 COLLATE utf8_bin DEFAULT NULL,
  `DUEDATE_` timestamp(3) DEFAULT NULL,
  `REPEAT_` varchar(255) CHARACTER SET utf8 COLLATE utf8_bin DEFAULT NULL,
  `HANDLER_TYPE_` varchar(255) CHARACTER SET utf8 COLLATE utf8_bin DEFAULT NULL,
  `HANDLER_CFG_` varchar(4000) CHARACTER SET utf8 COLLATE utf8_bin DEFAULT NULL,
  `CUSTOM_VALUES_ID_` varchar(64) CHARACTER SET utf8 COLLATE utf8_bin DEFAULT NULL,
  `CREATE_TIME_` timestamp(3) DEFAULT NULL,
  `TENANT_ID_` varchar(255) CHARACTER SET utf8 COLLATE utf8_bin DEFAULT '',
  PRIMARY KEY (`ID_`) USING BTREE,
  INDEX `ACT_IDX_JOB_EXCEPTION_STACK_ID`(`EXCEPTION_STACK_ID_`) USING BTREE,
  INDEX `ACT_IDX_JOB_CUSTOM_VALUES_ID`(`CUSTOM_VALUES_ID_`) USING BTREE,
  INDEX `ACT_IDX_JOB_SCOPE`(`SCOPE_ID_`, `SCOPE_TYPE_`) USING BTREE,
  INDEX `ACT_IDX_JOB_SUB_SCOPE`(`SUB_SCOPE_ID_`, `SCOPE_TYPE_`) USING BTREE,
  INDEX `ACT_IDX_JOB_SCOPE_DEF`(`SCOPE_DEFINITION_ID_`, `SCOPE_TYPE_`) USING BTREE,
  INDEX `ACT_FK_JOB_EXECUTION`(`EXECUTION_ID_`) USING BTREE,
  INDEX `ACT_FK_JOB_PROCESS_INSTANCE`(`PROCESS_INSTANCE_ID_`) USING BTREE,
  INDEX `ACT_FK_JOB_PROC_DEF`(`PROC_DEF_ID_`) USING BTREE,
  CONSTRAINT `ACT_FK_JOB_CUSTOM_VALUES` FOREIGN KEY (`CUSTOM_VALUES_ID_`) REFERENCES `ACT_GE_BYTEARRAY` (`ID_`) ON DELETE RESTRICT ON UPDATE RESTRICT,
  CONSTRAINT `ACT_FK_JOB_EXCEPTION` FOREIGN KEY (`EXCEPTION_STACK_ID_`) REFERENCES `ACT_GE_BYTEARRAY` (`ID_`) ON DELETE RESTRICT ON UPDATE RESTRICT,
  CONSTRAINT `ACT_FK_JOB_EXECUTION` FOREIGN KEY (`EXECUTION_ID_`) REFERENCES `ACT_RU_EXECUTION` (`ID_`) ON DELETE RESTRICT ON UPDATE RESTRICT,
  CONSTRAINT `ACT_FK_JOB_PROCESS_INSTANCE` FOREIGN KEY (`PROCESS_INSTANCE_ID_`) REFERENCES `ACT_RU_EXECUTION` (`ID_`) ON DELETE RESTRICT ON UPDATE RESTRICT,
  CONSTRAINT `ACT_FK_JOB_PROC_DEF` FOREIGN KEY (`PROC_DEF_ID_`) REFERENCES `ACT_RE_PROCDEF` (`ID_`) ON DELETE RESTRICT ON UPDATE RESTRICT
) ENGINE = InnoDB CHARACTER SET = utf8 COLLATE = utf8_bin ROW_FORMAT = Compact;

-- ----------------------------
-- Table structure for ACT_RU_SUSPENDED_JOB
-- ----------------------------
DROP TABLE IF EXISTS `ACT_RU_SUSPENDED_JOB`;
CREATE TABLE `ACT_RU_SUSPENDED_JOB`  (
  `ID_` varchar(64) CHARACTER SET utf8 COLLATE utf8_bin NOT NULL,
  `REV_` int(11) DEFAULT NULL,
  `TYPE_` varchar(255) CHARACTER SET utf8 COLLATE utf8_bin NOT NULL,
  `EXCLUSIVE_` tinyint(1) DEFAULT NULL,
  `EXECUTION_ID_` varchar(64) CHARACTER SET utf8 COLLATE utf8_bin DEFAULT NULL,
  `PROCESS_INSTANCE_ID_` varchar(64) CHARACTER SET utf8 COLLATE utf8_bin DEFAULT NULL,
  `PROC_DEF_ID_` varchar(64) CHARACTER SET utf8 COLLATE utf8_bin DEFAULT NULL,
  `SCOPE_ID_` varchar(255) CHARACTER SET utf8 COLLATE utf8_bin DEFAULT NULL,
  `SUB_SCOPE_ID_` varchar(255) CHARACTER SET utf8 COLLATE utf8_bin DEFAULT NULL,
  `SCOPE_TYPE_` varchar(255) CHARACTER SET utf8 COLLATE utf8_bin DEFAULT NULL,
  `SCOPE_DEFINITION_ID_` varchar(255) CHARACTER SET utf8 COLLATE utf8_bin DEFAULT NULL,
  `RETRIES_` int(11) DEFAULT NULL,
  `EXCEPTION_STACK_ID_` varchar(64) CHARACTER SET utf8 COLLATE utf8_bin DEFAULT NULL,
  `EXCEPTION_MSG_` varchar(4000) CHARACTER SET utf8 COLLATE utf8_bin DEFAULT NULL,
  `DUEDATE_` timestamp(3) DEFAULT NULL,
  `REPEAT_` varchar(255) CHARACTER SET utf8 COLLATE utf8_bin DEFAULT NULL,
  `HANDLER_TYPE_` varchar(255) CHARACTER SET utf8 COLLATE utf8_bin DEFAULT NULL,
  `HANDLER_CFG_` varchar(4000) CHARACTER SET utf8 COLLATE utf8_bin DEFAULT NULL,
  `CUSTOM_VALUES_ID_` varchar(64) CHARACTER SET utf8 COLLATE utf8_bin DEFAULT NULL,
  `CREATE_TIME_` timestamp(3) DEFAULT NULL,
  `TENANT_ID_` varchar(255) CHARACTER SET utf8 COLLATE utf8_bin DEFAULT '',
  PRIMARY KEY (`ID_`) USING BTREE,
  INDEX `ACT_IDX_SUSPENDED_JOB_EXCEPTION_STACK_ID`(`EXCEPTION_STACK_ID_`) USING BTREE,
  INDEX `ACT_IDX_SUSPENDED_JOB_CUSTOM_VALUES_ID`(`CUSTOM_VALUES_ID_`) USING BTREE,
  INDEX `ACT_IDX_SJOB_SCOPE`(`SCOPE_ID_`, `SCOPE_TYPE_`) USING BTREE,
  INDEX `ACT_IDX_SJOB_SUB_SCOPE`(`SUB_SCOPE_ID_`, `SCOPE_TYPE_`) USING BTREE,
  INDEX `ACT_IDX_SJOB_SCOPE_DEF`(`SCOPE_DEFINITION_ID_`, `SCOPE_TYPE_`) USING BTREE,
  INDEX `ACT_FK_SUSPENDED_JOB_EXECUTION`(`EXECUTION_ID_`) USING BTREE,
  INDEX `ACT_FK_SUSPENDED_JOB_PROCESS_INSTANCE`(`PROCESS_INSTANCE_ID_`) USING BTREE,
  INDEX `ACT_FK_SUSPENDED_JOB_PROC_DEF`(`PROC_DEF_ID_`) USING BTREE,
  CONSTRAINT `ACT_FK_SUSPENDED_JOB_CUSTOM_VALUES` FOREIGN KEY (`CUSTOM_VALUES_ID_`) REFERENCES `ACT_GE_BYTEARRAY` (`ID_`) ON DELETE RESTRICT ON UPDATE RESTRICT,
  CONSTRAINT `ACT_FK_SUSPENDED_JOB_EXCEPTION` FOREIGN KEY (`EXCEPTION_STACK_ID_`) REFERENCES `ACT_GE_BYTEARRAY` (`ID_`) ON DELETE RESTRICT ON UPDATE RESTRICT,
  CONSTRAINT `ACT_FK_SUSPENDED_JOB_EXECUTION` FOREIGN KEY (`EXECUTION_ID_`) REFERENCES `ACT_RU_EXECUTION` (`ID_`) ON DELETE RESTRICT ON UPDATE RESTRICT,
  CONSTRAINT `ACT_FK_SUSPENDED_JOB_PROCESS_INSTANCE` FOREIGN KEY (`PROCESS_INSTANCE_ID_`) REFERENCES `ACT_RU_EXECUTION` (`ID_`) ON DELETE RESTRICT ON UPDATE RESTRICT,
  CONSTRAINT `ACT_FK_SUSPENDED_JOB_PROC_DEF` FOREIGN KEY (`PROC_DEF_ID_`) REFERENCES `ACT_RE_PROCDEF` (`ID_`) ON DELETE RESTRICT ON UPDATE RESTRICT
) ENGINE = InnoDB CHARACTER SET = utf8 COLLATE = utf8_bin ROW_FORMAT = Compact;

-- ----------------------------
-- Table structure for ACT_RU_TASK
-- ----------------------------
DROP TABLE IF EXISTS `ACT_RU_TASK`;
CREATE TABLE `ACT_RU_TASK`  (
  `ID_` varchar(64) CHARACTER SET utf8 COLLATE utf8_bin NOT NULL DEFAULT '',
  `REV_` int(11) DEFAULT NULL,
  `EXECUTION_ID_` varchar(64) CHARACTER SET utf8 COLLATE utf8_bin DEFAULT NULL,
  `PROC_INST_ID_` varchar(64) CHARACTER SET utf8 COLLATE utf8_bin DEFAULT NULL,
  `PROC_DEF_ID_` varchar(64) CHARACTER SET utf8 COLLATE utf8_bin DEFAULT NULL,
  `TASK_DEF_ID_` varchar(64) CHARACTER SET utf8 COLLATE utf8_bin DEFAULT NULL,
  `SCOPE_ID_` varchar(255) CHARACTER SET utf8 COLLATE utf8_bin DEFAULT NULL,
  `SUB_SCOPE_ID_` varchar(255) CHARACTER SET utf8 COLLATE utf8_bin DEFAULT NULL,
  `SCOPE_TYPE_` varchar(255) CHARACTER SET utf8 COLLATE utf8_bin DEFAULT NULL,
  `SCOPE_DEFINITION_ID_` varchar(255) CHARACTER SET utf8 COLLATE utf8_bin DEFAULT NULL,
  `NAME_` varchar(255) CHARACTER SET utf8 COLLATE utf8_bin DEFAULT NULL,
  `PARENT_TASK_ID_` varchar(64) CHARACTER SET utf8 COLLATE utf8_bin DEFAULT NULL,
  `DESCRIPTION_` varchar(4000) CHARACTER SET utf8 COLLATE utf8_bin DEFAULT NULL,
  `TASK_DEF_KEY_` varchar(255) CHARACTER SET utf8 COLLATE utf8_bin DEFAULT NULL,
  `OWNER_` varchar(255) CHARACTER SET utf8 COLLATE utf8_bin DEFAULT NULL,
  `ASSIGNEE_` varchar(255) CHARACTER SET utf8 COLLATE utf8_bin DEFAULT NULL,
  `DELEGATION_` varchar(64) CHARACTER SET utf8 COLLATE utf8_bin DEFAULT NULL,
  `PRIORITY_` int(11) DEFAULT NULL,
  `CREATE_TIME_` timestamp(3) DEFAULT NULL,
  `DUE_DATE_` datetime(3) DEFAULT NULL,
  `CATEGORY_` varchar(255) CHARACTER SET utf8 COLLATE utf8_bin DEFAULT NULL,
  `SUSPENSION_STATE_` int(11) DEFAULT NULL,
  `TENANT_ID_` varchar(255) CHARACTER SET utf8 COLLATE utf8_bin DEFAULT '',
  `FORM_KEY_` varchar(255) CHARACTER SET utf8 COLLATE utf8_bin DEFAULT NULL,
  `CLAIM_TIME_` datetime(3) DEFAULT NULL,
  `IS_COUNT_ENABLED_` tinyint(4) DEFAULT NULL,
  `VAR_COUNT_` int(11) DEFAULT NULL,
  `ID_LINK_COUNT_` int(11) DEFAULT NULL,
  `SUB_TASK_COUNT_` int(11) DEFAULT NULL,
  PRIMARY KEY (`ID_`) USING BTREE,
  INDEX `ACT_IDX_TASK_CREATE`(`CREATE_TIME_`) USING BTREE,
  INDEX `ACT_IDX_TASK_SCOPE`(`SCOPE_ID_`, `SCOPE_TYPE_`) USING BTREE,
  INDEX `ACT_IDX_TASK_SUB_SCOPE`(`SUB_SCOPE_ID_`, `SCOPE_TYPE_`) USING BTREE,
  INDEX `ACT_IDX_TASK_SCOPE_DEF`(`SCOPE_DEFINITION_ID_`, `SCOPE_TYPE_`) USING BTREE,
  INDEX `ACT_FK_TASK_EXE`(`EXECUTION_ID_`) USING BTREE,
  INDEX `ACT_FK_TASK_PROCINST`(`PROC_INST_ID_`) USING BTREE,
  INDEX `ACT_FK_TASK_PROCDEF`(`PROC_DEF_ID_`) USING BTREE,
  CONSTRAINT `ACT_FK_TASK_EXE` FOREIGN KEY (`EXECUTION_ID_`) REFERENCES `ACT_RU_EXECUTION` (`ID_`) ON DELETE RESTRICT ON UPDATE RESTRICT,
  CONSTRAINT `ACT_FK_TASK_PROCDEF` FOREIGN KEY (`PROC_DEF_ID_`) REFERENCES `ACT_RE_PROCDEF` (`ID_`) ON DELETE RESTRICT ON UPDATE RESTRICT,
  CONSTRAINT `ACT_FK_TASK_PROCINST` FOREIGN KEY (`PROC_INST_ID_`) REFERENCES `ACT_RU_EXECUTION` (`ID_`) ON DELETE RESTRICT ON UPDATE RESTRICT
) ENGINE = InnoDB CHARACTER SET = utf8 COLLATE = utf8_bin ROW_FORMAT = Compact;

-- ----------------------------
-- Records of ACT_RU_TASK
-- ----------------------------
INSERT INTO `ACT_RU_TASK` VALUES ('22775a4a-4af9-11e9-a8a6-144f8ac1fca1', 1, '226cfa05-4af9-11e9-a8a6-144f8ac1fca1', '226cfa01-4af9-11e9-a8a6-144f8ac1fca1', '官方流程pgg:1:e0593c47-4af8-11e9-a8a6-144f8ac1fca1', NULL, NULL, NULL, NULL, NULL, 'cgl', NULL, NULL, 'sid-EB159CA6-00D2-4498-A49F-6D7B88B674F9', NULL, 'admin', NULL, 50, '2019-03-20 18:15:49.642', NULL, NULL, 1, '', '基本信息', NULL, 1, 0, 0, 0);
INSERT INTO `ACT_RU_TASK` VALUES ('a0da332b-4af8-11e9-a8a6-144f8ac1fca1', 1, 'a0d6fed8-4af8-11e9-a8a6-144f8ac1fca1', 'a0d5ed65-4af8-11e9-a8a6-144f8ac1fca1', '测试:3:f48e1374-4af7-11e9-a8a6-144f8ac1fca1', NULL, NULL, NULL, NULL, NULL, NULL, NULL, NULL, 'sid-01B65C3F-855F-4035-B142-E6AF97FE2988', NULL, NULL, NULL, 50, '2019-03-20 18:12:12.249', NULL, NULL, 1, '', NULL, NULL, 1, 0, 0, 0);

-- ----------------------------
-- Table structure for ACT_RU_TIMER_JOB
-- ----------------------------
DROP TABLE IF EXISTS `ACT_RU_TIMER_JOB`;
CREATE TABLE `ACT_RU_TIMER_JOB`  (
  `ID_` varchar(64) CHARACTER SET utf8 COLLATE utf8_bin NOT NULL,
  `REV_` int(11) DEFAULT NULL,
  `TYPE_` varchar(255) CHARACTER SET utf8 COLLATE utf8_bin NOT NULL,
  `LOCK_EXP_TIME_` timestamp(3) DEFAULT NULL,
  `LOCK_OWNER_` varchar(255) CHARACTER SET utf8 COLLATE utf8_bin DEFAULT NULL,
  `EXCLUSIVE_` tinyint(1) DEFAULT NULL,
  `EXECUTION_ID_` varchar(64) CHARACTER SET utf8 COLLATE utf8_bin DEFAULT NULL,
  `PROCESS_INSTANCE_ID_` varchar(64) CHARACTER SET utf8 COLLATE utf8_bin DEFAULT NULL,
  `PROC_DEF_ID_` varchar(64) CHARACTER SET utf8 COLLATE utf8_bin DEFAULT NULL,
  `SCOPE_ID_` varchar(255) CHARACTER SET utf8 COLLATE utf8_bin DEFAULT NULL,
  `SUB_SCOPE_ID_` varchar(255) CHARACTER SET utf8 COLLATE utf8_bin DEFAULT NULL,
  `SCOPE_TYPE_` varchar(255) CHARACTER SET utf8 COLLATE utf8_bin DEFAULT NULL,
  `SCOPE_DEFINITION_ID_` varchar(255) CHARACTER SET utf8 COLLATE utf8_bin DEFAULT NULL,
  `RETRIES_` int(11) DEFAULT NULL,
  `EXCEPTION_STACK_ID_` varchar(64) CHARACTER SET utf8 COLLATE utf8_bin DEFAULT NULL,
  `EXCEPTION_MSG_` varchar(4000) CHARACTER SET utf8 COLLATE utf8_bin DEFAULT NULL,
  `DUEDATE_` timestamp(3) DEFAULT NULL,
  `REPEAT_` varchar(255) CHARACTER SET utf8 COLLATE utf8_bin DEFAULT NULL,
  `HANDLER_TYPE_` varchar(255) CHARACTER SET utf8 COLLATE utf8_bin DEFAULT NULL,
  `HANDLER_CFG_` varchar(4000) CHARACTER SET utf8 COLLATE utf8_bin DEFAULT NULL,
  `CUSTOM_VALUES_ID_` varchar(64) CHARACTER SET utf8 COLLATE utf8_bin DEFAULT NULL,
  `CREATE_TIME_` timestamp(3) DEFAULT NULL,
  `TENANT_ID_` varchar(255) CHARACTER SET utf8 COLLATE utf8_bin DEFAULT '',
  PRIMARY KEY (`ID_`) USING BTREE,
  INDEX `ACT_IDX_TIMER_JOB_EXCEPTION_STACK_ID`(`EXCEPTION_STACK_ID_`) USING BTREE,
  INDEX `ACT_IDX_TIMER_JOB_CUSTOM_VALUES_ID`(`CUSTOM_VALUES_ID_`) USING BTREE,
  INDEX `ACT_IDX_TJOB_SCOPE`(`SCOPE_ID_`, `SCOPE_TYPE_`) USING BTREE,
  INDEX `ACT_IDX_TJOB_SUB_SCOPE`(`SUB_SCOPE_ID_`, `SCOPE_TYPE_`) USING BTREE,
  INDEX `ACT_IDX_TJOB_SCOPE_DEF`(`SCOPE_DEFINITION_ID_`, `SCOPE_TYPE_`) USING BTREE,
  INDEX `ACT_FK_TIMER_JOB_EXECUTION`(`EXECUTION_ID_`) USING BTREE,
  INDEX `ACT_FK_TIMER_JOB_PROCESS_INSTANCE`(`PROCESS_INSTANCE_ID_`) USING BTREE,
  INDEX `ACT_FK_TIMER_JOB_PROC_DEF`(`PROC_DEF_ID_`) USING BTREE,
  CONSTRAINT `ACT_FK_TIMER_JOB_CUSTOM_VALUES` FOREIGN KEY (`CUSTOM_VALUES_ID_`) REFERENCES `ACT_GE_BYTEARRAY` (`ID_`) ON DELETE RESTRICT ON UPDATE RESTRICT,
  CONSTRAINT `ACT_FK_TIMER_JOB_EXCEPTION` FOREIGN KEY (`EXCEPTION_STACK_ID_`) REFERENCES `ACT_GE_BYTEARRAY` (`ID_`) ON DELETE RESTRICT ON UPDATE RESTRICT,
  CONSTRAINT `ACT_FK_TIMER_JOB_EXECUTION` FOREIGN KEY (`EXECUTION_ID_`) REFERENCES `ACT_RU_EXECUTION` (`ID_`) ON DELETE RESTRICT ON UPDATE RESTRICT,
  CONSTRAINT `ACT_FK_TIMER_JOB_PROCESS_INSTANCE` FOREIGN KEY (`PROCESS_INSTANCE_ID_`) REFERENCES `ACT_RU_EXECUTION` (`ID_`) ON DELETE RESTRICT ON UPDATE RESTRICT,
  CONSTRAINT `ACT_FK_TIMER_JOB_PROC_DEF` FOREIGN KEY (`PROC_DEF_ID_`) REFERENCES `ACT_RE_PROCDEF` (`ID_`) ON DELETE RESTRICT ON UPDATE RESTRICT
) ENGINE = InnoDB CHARACTER SET = utf8 COLLATE = utf8_bin ROW_FORMAT = Compact;

-- ----------------------------
-- Table structure for ACT_RU_VARIABLE
-- ----------------------------
DROP TABLE IF EXISTS `ACT_RU_VARIABLE`;
CREATE TABLE `ACT_RU_VARIABLE`  (
  `ID_` varchar(64) CHARACTER SET utf8 COLLATE utf8_bin NOT NULL,
  `REV_` int(11) DEFAULT NULL,
  `TYPE_` varchar(255) CHARACTER SET utf8 COLLATE utf8_bin NOT NULL,
  `NAME_` varchar(255) CHARACTER SET utf8 COLLATE utf8_bin NOT NULL,
  `EXECUTION_ID_` varchar(64) CHARACTER SET utf8 COLLATE utf8_bin DEFAULT NULL,
  `PROC_INST_ID_` varchar(64) CHARACTER SET utf8 COLLATE utf8_bin DEFAULT NULL,
  `TASK_ID_` varchar(64) CHARACTER SET utf8 COLLATE utf8_bin DEFAULT NULL,
  `SCOPE_ID_` varchar(255) CHARACTER SET utf8 COLLATE utf8_bin DEFAULT NULL,
  `SUB_SCOPE_ID_` varchar(255) CHARACTER SET utf8 COLLATE utf8_bin DEFAULT NULL,
  `SCOPE_TYPE_` varchar(255) CHARACTER SET utf8 COLLATE utf8_bin DEFAULT NULL,
  `BYTEARRAY_ID_` varchar(64) CHARACTER SET utf8 COLLATE utf8_bin DEFAULT NULL,
  `DOUBLE_` double DEFAULT NULL,
  `LONG_` bigint(20) DEFAULT NULL,
  `TEXT_` varchar(4000) CHARACTER SET utf8 COLLATE utf8_bin DEFAULT NULL,
  `TEXT2_` varchar(4000) CHARACTER SET utf8 COLLATE utf8_bin DEFAULT NULL,
  PRIMARY KEY (`ID_`) USING BTREE,
  INDEX `ACT_IDX_RU_VAR_SCOPE_ID_TYPE`(`SCOPE_ID_`, `SCOPE_TYPE_`) USING BTREE,
  INDEX `ACT_IDX_RU_VAR_SUB_ID_TYPE`(`SUB_SCOPE_ID_`, `SCOPE_TYPE_`) USING BTREE,
  INDEX `ACT_FK_VAR_BYTEARRAY`(`BYTEARRAY_ID_`) USING BTREE,
  INDEX `ACT_IDX_VARIABLE_TASK_ID`(`TASK_ID_`) USING BTREE,
  INDEX `ACT_FK_VAR_EXE`(`EXECUTION_ID_`) USING BTREE,
  INDEX `ACT_FK_VAR_PROCINST`(`PROC_INST_ID_`) USING BTREE,
  CONSTRAINT `ACT_FK_VAR_BYTEARRAY` FOREIGN KEY (`BYTEARRAY_ID_`) REFERENCES `ACT_GE_BYTEARRAY` (`ID_`) ON DELETE RESTRICT ON UPDATE RESTRICT,
  CONSTRAINT `ACT_FK_VAR_EXE` FOREIGN KEY (`EXECUTION_ID_`) REFERENCES `ACT_RU_EXECUTION` (`ID_`) ON DELETE RESTRICT ON UPDATE RESTRICT,
  CONSTRAINT `ACT_FK_VAR_PROCINST` FOREIGN KEY (`PROC_INST_ID_`) REFERENCES `ACT_RU_EXECUTION` (`ID_`) ON DELETE RESTRICT ON UPDATE RESTRICT
) ENGINE = InnoDB CHARACTER SET = utf8 COLLATE = utf8_bin ROW_FORMAT = Compact;

-- ----------------------------
-- Records of ACT_RU_VARIABLE
-- ----------------------------
INSERT INTO `ACT_RU_VARIABLE` VALUES ('226cfa02-4af9-11e9-a8a6-144f8ac1fca1', 1, 'string', 'initiator', '226cfa01-4af9-11e9-a8a6-144f8ac1fca1', '226cfa01-4af9-11e9-a8a6-144f8ac1fca1', NULL, NULL, NULL, NULL, NULL, NULL, NULL, 'admin', NULL);
INSERT INTO `ACT_RU_VARIABLE` VALUES ('226cfa04-4af9-11e9-a8a6-144f8ac1fca1', 1, 'string', 'continent', '226cfa01-4af9-11e9-a8a6-144f8ac1fca1', '226cfa01-4af9-11e9-a8a6-144f8ac1fca1', NULL, NULL, NULL, NULL, NULL, NULL, NULL, '中共', NULL);
INSERT INTO `ACT_RU_VARIABLE` VALUES ('a0d61476-4af8-11e9-a8a6-144f8ac1fca1', 1, 'string', 'initiator', 'a0d5ed65-4af8-11e9-a8a6-144f8ac1fca1', 'a0d5ed65-4af8-11e9-a8a6-144f8ac1fca1', NULL, NULL, NULL, NULL, NULL, NULL, NULL, 'admin', NULL);

SET FOREIGN_KEY_CHECKS = 1;
